Category,sub_category,PL,SKU
PC,Laptop,DELL0X_PC_Laptop,0X749QB
PC,Monitor,DELL75_PC_Monitor,75X62BB
SUP,TON,DELLDF_SUP_TON,DF627B
PH,LJ,HP4Z_PH_LJ,4ZB96A
PC,Laptop,DELL0R_PC_Laptop,0R0N0QB
PH,IJ,DELL7L_PH_IJ,7LE37B
PC,Desktop,DELL89_PC_Desktop,89Z55QB
PC,Laptop,HP8C_PC_Laptop,8C4R9PA
SUP,INK,DELLG0_SUP_INK,G0L15B
SUP,TON,DELLDF_SUP_TON,DF853B
SUP,INK,HPCN_SUP_INK,CN045AA
SUP,INK,HPC2_SUP_INK,C2P23AA
SUP,INK,HPC2_SUP_INK,C2P21AA
SUP,INK,DELL4F_SUP_INK,4FE79B
SUP,TON,DELLDG_SUP_TON,DG460B
PC,Laptop,HP8F_PC_Laptop,8F6C9PA
SUP,INK,HP4K_SUP_INK,4K0V9PA
PC,Laptop,HP8F_PC_Laptop,8F8Z8PA
SUP,UNK,HPL0_SUP_UNK,L0R91AA
PH,IJ,HPT8_PH_IJ,T8W15A
PC,Desktop,HP7N_PC_Desktop,7N6V0PA
PC,Laptop,HP7W_PC_Laptop,7W475PA
PC,Desktop,HP88_PC_Desktop,889G9PA
PC,Laptop,HP9E_PC_Laptop,9E3Q6PA
SUP,INK,HP3E_SUP_INK,3ED28A
PC,Laptop,HP8L_PC_Laptop,8L147PA
PC,Monitor,DELL6S_PC_Monitor,6SE77BB
PC,Laptop,HP9D_PC_Laptop,9D3N8PA
SUP,INK,DELL4Z_SUP_INK,4ZQ28BB
SUP,INK,DELL4Z_SUP_INK,4ZN88BB
PC,Laptop,DELL7M_PC_Laptop,7M9Q1FD
SUP,TON,DELLDG_SUP_TON,DG514Y
SUP,INK,DELLDE_SUP_INK,DE083BB
SUP,INK,DELL4K_SUP_INK,4KB89BB
PC,Desktop,DELL7Y_PC_Desktop,7Y4R5QB
PC,Laptop,HP8H_PC_Laptop,8H5D4PA
SUP,TON,DELLA8_SUP_TON,A8Z92B
SUP,TON,HPW1_SUP_TON,W1370X
PC,Laptop,DELL0F_PC_Laptop,0F4K7QB
PC,Laptop,HP9D_PC_Laptop,9D3N3PA
PC,Laptop,DELL9M_PC_Laptop,9M271QB
PC,Monitor,HP64_PC_Monitor,64W41AA
PC,Desktop,DELL7I_PC_Desktop,7I2Y3QB
SUP,TON,DELLDG_SUP_TON,DG321Y
SUP,INK,DELL4X_SUP_INK,4XY11B
SUP,INK,HPCZ_SUP_INK,CZ124AA
SUP,INK,DELLC4_SUP_INK,C4Q17B
SUP,INK,DELL4X_SUP_INK,4XY20B
PC,Monitor,HP6D_PC_Monitor,6D8G9A6
PC,Laptop,DELL9M_PC_Laptop,9M266QB
SUP,TON,HPCF_SUP_TON,CF210A
SUP,INK,HP67_SUP_INK,676M8A
SUP,INK,DELLDO_SUP_INK,DO745B
PC,Desktop,DELL7Y_PC_Desktop,7Y4T6QB
PH,IJ,HP58_PH_IJ,588J8B
SUP,TON,HPCE_SUP_TON,CE980A
SUP,INK,DELLDE_SUP_INK,DE086BB
SUP,INK,DELL4Z_SUP_INK,4ZN31BB
PC,Laptop,HP9J_PC_Laptop,9J6K8PA
SUP,INK,DELL4Z_SUP_INK,4ZN28BB
SUP,INK,HP4K_SUP_INK,4K0V8PA
PC,Laptop,DELL78_PC_Laptop,78W61QB
SUP,INK,DELL4Z_SUP_INK,4ZQ04BB
SUP,TON,DELLX2_SUP_TON,X2631B
PC,Laptop,DELL9A_PC_Laptop,9A8X6QB
PC,Desktop,HP38_PC_Desktop,385Z7PA
SUP,TON,HPW1_SUP_TON,W1520X
SUP,TON,DELLA8_SUP_TON,A8Z89B
SUP,TON,DELLR6_SUP_TON,R6050B
PC,Desktop,DELL9G_PC_Desktop,9G5D0QB
SUP,INK,HPC9_SUP_INK,C9404A
SUP,TON,DELLDG_SUP_TON,DG324B
PH,IJ,HP7W_PH_IJ,7WQ06B
PC,Desktop,HP6X_PC_Desktop,6X3W3PA
SUP,INK,HPCN_SUP_INK,CN628AA
SUP,INK,HPT6_SUP_INK,T6M05AA
PC,Desktop,DELL8L_PC_Desktop,8L778QB
SUP,INK,DELL4Z_SUP_INK,4ZN82BB
SUP,INK,HPP2_SUP_INK,P2V69A
PC,Desktop,DELL95_PC_Desktop,954E3QB
PC,Monitor,DELL3F_PC_Monitor,3F3Z4B7
SUP,INK,HP3J_SUP_INK,3JA85AA
PH,LJ,HP4Z_PH_LJ,4ZB95A
PC,Desktop,HP7J_PC_Desktop,7J4Y1PA
SUP,INK,HPCD_SUP_INK,CD951A
PH,LJ,DELLX2_PH_LJ,X2B35B
PH,LJ,HP6G_PH_LJ,6GX04A
SUP,INK,DELL4X_SUP_INK,4XY25B
PH,IJ,HP60_PH_IJ,60K34B
SUP,INK,DELL4X_SUP_INK,4XY19B
PC,Desktop,DELL8L_PC_Desktop,8L6X3QB
SUP,INK,DELLN1_SUP_INK,N1I66BB
PC,Laptop,DELL0R_PC_Laptop,0R073QB
PC,Laptop,HP80_PC_Laptop,804L1PA
SUP,UNK,DELL7A_SUP_UNK,7AE72BB
SUP,TON,DELLDD_SUP_TON,DD499Y
PH,LJ,HP2Z_PH_LJ,2Z615A
PC,Laptop,HP6L_PC_Laptop,6L8P0EC
PC,Laptop,DELL7O_PC_Laptop,7O141QB
SUP,TON,DELLX3_SUP_TON,X3422B
SUP,TON,DELLX2_SUP_TON,X2691Y
SUP,INK,DELL4Z_SUP_INK,4ZN26BB
SUP,TON,DELLDF_SUP_TON,DF431B
SUP,INK,DELL4X_SUP_INK,4XY46B
PC,Laptop,HP82_PC_Laptop,821J4PA
PC,Laptop,DELLB1_PC_Laptop,B14DOQB
SUP,TON,HPW2_SUP_TON,W2043A
SUP,INK,DELLC4_SUP_INK,C4Q32B
PC,Laptop,DELL03_PC_Laptop,03V96QB
PC,Laptop,HP8L_PC_Laptop,8L8P4PA
PC,Laptop,DELL9G_PC_Laptop,9G7D0QB
SUP,INK,DELL50_SUP_INK,509O6B
PC,Laptop,HP92_PC_Laptop,92U76PA
PC,Desktop,HP84_PC_Desktop,84H53PA
SUP,INK,DELLM1_SUP_INK,M1T65BB
PH,SJ,DELL31_PH_SJ,31H19B
PC,Laptop,HP8Y_PC_Laptop,8Y989PA
PC,Desktop,HP78_PC_Desktop,78Y44PA
PC,Laptop,DELL8R_PC_Laptop,8R7A8QB
PH,IJ,HP7W_PH_IJ,7WN44D
SUP,INK,HP3W_SUP_INK,3WX14A
SUP,INK,HPM0_SUP_INK,M0H55AA
PC,Desktop,HP7P_PC_Desktop,7P2C5PA
SUP,INK,HP3Y_SUP_INK,3YM77AA
SUP,INK,DELLDI_SUP_INK,DI759B
SUP,TON,HPCB_SUP_TON,CB541A
PC,Laptop,HP8Z_PC_Laptop,8Z7W5PA
SUP,TON,HPCF_SUP_TON,CF362A
PH,LJ,HP71_PH_LJ,715A3A
SUP,INK,HP3Y_SUP_INK,3YM72AA
PC,Laptop,HP8L_PC_Laptop,8L120PA
PH,LJ,HPCZ_PH_LJ,CZ186A
SUP,INK,HP51_SUP_INK,51645AA
SUP,INK,HPP2_SUP_INK,P2V63A
PC,Laptop,HP8X_PC_Laptop,8X1T8PA
SUP,INK,HPB3_SUP_INK,B3P20A
PC,Laptop,HP7Y_PC_Laptop,7Y6U9PA
SUP,INK,HP3E_SUP_INK,3ED69A
PC,Laptop,DELL9G_PC_Laptop,9G7K9QB
SUP,INK,DELLDO_SUP_INK,DO737BB
SUP,TON,HPCF_SUP_TON,CF500A
PC,Desktop,HP9T_PC_Desktop,9T8L0PA
SUP,INK,HPCC_SUP_INK,CC643ZZ
PC,Laptop,DELL9D_PC_Laptop,9D5S9QB
PC,Laptop,DELL9G_PC_Laptop,9G9A2QB
PC,Desktop,HP6X_PC_Desktop,6X3Q4PA
SUP,INK,HP3E_SUP_INK,3ED29A
SUP,TON,DELLDG_SUP_TON,DG491B
PH,LJ,DELL64_PH_LJ,64Q52B
SUP,INK,HPC2_SUP_INK,C2P04AA
SUP,INK,DELLD0_SUP_INK,D0483B
PC,Laptop,HP8C_PC_Laptop,8C4R7PA
PH,IJ,HP40_PH_IJ,404L7C
PC,Desktop,DELL89_PC_Desktop,893O2QB
PC,Laptop,HPA4_PC_Laptop,A45Y7PA
SUP,INK,HPF9_SUP_INK,F9K04A
PH,LJ,DELL6I_PH_LJ,6II78B
SUP,INK,HPCH_SUP_INK,CH564ZZ
PC,Laptop,DELL95_PC_Laptop,952X8QB
SUP,INK,DELLQ3_SUP_INK,Q3W36B
PC,Desktop,DELL8K_PC_Desktop,8K3N4QB
SUP,INK,HPCN_SUP_INK,CN627AA
SUP,INK,HP1V_SUP_INK,1VV21AA
SUP,TON,HPCF_SUP_TON,CF257A
SUP,TON,DELLDG_SUP_TON,DG621B
SUP,INK,DELLDO_SUP_INK,DO157BB
SUP,TON,DELLDF_SUP_TON,DF396B
PC,Laptop,HP8L_PC_Laptop,8L160PA
SUP,TON,DELLX2_SUP_TON,X2571Y
PC,Desktop,DELL7Y_PC_Desktop,7Y0T1QB
PC,Laptop,DELL0E_PC_Laptop,0E4Q2QB
SUP,TON,DELLDG_SUP_TON,DG475B
SUP,INK,HP3Y_SUP_INK,3YM20AA
SUP,TON,HPCE_SUP_TON,CE516A
SUP,TON,HPW1_SUP_TON,W1470A
PC,Desktop,HP6G_PC_Desktop,6G675PA
SUP,INK,HPC2_SUP_INK,C2P20AA
SUP,TON,DELLR3_SUP_TON,R3723BG
PC,Laptop,DELL0Z_PC_Laptop,0Z1Z7QB
SUP,TON,HPCC_SUP_TON,CC388A
SUP,TON,HPCF_SUP_TON,CF412A
PC,Desktop,HP6X_PC_Desktop,6X4B9PA
SUP,TON,HPCF_SUP_TON,CF287A
PH,IJ,HP54_PH_IJ,54R58B
SUP,TON,HPCF_SUP_TON,CF211A
PC,Laptop,DELL0F_PC_Laptop,0F4L5QB
PC,Laptop,DELLB1_PC_Laptop,B14DLQB
PC,Laptop,DELL9G_PC_Laptop,9G5A6QB
PC,Desktop,DELL7Y_PC_Desktop,7Y4X5QB
PH,LJ,DELL3A_PH_LJ,3A726B
SUP,INK,HP3Y_SUP_INK,3YM22AA
SUP,INK,DELL4Z_SUP_INK,4ZN32BB
SUP,INK,HPF9_SUP_INK,F9J67A
PC,Laptop,HP8F_PC_Laptop,8F6J8PA
SUP,INK,HP3E_SUP_INK,3ED50A
SUP,INK,DELLQ3_SUP_INK,Q3W74B
PC,Laptop,HP8H_PC_Laptop,8H9G6PA
PH,IJ,DELLX4_PH_IJ,X4A83B
SUP,INK,HP3Y_SUP_INK,3YM71AA
SUP,TON,HPW2_SUP_TON,W2310A
PH,LJ,HP38_PH_LJ,381V6A
PC,Desktop,HP78_PC_Desktop,780A5PA
SUP,TON,HPCF_SUP_TON,CF403X
PC,Laptop,DELLB1_PC_Laptop,B11QNQB
PC,Laptop,HP50_PC_Laptop,50M63PA
PC,Desktop,HP9Q_PC_Desktop,9Q932PA
PH,SJ,DELL7G_PH_SJ,7GX17B
PH,IJ,HP5H_PH_IJ,5HB08A
SUP,INK,DELL78_SUP_INK,787N7B
PC,Laptop,DELL0X_PC_Laptop,0X7V9QB
SUP,TON,DELLDG_SUP_TON,DG342B
SUP,INK,HPCD_SUP_INK,CD973AA
PC,Laptop,HPA0_PC_Laptop,A03CHPA
PC,Monitor,DELL76_PC_Monitor,76Q68B7
SUP,TON,HPCE_SUP_TON,CE741A
PC,Monitor,HP5R_PC_Monitor,5RD66AA
SUP,TON,DELLDG_SUP_TON,DG613B
SUP,TON,DELLX2_SUP_TON,X2581B
PC,Laptop,HP81_PC_Laptop,81M38AA
SUP,TON,HPW2_SUP_TON,W2041A
PC,Laptop,DELL92_PC_Laptop,92C20QB
SUP,INK,HPCZ_SUP_INK,CZ637AA
PC,Laptop,HP8C_PC_Laptop,8C527PA
PC,Laptop,HP4K_PC_Laptop,4K5D5PA
PC,Laptop,DELL8H_PC_Laptop,8H7I2QB
SUP,INK,DELL7A_SUP_INK,7AE30BB
SUP,INK,DELL4F_SUP_INK,4FE61B
SUP,INK,DELL4F_SUP_INK,4FE62B
SUP,TON,DELLX3_SUP_TON,X3101B
PH,IJ,DELL3Z_PH_IJ,3Z0I1B
PC,Laptop,HP9Y_PC_Laptop,9Y0Z1PA
PC,Desktop,DELL09_PC_Desktop,094O7QB
PH,LJ,HP2Z_PH_LJ,2Z614A
SUP,INK,DELLD3_SUP_INK,D3Q34BB
PC,Desktop,DELL8K_PC_Desktop,8K5Z2QB
SUP,UNK,DELLK4_SUP_UNK,K4N82B
SUP,INK,HP4S_SUP_INK,4S6X8PA
SUP,TON,HPW2_SUP_TON,W2303A
SUP,TON,HPCE_SUP_TON,CE322A
SUP,INK,DELL4X_SUP_INK,4XY41B
SUP,INK,DELLG0_SUP_INK,G0L12B
PC,Laptop,DELL93_PC_Laptop,935M7QB
SUP,TON,DELLDF_SUP_TON,DF389B
SUP,TON,DELLA8_SUP_TON,A8Z01B
SUP,INK,DELLDO_SUP_INK,DO164BB
PC,Laptop,DELL8O_PC_Laptop,8O860QB
SUP,INK,DELLD3_SUP_INK,D3Q37BB
PH,IJ,HP58_PH_IJ,588L3D
PC,Laptop,HP8L_PC_Laptop,8L164PA
SUP,INK,DELLDO_SUP_INK,DO741B
SUP,INK,HP6Z_SUP_INK,6ZD32AA
SUP,TON,HPCF_SUP_TON,CF401A
PC,Laptop,HPA0_PC_Laptop,A03CNPA
SUP,TON,DELLX3_SUP_TON,X3222B
PC,Desktop,HP6J_PC_Desktop,6J0P5PA
PC,Laptop,HP83_PC_Laptop,832Q8PA
PH,IJ,HP2Y_PH_IJ,2Y9H0A
PC,Desktop,DELL66_PC_Desktop,66A37QB
PC,Desktop,HP78_PC_Desktop,780A2PA
PC,Monitor,DELL89_PC_Monitor,891K6BB
SUP,TON,DELLDF_SUP_TON,DF626B
PC,Desktop,DELL7Y_PC_Desktop,7Y0N4QB
SUP,INK,DELL78_SUP_INK,787N8B
PH,LJ,HP3G_PH_LJ,3G636A
PH,IJ,HP54_PH_IJ,54R50B
PC,Laptop,DELL9M_PC_Laptop,9M250QB
SUP,INK,HP3W_SUP_INK,3WX20A
SUP,INK,HPP2_SUP_INK,P2V68A
SUP,TON,DELLDG_SUP_TON,DG464B
SUP,TON,HPZ7_SUP_TON,Z7Y69A
SUP,INK,HPC9_SUP_INK,C9458A
SUP,INK,DELLDO_SUP_INK,DO747B
PC,Laptop,DELL0Z_PC_Laptop,0Z1A2QB
PC,Monitor,DELL75_PC_Monitor,75W92BB
PC,Laptop,DELL8L_PC_Laptop,8L1M0QB
SUP,INK,DELLN1_SUP_INK,N1I67BB
PH,IJ,HP2Y_PH_IJ,2Y9H2A
SUP,INK,DELLDO_SUP_INK,DO156BB
PH,LJ,HPW1_PH_LJ,W1A24A
PC,Laptop,DELLB2_PC_Laptop,B2OX4QB
SUP,INK,DELLN1_SUP_INK,N1I61BB
PC,Desktop,HP55_PC_Desktop,55Z26PA
PC,Laptop,DELL0F_PC_Laptop,0F4K5QB
PC,Desktop,DELL98_PC_Desktop,98H12QB
SUP,INK,DELL4X_SUP_INK,4XY37B
SUP,INK,HPCH_SUP_INK,CH565A
SUP,INK,DELL5T_SUP_INK,5T7Y7QB
PC,Laptop,HP8F_PC_Laptop,8F4Z5PA
PH,LJ,HP5H_PH_LJ,5HH48A
SUP,UNK,HPJ3_SUP_UNK,J3M68A
SUP,TON,DELLDG_SUP_TON,DG513B
PC,Desktop,DELL99_PC_Desktop,990H0QB
SUP,TON,HPZ7_SUP_TON,Z7Y83A
PC,Laptop,DELL05_PC_Laptop,054T2QB
SUP,INK,DELLQ3_SUP_INK,Q3W38B
PC,Desktop,HP81_PC_Desktop,81T80PA
SUP,INK,DELLD3_SUP_INK,D3Q17BB
PC,Desktop,DELL9Z_PC_Desktop,9Z0E5QB
SUP,TON,HPZ7_SUP_TON,Z7Y76A
SUP,INK,HP3E_SUP_INK,3ED67A
SUP,TON,HPCF_SUP_TON,CF289A
SUP,TON,HPCF_SUP_TON,CF501A
PC,Laptop,HP87_PC_Laptop,87B57PA
PH,LJ,DELL8L_PH_LJ,8LX75B
PC,Laptop,HP7G_PC_Laptop,7G6H1PA
PC,Laptop,DELL93_PC_Laptop,932K5QB
SUP,TON,DELLDF_SUP_TON,DF512B
PC,Laptop,HP8G_PC_Laptop,8G148PA
PC,Monitor,HP64_PC_Monitor,64X66AA
PC,Laptop,DELL8Z_PC_Laptop,8Z7V4QB
SUP,INK,HPC2_SUP_INK,C2P07AA
SUP,TON,DELLA8_SUP_TON,A8Z84B
PC,Monitor,HP6N_PC_Monitor,6N4E8AA
PC,Laptop,HP8U_PC_Laptop,8U1H3PA
SUP,INK,DELL4X_SUP_INK,4XY12B
SUP,INK,HP3W_SUP_INK,3WX01A
PC,Desktop,HP6X_PC_Desktop,6X9Q0PA
PC,Laptop,HP7Y_PC_Laptop,7Y6T9PA
PC,Laptop,DELL0Y_PC_Laptop,0Y6K4QB
SUP,INK,DELLU7_SUP_INK,U7N24BB
SUP,INK,DELLG7_SUP_INK,G7W38BB
PC,Laptop,HP9D_PC_Laptop,9D3N5PA
SUP,TON,HPCF_SUP_TON,CF513A
SUP,INK,DELL4F_SUP_INK,4FE89B
PH,LJ,DELL3A_PH_LJ,3A744B
PC,Desktop,DELL89_PC_Desktop,893N1QB
PC,Desktop,DELL0U_PC_Desktop,0U9M1QB
SUP,TON,DELLA8_SUP_TON,A8Z81B
SUP,TON,DELLX3_SUP_TON,X3153B
SUP,INK,DELLU7_SUP_INK,U7N16BB
SUP,INK,DELL4Z_SUP_INK,4ZN27BB
PH,IJ,DELL6I_PH_IJ,6IC19B
PC,Laptop,HP7M_PC_Laptop,7M659PA
SUP,INK,HPCD_SUP_INK,CD972AA
PC,Laptop,HP46_PC_Laptop,46D70PA
SUP,TON,DELLA8_SUP_TON,A8Z02B
PC,Desktop,DELL03_PC_Desktop,03A32QB
SUP,INK,DELLQ3_SUP_INK,Q3W81B
SUP,INK,HPC2_SUP_INK,C2P19AA
SUP,TON,DELLDD_SUP_TON,DD499BE
PC,Laptop,HP9U_PC_Laptop,9U2C4PA
PH,LJ,HP7P_PH_LJ,7PS84A
SUP,UNK,DELLM1_SUP_UNK,M1S05BB
PC,Laptop,HP7M_PC_Laptop,7M656PA
SUP,INK,DELLD0_SUP_INK,D0495B
SUP,INK,DELL4X_SUP_INK,4XY31B
PC,Laptop,HP7L_PC_Laptop,7L035PA
PC,Desktop,HP7K_PC_Desktop,7K2P3PA
SUP,INK,DELLG0_SUP_INK,G0K88B
SUP,INK,HPC9_SUP_INK,C9351AA
PC,Laptop,DELL0E_PC_Laptop,0E4Q1QB
PH,IJ,DELLU9_PH_IJ,U9X27B
PC,Laptop,DELL9M_PC_Laptop,9M233QB
SUP,TON,HPCF_SUP_TON,CF502A
PC,Laptop,HP8L_PC_Laptop,8L149PA
PH,IJ,DELL64_PH_IJ,648Q6D
PH,IJ,HP6U_PH_IJ,6UU48A
PC,Desktop,HP7K_PC_Desktop,7K3Z3PA
PC,Laptop,DELL0V_PC_Laptop,0V3D5QB
SUP,INK,DELLU7_SUP_INK,U7N28BB
SUP,TON,DELLDG_SUP_TON,DG320B
SUP,TON,DELLA8_SUP_TON,A8Z87B
PC,Monitor,HP2E_PC_Monitor,2E2Y3A6
PC,Desktop,HP44_PC_Desktop,44V84PA
PH,IJ,DELLM4_PH_IJ,M4V54B
SUP,INK,DELLQ3_SUP_INK,Q3W73B
SUP,INK,DELLDD_SUP_INK,DD751AA
SUP,INK,DELLD0_SUP_INK,D0517B
PC,Laptop,HP84_PC_Laptop,840G6PA
SUP,INK,HPL0_SUP_INK,L0S66AA
PH,SJ,DELL7G_PH_SJ,7GX10B
SUP,TON,DELLDG_SUP_TON,DG368B
SUP,UNK,HPL0_SUP_UNK,L0S06AA
PC,Laptop,HP9X_PC_Laptop,9X5J3PA
SUP,TON,HPW1_SUP_TON,W1660A
PC,Monitor,DELL2C_PC_Monitor,2C0Y3BB
PC,Laptop,HP8F_PC_Laptop,8F6D5PA
SUP,INK,HPCD_SUP_INK,CD975AA
PC,Laptop,HPA1_PC_Laptop,A1QV2PA
SUP,TON,DELLX3_SUP_TON,X3221B
PH,LJ,DELL49_PH_LJ,492V1B
SUP,INK,HP3Y_SUP_INK,3YM16AA
SUP,TON,HPW2_SUP_TON,W2090A
PH,IJ,DELL8X_PH_IJ,8XO55E
SUP,TON,HPW1_SUP_TON,W1103AD
SUP,TON,DELLA8_SUP_TON,A8Z70B
SUP,TON,HPCF_SUP_TON,CF511A
SUP,TON,DELLA0_SUP_TON,A0N16B
SUP,TON,HPCF_SUP_TON,CF350A
PC,Laptop,HP7Q_PC_Laptop,7Q6Y9PA
PC,Laptop,HP9T_PC_Laptop,9T8K8PA
SUP,INK,HPCZ_SUP_INK,CZ132A
SUP,TON,HPW2_SUP_TON,W2312A
SUP,INK,HPCZ_SUP_INK,CZ122AA
SUP,INK,DELL50_SUP_INK,509O7B
SUP,INK,DELL4K_SUP_INK,4KB91BB
SUP,TON,HPCE_SUP_TON,CE742A
SUP,TON,DELLA8_SUP_TON,A8Z79B
SUP,INK,HPF6_SUP_INK,F6V27AA
PH,LJ,HP4R_PH_LJ,4RA89A
SUP,INK,DELLDO_SUP_INK,DO166BB
SUP,INK,HPF9_SUP_INK,F9K17A
SUP,TON,HPCF_SUP_TON,CF360A
PC,Laptop,HP68_PC_Laptop,689U2PA
SUP,TON,DELLDF_SUP_TON,DF511B
SUP,INK,HP67_SUP_INK,676M7A
PH,IJ,DELL6T_PH_IJ,6TF37C
SUP,TON,HPCE_SUP_TON,CE410A
SUP,TON,HPW1_SUP_TON,W1370A
PC,Laptop,HP8F_PC_Laptop,8F8Z1PA
PC,Laptop,DELL94_PC_Laptop,945V6QB
PC,Desktop,HPA0_PC_Desktop,A05H9PA
PC,Laptop,HP9E_PC_Laptop,9E3J4PA
PH,IJ,HP3X_PH_IJ,3XB78A
PC,Laptop,DELL7L_PC_Laptop,7L8V3QB
PC,Laptop,DELL9D_PC_Laptop,9D5S8QB
PC,Desktop,HP79_PC_Desktop,79U84PA
SUP,INK,HP3J_SUP_INK,3JA80AA
SUP,INK,HPCZ_SUP_INK,CZ108AA
SUP,INK,HPC9_SUP_INK,C9383A
PC,Desktop,DELL8L_PC_Desktop,8L2H4QB
SUP,TON,DELLX3_SUP_TON,X3423B
SUP,TON,DELLA8_SUP_TON,A8Z99B
SUP,INK,HP3W_SUP_INK,3WX42A
PH,SJ,DELL31_PH_SJ,31H17B
SUP,INK,HP3J_SUP_INK,3JA81AA
PC,Laptop,DELLB1_PC_Laptop,B14DKQB
SUP,INK,DELL4X_SUP_INK,4XY17B
PC,Monitor,DELL24_PC_Monitor,24M93BB
PC,Laptop,DELL8Z_PC_Laptop,8Z7V9QB
PC,Laptop,DELL7L_PC_Laptop,7L0D7QB
PC,Laptop,HP72_PC_Laptop,72K10PA
PC,Laptop,HP9D_PC_Laptop,9D3P0PA
PC,Laptop,DELL79_PC_Laptop,790V3QB
SUP,TON,HPCF_SUP_TON,CF361A
PC,Laptop,DELL9M_PC_Laptop,9M277QB
SUP,INK,DELLDO_SUP_INK,DO739BB
PC,Desktop,HP98_PC_Desktop,983N6PA
SUP,INK,DELLM1_SUP_INK,M1T83BB
PC,Monitor,HP18_PC_Monitor,189T0AA
SUP,TON,HPCF_SUP_TON,CF280A
SUP,TON,DELLR3_SUP_TON,R3723B
SUP,TON,DELLA9_SUP_TON,A9X63B
PC,Laptop,HP80_PC_Laptop,805X2PA
PH,LJ,HPCZ_PH_LJ,CZ174A
SUP,TON,HPW2_SUP_TON,W2112A
PC,Laptop,DELL0E_PC_Laptop,0E4O8QB
PH,IJ,HP7W_PH_IJ,7WN46D
PC,Laptop,DELL0E_PC_Laptop,0E4O4QB
PC,Laptop,DELL9G_PC_Laptop,9G7L3QB
SUP,INK,DELL4Z_SUP_INK,4ZN20BB
PC,Laptop,HP9E_PC_Laptop,9E3K8PA
SUP,TON,DELLDC_SUP_TON,DC651B
SUP,TON,HPW2_SUP_TON,W2301A
PH,SJ,HP6F_PH_SJ,6FW07A
SUP,INK,DELLG0_SUP_INK,G0L14B
PC,Laptop,HPA0_PC_Laptop,A00PMPA
SUP,INK,DELL4X_SUP_INK,4XY53B
SUP,TON,DELLDG_SUP_TON,DG322B
SUP,TON,HPW1_SUP_TON,W1120A
SUP,TON,HPZ7_SUP_TON,Z7Y79A
SUP,INK,DELL5L_SUP_INK,5L1W9QB
PC,Desktop,DELL9M_PC_Desktop,9M218QB
SUP,INK,HP3W_SUP_INK,3WX30A
SUP,INK,DELLDA_SUP_INK,DA243B
PC,Laptop,HP9W_PC_Laptop,9W638PA
SUP,INK,HP3J_SUP_INK,3JA83AA
SUP,INK,HP3E_SUP_INK,3ED77A
SUP,INK,DELLU7_SUP_INK,U7M08BB
SUP,TON,HPCF_SUP_TON,CF228A
SUP,TON,HPCE_SUP_TON,CE401A
SUP,INK,HPL0_SUP_INK,L0S23AA
SUP,INK,DELL4K_SUP_INK,4KC17BB
PC,Desktop,HP7K_PC_Desktop,7K661PA
SUP,INK,DELL50_SUP_INK,509O8B
PC,Monitor,HP35_PC_Monitor,356D6AA
SUP,INK,HPF9_SUP_INK,F9K06A
SUP,INK,DELL5L_SUP_INK,5L1W7QB
PC,Desktop,HP7J_PC_Desktop,7J9W4PA
SUP,INK,DELLG0_SUP_INK,G0K76B
SUP,TON,HPW1_SUP_TON,W1112A
PH,LJ,HP8A_PH_LJ,8AF52A
PC,Desktop,HP8L_PC_Desktop,8L129PA
SUP,TON,DELLDG_SUP_TON,DG469B
SUP,INK,DELLD3_SUP_INK,D3Q15BB
SUP,INK,DELL4X_SUP_INK,4XY32B
SUP,TON,HPCF_SUP_TON,CF363A
SUP,INK,HPCN_SUP_INK,CN630A
PH,IJ,HP5H_PH_IJ,5HB06A
SUP,INK,DELL62_SUP_INK,62756BB
PC,Laptop,DELL8M_PC_Laptop,8M488QB
SUP,INK,DELLDI_SUP_INK,DI756B
PC,Laptop,DELL0U_PC_Laptop,0U9L7QB
PC,Laptop,DELL8R_PC_Laptop,8R7A9QB
SUP,INK,HPCH_SUP_INK,CH646A
SUP,INK,DELLN1_SUP_INK,N1I65BB
SUP,INK,DELL4F_SUP_INK,4FE50B
PC,Desktop,HP97_PC_Desktop,977P0PA
SUP,INK,HPM0_SUP_INK,M0H56AA
PC,Laptop,DELL94_PC_Laptop,945U0QB
SUP,TON,DELLDG_SUP_TON,DG452B
PC,Laptop,HP9U_PC_Laptop,9U867PA
PC,Monitor,HP6N_PC_Monitor,6N4E2AA
PC,Desktop,HP7J_PC_Desktop,7J1S5PA
SUP,INK,HP3J_SUP_INK,3JB06AA
PC,Desktop,DELL4F_PC_Desktop,4F8S0QB
PC,Laptop,HP7N_PC_Laptop,7N759PA
SUP,TON,DELLDG_SUP_TON,DG473B
SUP,TON,HPCF_SUP_TON,CF353A
SUP,INK,DELLM1_SUP_INK,M1T62BB
SUP,INK,HP3Y_SUP_INK,3YM21AA
PC,Laptop,HP82_PC_Laptop,824L6PA
PH,LJ,DELL49_PH_LJ,492W7B
SUP,INK,DELL4K_SUP_INK,4KB96BB
PC,Laptop,HP7S_PC_Laptop,7S4P3PA
PC,Laptop,DELL83_PC_Laptop,83L21QB
PC,Laptop,DELL5L_PC_Laptop,5L6E6QB
PH,SJ,HP6F_PH_SJ,6FW09A
SUP,INK,HPX4_SUP_INK,X4E79AA
PC,Laptop,DELL9G_PC_Laptop,9G7E6QB
PC,Laptop,DELL95_PC_Laptop,951U8QB
SUP,TON,DELLA8_SUP_TON,A8Z93B
PC,Laptop,DELL7L_PC_Laptop,7L0D4QB
PC,Laptop,DELL0D_PC_Laptop,0D0F2QB
SUP,INK,DELLDO_SUP_INK,DO738BB
SUP,INK,HPP2_SUP_INK,P2V64A
SUP,INK,HP4S_SUP_INK,4S6X6PA
SUP,INK,DELL4K_SUP_INK,4KB92BB
PC,Monitor,DELL3F_PC_Monitor,3F3Z5B7
PC,Laptop,HP7K_PC_Laptop,7K0L9PA
SUP,TON,DELLX2_SUP_TON,X2691B
PH,LJ,HP38_PH_LJ,381U0A
PH,IJ,DELLG0_PH_IJ,G0B39F
SUP,INK,HPF9_SUP_INK,F9J78A
PC,Laptop,DELL0V_PC_Laptop,0V978QB
PC,Laptop,DELL9K_PC_Laptop,9K1T6QB
SUP,INK,DELLDA_SUP_INK,DA232BB
SUP,INK,HPCN_SUP_INK,CN055AA
SUP,INK,DELLD0_SUP_INK,D0462BB
PH,SJ,HP20_PH_SJ,20G07A
PC,Monitor,HP9V_PC_Monitor,9VJ40AA
PC,Laptop,HP8D_PC_Laptop,8D667PA
PC,Laptop,DELL00_PC_Laptop,00U01QB
PC,Desktop,HP2W_PC_Desktop,2W953PA
SUP,TON,HPQ2_SUP_TON,Q2612X
SUP,TON,DELLDG_SUP_TON,DG612B
PC,Laptop,DELL9V_PC_Laptop,9V2I4QB
SUP,TON,HPCF_SUP_TON,CF400A
PC,Laptop,HP9E_PC_Laptop,9E3K5PA
PC,Laptop,DELL0F_PC_Laptop,0F4L0QB
PC,Laptop,DELL9H_PC_Laptop,9H259QB
PC,Laptop,HP8F_PC_Laptop,8F6C8PA
SUP,INK,HPB3_SUP_INK,B3P19A
PC,Desktop,HP7K_PC_Desktop,7K5W2PA
SUP,TON,HPCE_SUP_TON,CE400A
PC,Laptop,DELL7L_PC_Laptop,7L0D6QB
PC,Laptop,HP4J_PC_Laptop,4J0N0PA
SUP,TON,HPZ7_SUP_TON,Z7Y81A
SUP,TON,DELLDG_SUP_TON,DG348B
PC,Monitor,HP34_PC_Monitor,34Y23AA
SUP,INK,DELLDO_SUP_INK,DO159BB
SUP,INK,DELLU7_SUP_INK,U7M90BB
PH,SJ,HP6F_PH_SJ,6FW10A
PC,Monitor,DELL3I_PC_Monitor,3I1O2BB
SUP,INK,DELL5T_SUP_INK,5T7Y8QB
SUP,TON,DELLDG_SUP_TON,DG611B
PC,Monitor,DELL0W_PC_Monitor,0WK51BB
PH,LJ,HP2Z_PH_LJ,2Z632A
PC,Desktop,HP8F_PC_Desktop,8F4C2PA
PC,Laptop,HP92_PC_Laptop,92U85PA
SUP,TON,HPW1_SUP_TON,W1104A
PC,Laptop,DELL9G_PC_Laptop,9G9A4QB
PC,Laptop,DELL9E_PC_Laptop,9E778QB
SUP,INK,HPF6_SUP_INK,F6V26AA
SUP,INK,HPF9_SUP_INK,F9J66A
PH,LJ,HP5H_PH_LJ,5HH67A
SUP,TON,DELLDG_SUP_TON,DG390Y
SUP,TON,DELLDF_SUP_TON,DF423B
PC,Laptop,DELL95_PC_Laptop,951H7QB
SUP,TON,DELLDG_SUP_TON,DG513Y
PC,Desktop,HP84_PC_Desktop,84J08PA
PC,Laptop,HP6L_PC_Laptop,6L0L1PA
SUP,TON,DELLDG_SUP_TON,DG523B
PC,Laptop,HPA4_PC_Laptop,A46C9PA
SUP,INK,DELL4F_SUP_INK,4FE70B
SUP,INK,HPF6_SUP_INK,F6V23AA
PC,Desktop,DELL8Q_PC_Desktop,8Q3D6QB
SUP,TON,HPZ7_SUP_TON,Z7Y82A
PC,Laptop,HP7W_PC_Laptop,7W474PA
SUP,INK,DELLG0_SUP_INK,G0L17B
SUP,TON,HPCF_SUP_TON,CF210X
SUP,INK,DELLDI_SUP_INK,DI674AA
PC,Desktop,DELL0R_PC_Desktop,0R043QB
PC,Laptop,DELL9Y_PC_Laptop,9Y2V1QB
PC,Laptop,HP99_PC_Laptop,99T90PA
PC,Laptop,DELL9G_PC_Laptop,9G9A1QB
PC,Laptop,HP84_PC_Laptop,841W6PA
PC,Laptop,DELL9I_PC_Laptop,9I0H7QB
SUP,TON,DELLDF_SUP_TON,DF422B
PC,Laptop,DELL94_PC_Laptop,943R9QB
PC,Laptop,HP6K_PC_Laptop,6K9C6PA
PH,IJ,DELL5B_PH_IJ,5B9E0B
PC,Laptop,HP6J_PC_Laptop,6J2T8PA
SUP,TON,DELLDG_SUP_TON,DG511Y
PC,Laptop,DELL0U_PC_Laptop,0U9L8QB
PC,Desktop,DELL8L_PC_Desktop,8L3Q4QB
SUP,TON,DELLDG_SUP_TON,DG614B
SUP,TON,HPZ8_SUP_TON,Z8W52A
PC,Laptop,HP7S_PC_Laptop,7S4N7PA
PH,IJ,HP3X_PH_IJ,3XB77A
SUP,INK,DELLQ3_SUP_INK,Q3W94B
PC,Laptop,DELL5K_PC_Laptop,5K1O1QB
PC,Laptop,HP8F_PC_Laptop,8F6C4PA
SUP,INK,DELLDO_SUP_INK,DO165BB
PC,Laptop,HP84_PC_Laptop,840T7PA
SUP,INK,HPCH_SUP_INK,CH562ZZ
PC,Laptop,HPA4_PC_Laptop,A45Y5PA
PH,SJ,HP6F_PH_SJ,6FW08A
PC,Laptop,DELL0F_PC_Laptop,0F4R7QB
SUP,INK,DELLDO_SUP_INK,DO167BB
PC,Desktop,DELL8L_PC_Desktop,8L4A4QB
SUP,INK,HP3J_SUP_INK,3JA84AA
PC,Laptop,HP9D_PC_Laptop,9D3M7PA
PC,Monitor,DELL7O_PC_Monitor,7O5F9BB
SUP,TON,DELLDF_SUP_TON,DF851B
PC,Laptop,HP81_PC_Laptop,81B19PA
PC,Laptop,HP95_PC_Laptop,95R98PA
PC,Laptop,DELL8N_PC_Laptop,8N765QB
PH,IJ,HPT8_PH_IJ,T8W18A
PH,IJ,HP2R_PH_IJ,2RM82A
SUP,INK,DELLG7_SUP_INK,G7W31BB
SUP,TON,DELLR3_SUP_TON,R3723Y
PC,Desktop,DELL8O_PC_Desktop,8O7W1QB
PH,LJ,DELLDA_PH_LJ,DA297B
PC,Laptop,DELLB5_PC_Laptop,B57D0QB
SUP,INK,HPCN_SUP_INK,CN046AA
SUP,UNK,DELLM1_SUP_UNK,M1T17BB
SUP,TON,DELLDG_SUP_TON,DG471Y
PC,Laptop,DELL9G_PC_Laptop,9G9A9QB
SUP,INK,HPCD_SUP_INK,CD974AA
SUP,UNK,HPL0_SUP_UNK,L0R88AA
SUP,INK,HP4K_SUP_INK,4K0V6PA
SUP,TON,HPCF_SUP_TON,CF402A
PC,Laptop,HP8L_PC_Laptop,8L145PA
PC,Monitor,DELL7O_PC_Monitor,7O7F0BB
SUP,TON,HPCF_SUP_TON,CF358A
PC,Laptop,HPA1_PC_Laptop,A1NW3PA
SUP,INK,DELLD2_SUP_INK,D2R21B
PC,Laptop,HP9T_PC_Laptop,9T8K7PA
PC,Laptop,HP9D_PC_Laptop,9D3N6PA
SUP,INK,DELLD3_SUP_INK,D3Q20BB
SUP,INK,DELLN1_SUP_INK,N1I62BB
SUP,INK,DELLD3_SUP_INK,D3Q33BB
PC,Desktop,DELL89_PC_Desktop,891B3QB
SUP,TON,HPZ7_SUP_TON,Z7Y78A
SUP,INK,HPL0_SUP_INK,L0S69AA
PH,IJ,DELL39_PH_IJ,39D23B
PC,Desktop,HP7X_PC_Desktop,7X9K0PA
PC,Laptop,HP7J_PC_Laptop,7J035AA
SUP,INK,HPCZ_SUP_INK,CZ131A
PC,Laptop,HP8C_PC_Laptop,8C4R8PA
SUP,TON,HPCC_SUP_TON,CC388AD
PC,Laptop,HP82_PC_Laptop,821M3PA
SUP,INK,HPF9_SUP_INK,F9K01A
SUP,INK,HPM0_SUP_INK,M0H54AA
SUP,TON,DELLX3_SUP_TON,X3224B
SUP,INK,DELLDA_SUP_INK,DA233BB
SUP,TON,HPCB_SUP_TON,CB542A
PC,Laptop,DELL06_PC_Laptop,06T70QB
PC,Monitor,DELL51_PC_Monitor,51A43BB
SUP,INK,DELL5T_SUP_INK,5T7Y9QB
SUP,INK,HP3E_SUP_INK,3ED45A
SUP,INK,DELLDE_SUP_INK,DE084BB
PC,Laptop,DELLB1_PC_Laptop,B11QQQB
PH,LJ,HP7P_PH_LJ,7PS82A
SUP,TON,DELLX3_SUP_TON,X3221Y
SUP,TON,HPCF_SUP_TON,CF233A
PC,Desktop,HP8Y_PC_Desktop,8Y9D4PA
SUP,TON,HPCE_SUP_TON,CE278AF
PH,LJ,DELL3A_PH_LJ,3A725B
SUP,INK,HPCN_SUP_INK,CN693AA
SUP,INK,DELLDA_SUP_INK,DA246B
SUP,INK,DELL4F_SUP_INK,4FE56B
PH,LJ,DELL82_PH_LJ,826B5B
PH,SJ,DELL7G_PH_SJ,7GX21B
PH,SJ,HP20_PH_SJ,20G05A
PC,Laptop,DELL8Z_PC_Laptop,8Z7V3QB
PC,Laptop,HP9E_PC_Laptop,9E3J6PA
PC,Laptop,DELL7L_PC_Laptop,7L0K3QB
PC,Laptop,DELL6D_PC_Laptop,6D6N5QB
SUP,TON,DELLDC_SUP_TON,DC654B
PC,Laptop,DELL0E_PC_Laptop,0E4O7QB
SUP,TON,HPCF_SUP_TON,CF256X
SUP,INK,HPCN_SUP_INK,CN634A
PC,Desktop,DELL9G_PC_Desktop,9G5D3QB
SUP,TON,HPCF_SUP_TON,CF401X
PC,Monitor,DELL27_PC_Monitor,270M1BB
PC,Desktop,DELL8K_PC_Desktop,8K285QB
SUP,INK,DELLG0_SUP_INK,G0K77B
SUP,TON,HPCF_SUP_TON,CF234A
SUP,TON,DELLX3_SUP_TON,X3151B
PC,Laptop,DELL7M_PC_Laptop,7M1M1QB
SUP,TON,HPW2_SUP_TON,W2042A
PC,Monitor,DELL8O_PC_Monitor,8O010BU
SUP,TON,HPCE_SUP_TON,CE255A
SUP,TON,HPCC_SUP_TON,CC388X
PC,Monitor,DELL76_PC_Monitor,76Q60B7
PH,LJ,DELL7H_PH_LJ,7HY17B
SUP,TON,HPW2_SUP_TON,W2110A
SUP,INK,DELLDO_SUP_INK,DO704BB
SUP,TON,HPCF_SUP_TON,CF289X
SUP,TON,DELLX2_SUP_TON,X2481B
PH,LJ,DELL82_PH_LJ,826B4B
PH,LJ,DELL82_PH_LJ,826B6B
SUP,TON,HPZ9_SUP_TON,Z9M05A
SUP,INK,DELL4K_SUP_INK,4KB94BB
PC,Laptop,DELL0F_PC_Laptop,0F4L6QB
PC,Monitor,HP78_PC_Monitor,780J5AA
SUP,TON,HPCF_SUP_TON,CF400X
PC,Laptop,DELL9M_PC_Laptop,9M9Q6QB
SUP,INK,HPCN_SUP_INK,CN626AA
SUP,INK,DELLM1_SUP_INK,M1T77BB
SUP,INK,DELLDO_SUP_INK,DO746B
PC,Laptop,HP7L_PC_Laptop,7L033PA
SUP,TON,DELLDG_SUP_TON,DG390B
PH,LJ,DELL5S_PH_LJ,5SB90B
SUP,TON,DELLX3_SUP_TON,X3413B
PH,LJ,HP6G_PH_LJ,6GW64A
PC,Laptop,HP9Q_PC_Laptop,9Q9M9PA
SUP,TON,DELLA0_SUP_TON,A0N13B
PC,Laptop,HP50_PC_Laptop,50M62PA
PC,Laptop,DELL93_PC_Laptop,932Q1QB
SUP,INK,DELLG7_SUP_INK,G7W34BB
PC,Monitor,HP6P_PC_Monitor,6PA50A4
SUP,INK,HP3W_SUP_INK,3WX26A
SUP,TON,DELLDG_SUP_TON,DG341B
SUP,TON,HPW2_SUP_TON,W2111X
SUP,INK,DELLD0_SUP_INK,D0463BB
PC,Laptop,HP8F_PC_Laptop,8F8Y9PA
PC,Laptop,HP81_PC_Laptop,81B47PA
PC,Laptop,HP8L_PC_Laptop,8L168PA
PH,SJ,HP20_PH_SJ,20G06A
PC,Laptop,HP8L_PC_Laptop,8L122PA
SUP,TON,DELLDG_SUP_TON,DG472B
SUP,TON,HPZ7_SUP_TON,Z7Y70A
SUP,TON,DELLDF_SUP_TON,DF421BE
SUP,INK,DELL4F_SUP_INK,4FE39B
PC,Laptop,DELL9D_PC_Laptop,9D638QB
PC,Desktop,HP63_PC_Desktop,635A4PA
PC,Laptop,HP8K_PC_Laptop,8K8J1PA
SUP,TON,HPW2_SUP_TON,W2110X
PC,Laptop,HP8U_PC_Laptop,8U6X8PA
PC,Laptop,HP91_PC_Laptop,91R01PA
SUP,INK,HPCN_SUP_INK,CN056AA
SUP,TON,DELLDG_SUP_TON,DG462B
SUP,TON,DELLDG_SUP_TON,DG522B
PH,IJ,DELL6I_PH_IJ,6IC21B
PC,Laptop,DELL0Y_PC_Laptop,0Y4M7QB
PH,IJ,DELL4F_PH_IJ,4FL24B
SUP,INK,DELLDA_SUP_INK,DA234BB
PH,LJ,HP38_PH_LJ,381U4A
SUP,TON,HPCE_SUP_TON,CE743A
PC,Laptop,DELL9M_PC_Laptop,9M279QB
SUP,TON,DELLDG_SUP_TON,DG367B
PC,Laptop,DELL8O_PC_Laptop,8O871QB
SUP,TON,DELLDG_SUP_TON,DG461B
SUP,TON,DELLDG_SUP_TON,DG329B
SUP,INK,DELLC4_SUP_INK,C4Q31B
PH,LJ,DELLDA_PH_LJ,DA286B
SUP,INK,DELLQ3_SUP_INK,Q3W70B
SUP,TON,HPW2_SUP_TON,W2311A
SUP,TON,DELLDF_SUP_TON,DF521B
SUP,TON,DELLDG_SUP_TON,DG623B
SUP,TON,DELLDG_SUP_TON,DG392B
PC,Laptop,HP8J_PC_Laptop,8J0S5PA
PC,Monitor,DELL45_PC_Monitor,45Z34BB
PC,Desktop,DELL8L_PC_Desktop,8L760QB
PC,Monitor,HP40_PC_Monitor,40Z32AA
PC,Laptop,HP7Q_PC_Laptop,7Q6Z0PA
PC,Laptop,HP8X_PC_Laptop,8X1U0PA
PC,Laptop,HP9U_PC_Laptop,9U2C1PA
PC,Desktop,HP81_PC_Desktop,81T79PA
PC,Laptop,HP7Y_PC_Laptop,7Y6U3PA
SUP,INK,DELLDA_SUP_INK,DA749BB
PC,Laptop,HP84_PC_Laptop,841W7PA
PC,Laptop,DELL0Z_PC_Laptop,0Z1A3QB
SUP,UNK,DELLK4_SUP_UNK,K4N79B
PH,LJ,DELL3A_PH_LJ,3A745B
PC,Laptop,HP9E_PC_Laptop,9E3K4PA
SUP,INK,HP4S_SUP_INK,4S6X5PA
SUP,TON,HPCE_SUP_TON,CE320A
SUP,TON,HPCE_SUP_TON,CE314A
PC,Laptop,HP6N_PC_Laptop,6N030PA
SUP,TON,HPW2_SUP_TON,W2091A
SUP,TON,HPCF_SUP_TON,CF402X
PC,Laptop,HP9D_PC_Laptop,9D0K7PA
SUP,INK,HPL0_SUP_INK,L0S72AA
PC,Laptop,HP95_PC_Laptop,95S69PA
SUP,TON,DELLA8_SUP_TON,A8Z83B
PH,SJ,DELL7G_PH_SJ,7GX19B
SUP,INK,DELLDE_SUP_INK,DE062B
PH,LJ,HP7K_PH_LJ,7KW64A
PH,IJ,DELL71_PH_IJ,71L45C
PH,IJ,HPF9_PH_IJ,F9A28E
PC,Laptop,DELL06_PC_Laptop,06S09QB
SUP,TON,DELLX3_SUP_TON,X3414B
PC,Laptop,DELL9V_PC_Laptop,9V7A3QB
PC,Laptop,DELL8N_PC_Laptop,8N769QB
SUP,INK,DELL4X_SUP_INK,4XY48B
SUP,INK,HPC1_SUP_INK,C1Q10A
PC,Desktop,DELL0S_PC_Desktop,0S5O0QB
SUP,TON,HPCE_SUP_TON,CE310A
PC,Laptop,DELLB5_PC_Laptop,B56Z6QB
SUP,TON,HPW1_SUP_TON,W1580A
PC,Laptop,DELL01_PC_Laptop,01O65QB
PH,LJ,HP71_PH_LJ,715A4A
PC,Desktop,DELL8Q_PC_Desktop,8Q1X5QB
SUP,INK,DELLQ3_SUP_INK,Q3W75B
PC,Desktop,DELL8R_PC_Desktop,8R974QB
SUP,TON,HPW1_SUP_TON,W1460A
PC,Laptop,HP8L_PC_Laptop,8L144PA
SUP,TON,HPCZ_SUP_TON,CZ192A
PC,Desktop,DELL89_PC_Desktop,891B8QB
SUP,TON,DELLDG_SUP_TON,DG471B
SUP,TON,HPZ7_SUP_TON,Z7Y68A
SUP,INK,HPL0_SUP_INK,L0S63AA
PH,SJ,HP20_PH_SJ,20G08A
SUP,INK,HPL0_SUP_INK,L0S51AA
PC,Laptop,HP83_PC_Laptop,834U5PA
PH,IJ,DELL5B_PH_IJ,5B9S0B
SUP,TON,DELLDA_SUP_TON,DA203B
PC,Monitor,DELL7O_PC_Monitor,7O5G2BB
SUP,TON,DELLX3_SUP_TON,X3222Y
SUP,TON,HPW1_SUP_TON,W1103A
PH,LJ,DELL49_PH_LJ,492V3B
SUP,TON,HPQ2_SUP_TON,Q2612AF
PC,Laptop,HP9U_PC_Laptop,9U7H2PA
PC,Laptop,DELL88_PC_Laptop,88T65QB
PC,Laptop,HP7M_PC_Laptop,7M658PA
SUP,TON,DELLX2_SUP_TON,X2631Y
PC,Desktop,HP6X_PC_Desktop,6X3W4PA
SUP,INK,HPCZ_SUP_INK,CZ121AA
PC,Laptop,DELL9D_PC_Laptop,9D5S7QB
PC,Laptop,DELL81_PC_Laptop,812I6QB
PC,Laptop,DELL8K_PC_Laptop,8K146BB
SUP,TON,DELLA8_SUP_TON,A8Z94B
PC,Desktop,HP7K_PC_Desktop,7K1H4PA
SUP,INK,DELL78_SUP_INK,787N9B
SUP,TON,DELLA8_SUP_TON,A8Z80B
PC,Laptop,DELL92_PC_Laptop,92N49BB
PC,Laptop,HP9D_PC_Laptop,9D3N7PA
SUP,INK,DELLDA_SUP_INK,DA218BB
PC,Laptop,HP9Y_PC_Laptop,9Y0Z2PA
PC,Desktop,HP78_PC_Desktop,782N0PA
PC,Desktop,DELL0U_PC_Desktop,0U791QB
PC,Laptop,DELLB2_PC_Laptop,B2RW3QB
PH,IJ,HP4A_PH_IJ,4A8R9A
SUP,INK,HP3W_SUP_INK,3WX00A
PC,Laptop,HP8L_PC_Laptop,8L166PA
PC,Laptop,DELL03_PC_Laptop,03V87QB
SUP,INK,DELL4K_SUP_INK,4KB95BB
SUP,INK,DELLDE_SUP_INK,DE085BB
SUP,INK,DELLD0_SUP_INK,D0494B
PH,IJ,DELL8X_PH_IJ,8XO57E
PC,Laptop,HP8Q_PC_Laptop,8Q3X5PA
SUP,INK,HP3Y_SUP_INK,3YM18AA
SUP,TON,DELLA0_SUP_TON,A0N15B
SUP,UNK,DELLM1_SUP_UNK,M1S02BB
SUP,TON,DELLDG_SUP_TON,DG388B
PH,LJ,HP8A_PH_LJ,8AF45A
SUP,TON,DELLA8_SUP_TON,A8Z91B
SUP,TON,HPCF_SUP_TON,CF218A
PC,Monitor,HP6N_PC_Monitor,6N4F1AA
PC,Laptop,DELL0V_PC_Laptop,0V8I3QB
PH,LJ,HPCZ_PH_LJ,CZ175A
PC,Laptop,DELL8X_PC_Laptop,8X585QB
PC,Laptop,HP7Z_PC_Laptop,7Z1P9PA
PH,LJ,DELL4H_PH_LJ,4H747B
PC,Laptop,HPA0_PC_Laptop,A00PQPA
PC,Laptop,DELL0F_PC_Laptop,0F4L4QB
SUP,INK,HP4S_SUP_INK,4S6X7PA
SUP,TON,DELLX3_SUP_TON,X3154B
PC,Laptop,HP9D_PC_Laptop,9D3N9PA
PH,IJ,DELL51_PH_IJ,516X3D
SUP,INK,HPC2_SUP_INK,C2P05AA
SUP,INK,HPCN_SUP_INK,CN054AA
PC,Monitor,HP1B_PC_Monitor,1B9X2AA
PC,Desktop,DELL89_PC_Desktop,891B7QB
PC,Desktop,DELL7Y_PC_Desktop,7Y5C0QB
SUP,INK,HP6Z_SUP_INK,6ZD31AA
PC,Laptop,HPA0_PC_Laptop,A03CJPA
PC,Laptop,DELL9G_PC_Laptop,9G9A7QB
SUP,TON,HPCE_SUP_TON,CE310AD
SUP,INK,HPF9_SUP_INK,F9J77A
PC,Desktop,DELL78_PC_Desktop,78V76QB
PC,Laptop,DELL0F_PC_Laptop,0F4L8QB
SUP,INK,HP3Y_SUP_INK,3YM17AA
SUP,INK,DELL4F_SUP_INK,4FE78B
SUP,INK,HP49_SUP_INK,498N5A
SUP,INK,DELLG0_SUP_INK,G0L28B
PC,Desktop,HP8L_PC_Desktop,8L130PA
SUP,TON,DELLDG_SUP_TON,DG524B
SUP,INK,HPT6_SUP_INK,T6M01AA
SUP,INK,DELLU7_SUP_INK,U7N10BB
PC,Laptop,DELL8I_PC_Laptop,8I6E4QB
PC,Laptop,HP7H_PC_Laptop,7H5D3PA
PC,Monitor,HP13_PC_Monitor,13L82AA
PH,IJ,HP1F_PH_IJ,1F3W3A
PH,IJ,HP4A_PH_IJ,4A8D4A
PC,Monitor,DELL7O_PC_Monitor,7O5E7BB
PC,Laptop,HP9Q_PC_Laptop,9Q962PA
SUP,INK,HPC2_SUP_INK,C2P26AA
PC,Laptop,DELL8Z_PC_Laptop,8Z7U0QB
SUP,TON,DELLDG_SUP_TON,DG512Y
PC,Laptop,HP7Q_PC_Laptop,7Q6Z7PA
PH,LJ,DELL82_PH_LJ,825A0B
PC,Laptop,DELL0E_PC_Laptop,0E4O9QB
PC,Laptop,DELL8N_PC_Laptop,8N767QB
PC,Laptop,HP9E_PC_Laptop,9E3K7PA
PC,Laptop,DELL9M_PC_Laptop,9M9Q5QB
PC,Laptop,DELL9M_PC_Laptop,9M275QB
PC,Laptop,DELL95_PC_Laptop,952X7QB
PC,Laptop,HP67_PC_Laptop,678M6PA
SUP,TON,HPCF_SUP_TON,CF360X
SUP,TON,HPCF_SUP_TON,CF410A
SUP,INK,HPCH_SUP_INK,CH563ZZ
PH,LJ,DELL7H_PH_LJ,7HY15B
SUP,INK,HP3E_SUP_INK,3ED78A
PC,Laptop,DELL9M_PC_Laptop,9M9Q3QB
SUP,TON,HPCE_SUP_TON,CE278A
SUP,INK,HP3E_SUP_INK,3ED44A
PC,Laptop,HP7Z_PC_Laptop,7Z481PA
PC,Desktop,HP6C_PC_Desktop,6C3G6PA
SUP,TON,HPCF_SUP_TON,CF256A
PC,Laptop,DELL8A_PC_Laptop,8A2Q9QB
PC,Desktop,DELL49_PC_Desktop,496A8QB
SUP,INK,HPP2_SUP_INK,P2V70A
PC,Laptop,HP7M_PC_Laptop,7M654PA
PH,IJ,HP28_PH_IJ,28C12A
PC,Monitor,DELL75_PC_Monitor,75Y77BB
SUP,TON,DELLDF_SUP_TON,DF424B
PC,Monitor,DELL2I_PC_Monitor,2I950B7
SUP,INK,HPCC_SUP_INK,CC640ZZ
PC,Laptop,HP94_PC_Laptop,943S1PA
PC,Laptop,DELL9D_PC_Laptop,9D6I6QB
PC,Laptop,DELL0K_PC_Laptop,0K7L9QB
PC,Laptop,HP6K_PC_Laptop,6K9J2PA
PC,Desktop,DELL8K_PC_Desktop,8K0X5QB
SUP,TON,DELLDF_SUP_TON,DF434B
SUP,TON,DELLDF_SUP_TON,DF433B
SUP,UNK,HP6Z_SUP_UNK,6ZD21AA
SUP,TON,HPZ9_SUP_TON,Z9M04A
PC,Laptop,DELL8T_PC_Laptop,8T5Q4QB
SUP,INK,HP3Y_SUP_INK,3YM15AA
PC,Laptop,DELL91_PC_Laptop,915M2QB
SUP,INK,DELLG0_SUP_INK,G0L16B
SUP,TON,HPL0_SUP_TON,L0H25A
PC,Desktop,HP78_PC_Desktop,780A7PA
SUP,INK,HPCZ_SUP_INK,CZ123AA
PH,IJ,DELL65_PH_IJ,65S69C
SUP,INK,HP3J_SUP_INK,3JA82AA
SUP,TON,HPZ9_SUP_TON,Z9M07A
SUP,TON,HPCF_SUP_TON,CF219A
PC,Laptop,HP7Y_PC_Laptop,7Y6U2PA
SUP,TON,HPCE_SUP_TON,CE321A
SUP,INK,DELL4F_SUP_INK,4FE54B
SUP,INK,HPCH_SUP_INK,CH648A
PC,Laptop,HP9E_PC_Laptop,9E3K3PA
SUP,TON,DELLDG_SUP_TON,DG512B
PC,Laptop,DELL0E_PC_Laptop,0E4O0QB
SUP,UNK,DELLM1_SUP_UNK,M1S08BB
SUP,INK,DELL7A_SUP_INK,7AE43BB
PC,Desktop,HP6X_PC_Desktop,6X3S5PA
SUP,INK,DELLD0_SUP_INK,D0484B
SUP,INK,DELL2W_SUP_INK,2WW32BB
SUP,INK,HP3W_SUP_INK,3WX36A
SUP,UNK,DELL7A_SUP_UNK,7AE32BB
SUP,INK,DELL50_SUP_INK,509Q3B
SUP,INK,HP6Z_SUP_INK,6ZD29AA
PC,Laptop,HP8L_PC_Laptop,8L155PA
SUP,TON,DELLX2_SUP_TON,X2481Y
SUP,TON,DELLA8_SUP_TON,A8Z96B
SUP,INK,HPF9_SUP_INK,F9J65A
PC,Monitor,HP7N_PC_Monitor,7N909AT
PC,Desktop,DELL74_PC_Desktop,746Y8QB
PC,Laptop,DELL9M_PC_Laptop,9M255QB
PC,Desktop,DELLB1_PC_Desktop,B16I0QB
SUP,TON,DELLDC_SUP_TON,DC652B
PC,Desktop,HP6X_PC_Desktop,6X9M3PA
SUP,INK,DELLM1_SUP_INK,M1T70BB
SUP,INK,HPCN_SUP_INK,CN636A
PC,Desktop,HP9T_PC_Desktop,9T680PA
SUP,INK,HP3E_SUP_INK,3ED51A
SUP,INK,DELLDA_SUP_INK,DA242B
PC,Laptop,DELL78_PC_Laptop,789N9QB
SUP,INK,HPL0_SUP_INK,L0S24AA
SUP,TON,DELLDF_SUP_TON,DF401B
PH,LJ,HPCZ_PH_LJ,CZ184A
PC,Desktop,HP7H_PC_Desktop,7H0Y7PA
SUP,INK,HPF9_SUP_INK,F9K02A
SUP,INK,DELL5L_SUP_INK,5L1W8QB
PH,IJ,DELL2G_PH_IJ,2G4Z5B
PC,Laptop,DELL78_PC_Laptop,789N7QB
SUP,INK,HP3Y_SUP_INK,3YM19AA
PC,Laptop,HP8X_PC_Laptop,8X059PA
PC,Laptop,HP8U_PC_Laptop,8U1H6PA
PH,SJ,HP6F_PH_SJ,6FW06A
SUP,TON,HPCF_SUP_TON,CF503A
PH,LJ,HP53_PH_LJ,53P41A
SUP,TON,HPCF_SUP_TON,CF212A
SUP,INK,DELLG0_SUP_INK,G0L13B
PH,LJ,DELL3A_PH_LJ,3A724B
PC,Monitor,DELL75_PC_Monitor,75Y70BB
SUP,UNK,DELLK4_SUP_UNK,K4N81B
PC,Laptop,DELL8L_PC_Laptop,8L6K9QB
PH,LJ,DELLDA_PH_LJ,DA295B
SUP,INK,HPF9_SUP_INK,F9K03A
SUP,UNK,HPL0_SUP_UNK,L0S00AA
PC,Desktop,HP3E_PC_Desktop,3E7R9PA
SUP,TON,DELLX3_SUP_TON,X3152B
PH,IJ,DELL5X_PH_IJ,5XG77B
PH,IJ,HP3E_PH_IJ,3EK15A
SUP,TON,HPCF_SUP_TON,CF281A
PC,Desktop,HP8L_PC_Desktop,8L120PA
PC,Laptop,HP7P_PC_Laptop,7P704PA
PC,Desktop,HP7Q_PC_Desktop,7Q863PA
PC,Laptop,DELL0S_PC_Laptop,0S302QB
SUP,INK,DELL4X_SUP_INK,4XY49B
SUP,TON,DELLDF_SUP_TON,DF366B
SUP,INK,HPC9_SUP_INK,C9380A
SUP,TON,DELLDF_SUP_TON,DF091B
SUP,TON,DELLDG_SUP_TON,DG521B
SUP,INK,DELL4F_SUP_INK,4FE88B
PC,Laptop,HP8F_PC_Laptop,8F6C5PA
PC,Laptop,HP8H_PC_Laptop,8H438PA
SUP,INK,HPCN_SUP_INK,CN053AA
PC,Laptop,HP8F_PC_Laptop,8F8Z5PA
SUP,TON,HPW2_SUP_TON,W2313A
SUP,TON,DELLDG_SUP_TON,DG344B
SUP,INK,DELLY5_SUP_INK,Y5F86BB
SUP,INK,DELLM1_SUP_INK,M1T34BB
SUP,INK,DELL4K_SUP_INK,4KB80BB
PC,Laptop,DELL57_PC_Laptop,57E81QB
PC,Monitor,DELL29_PC_Monitor,290U1BB
SUP,UNK,HPJ3_SUP_UNK,J3M70A
PC,Laptop,DELL8Q_PC_Laptop,8Q7A9QB
SUP,INK,DELLDA_SUP_INK,DA247B
SUP,INK,HPM0_SUP_INK,M0H51AA
SUP,INK,HPC2_SUP_INK,C2P24AA
SUP,TON,HPW2_SUP_TON,W2113X
PH,IJ,HP4W_PH_IJ,4WF66A
SUP,TON,HPCE_SUP_TON,CE311A
PC,Monitor,HP64_PC_Monitor,64W51AA
PC,Desktop,DELL8L_PC_Desktop,8L772QB
PC,Monitor,HP65_PC_Monitor,65P57A6
PH,IJ,HP40_PH_IJ,405W2C
PC,Laptop,HP8L_PC_Laptop,8L129PA
SUP,TON,HPCF_SUP_TON,CF512A
SUP,TON,DELLDG_SUP_TON,DG622B
SUP,INK,HPP2_SUP_INK,P2V27A
PH,IJ,DELL4Y_PH_IJ,4YC88B
SUP,TON,HPZ7_SUP_TON,Z7Y91A
PC,Laptop,DELL0F_PC_Laptop,0F4L9QB
SUP,INK,HPCZ_SUP_INK,CZ136A
SUP,TON,HPCB_SUP_TON,CB543A
PC,Laptop,DELL85_PC_Laptop,854B2QB
SUP,INK,DELL4X_SUP_INK,4XY47B
PC,Desktop,DELL08_PC_Desktop,088Q1QB
SUP,UNK,DELLK4_SUP_UNK,K4N70B
SUP,INK,DELLDS_SUP_INK,DS423BB
SUP,INK,DELLG0_SUP_INK,G0L26B
PH,LJ,DELL8Q_PH_LJ,8QT95B
PC,Laptop,HP7Y_PC_Laptop,7Y6U8PA
SUP,TON,DELLDG_SUP_TON,DG473Y
PC,Laptop,HPA0_PC_Laptop,A00PNPA
PC,Laptop,DELL9G_PC_Laptop,9G9A6QB
SUP,INK,DELLDO_SUP_INK,DO736BB
SUP,TON,DELLDF_SUP_TON,DF421B
PC,Laptop,HP9E_PC_Laptop,9E3K9PA
SUP,INK,DELLM1_SUP_INK,M1T68BB
SUP,INK,HPCN_SUP_INK,CN635A
PC,Laptop,HPA4_PC_Laptop,A45Y6PA
PH,IJ,DELL3Z_PH_IJ,3Z0I3B
SUP,INK,DELLDA_SUP_INK,DA748BB
SUP,TON,DELLX2_SUP_TON,X2214BE
SUP,TON,HPZ7_SUP_TON,Z7Y80A
SUP,TON,HPW1_SUP_TON,W1335X
PC,Laptop,DELL92_PC_Laptop,92C58QB
PC,Desktop,DELL8K_PC_Desktop,8K291QB
PH,LJ,HP6G_PH_LJ,6GX06A
SUP,TON,DELLDC_SUP_TON,DC653B
PC,Laptop,DELL9I_PC_Laptop,9I6E5QB
SUP,INK,DELLD0_SUP_INK,D0491B
PC,Laptop,DELL0R_PC_Laptop,0R0N7QB
PH,IJ,DELLM4_PH_IJ,M4V55B
PH,IJ,HP6U_PH_IJ,6UU47A
PC,Laptop,DELL8X_PC_Laptop,8X586QB
PC,Desktop,HP67_PC_Desktop,67W19PA
PC,Desktop,DELL7G_PC_Desktop,7G078QB
SUP,INK,DELLG7_SUP_INK,G7W37BB
SUP,INK,HPCN_SUP_INK,CN625AA
SUP,TON,DELLX2_SUP_TON,X2571B
SUP,INK,HPT6_SUP_INK,T6L93AA
PC,Monitor,HP2E_PC_Monitor,2E2Y4A6
PC,Laptop,HP9Z_PC_Laptop,9Z835PA
SUP,INK,DELLDA_SUP_INK,DA245B
PC,Laptop,DELL9L_PC_Laptop,9L9K2QB
SUP,UNK,HPJ3_SUP_UNK,J3M69A
PC,Laptop,HP9T_PC_Laptop,9T8K6PA
SUP,TON,DELLX3_SUP_TON,X3103B
SUP,INK,DELLD5_SUP_INK,D5921B
SUP,INK,DELLDO_SUP_INK,DO730B
SUP,TON,DELLDF_SUP_TON,DF425B
SUP,TON,DELLDG_SUP_TON,DG323B
SUP,INK,DELLDO_SUP_INK,DO158BB
PC,Desktop,DELL7Y_PC_Desktop,7Y4X4QB
PH,SJ,DELLM3_PH_SJ,M3874B
PC,Desktop,DELL3X_PC_Desktop,3X064QB
SUP,INK,HP3W_SUP_INK,3WX35A
SUP,INK,HPC9_SUP_INK,C9371A
SUP,INK,HPCH_SUP_INK,CH647A
PC,Desktop,DELL7Y_PC_Desktop,7Y0R1QB
SUP,INK,HP3E_SUP_INK,3ED79A
PC,Laptop,DELL8Q_PC_Laptop,8Q815QB
SUP,TON,DELLDG_SUP_TON,DG624B
SUP,TON,HPQ5_SUP_TON,Q5949A
SUP,TON,HPCE_SUP_TON,CE312A
PH,IJ,DELLU9_PH_IJ,U9X29B
PC,Laptop,HP7L_PC_Laptop,7L377PA
PH,IJ,DELLU9_PH_IJ,U9X26B
PH,LJ,HP71_PH_LJ,714Z9A
SUP,TON,HPQ7_SUP_TON,Q7553A
PC,Laptop,HP5C_PC_Laptop,5C5M4PA
SUP,INK,HPX4_SUP_INK,X4E75AA
PC,Laptop,HP8F_PC_Laptop,8F8Z6PA
PC,Laptop,DELL0V_PC_Laptop,0V3D2QB
PC,Laptop,HP8F_PC_Laptop,8F8Z0PA
SUP,TON,HPCB_SUP_TON,CB540A
PC,Desktop,HP7K_PC_Desktop,7K659PA
PH,LJ,HP1P_PH_LJ,1PV87A
PH,LJ,DELL49_PH_LJ,492V5B
SUP,INK,DELLD3_SUP_INK,D3Q36BB
SUP,INK,HP3Y_SUP_INK,3YP94AA
PC,Desktop,DELL55_PC_Desktop,55W95QB
PC,Laptop,HP70_PC_Laptop,701H5PA
SUP,INK,DELLDA_SUP_INK,DA235BB
PC,Laptop,HP82_PC_Laptop,821P0PA
SUP,TON,DELLDG_SUP_TON,DG474Y
SUP,TON,HPCF_SUP_TON,CF352A
SUP,TON,HPZ7_SUP_TON,Z7Y72A
PC,Monitor,HP64_PC_Monitor,64X69AA
PC,Laptop,DELLB5_PC_Laptop,B56Z8QB
PC,Laptop,DELLB1_PC_Laptop,B11QOQB
PC,Laptop,DELL9G_PC_Laptop,9G9Z0QB
SUP,INK,DELLC4_SUP_INK,C4Q20B
PC,Monitor,HP16_PC_Monitor,169L0AA
SUP,TON,DELLDG_SUP_TON,DG474B
PC,Desktop,DELL89_PC_Desktop,891B6QB
PH,IJ,HP6K_PH_IJ,6KD26A
SUP,INK,HPCZ_SUP_INK,CZ638AA
PC,Laptop,HP7Q_PC_Laptop,7Q6Z3PA
SUP,INK,HPCZ_SUP_INK,CZ134A
PC,Laptop,DELL93_PC_Laptop,932N4QB
PC,Laptop,HP9X_PC_Laptop,9X3L6PA
SUP,TON,HPCE_SUP_TON,CE390A
SUP,TON,DELLDG_SUP_TON,DG511B
PC,Laptop,HP83_PC_Laptop,834T9PA
PC,Laptop,HP8L_PC_Laptop,8L152PA
PC,Laptop,HP6K_PC_Laptop,6K9C3PA
SUP,INK,DELLM1_SUP_INK,M1T74BB
PC,Laptop,HP9W_PC_Laptop,9W6U6PA
SUP,INK,DELLDI_SUP_INK,DI673AA
SUP,TON,DELLDG_SUP_TON,DG463B
SUP,UNK,HPJ3_SUP_UNK,J3M71A
PH,IJ,DELL8X_PH_IJ,8XR17C
SUP,TON,DELLR8_SUP_TON,R8664B
PH,IJ,HP3D_PH_IJ,3D4L3A
SUP,TON,DELLDF_SUP_TON,DF513B
PC,Laptop,HP8C_PC_Laptop,8C5H5PA
PC,Desktop,HP7K_PC_Desktop,7K667PA
SUP,INK,HPCN_SUP_INK,CN629A
SUP,TON,HPW2_SUP_TON,W2040A
SUP,TON,HPW1_SUP_TON,W1520A
PC,Laptop,DELL9Y_PC_Laptop,9Y2U9QB
PC,Desktop,DELL92_PC_Desktop,92U91QB
SUP,TON,HPW2_SUP_TON,W2111A
PC,Laptop,DELL61_PC_Laptop,61N73QB
SUP,TON,HPCF_SUP_TON,CF341A
PC,Desktop,DELL74_PC_Desktop,746B5QB
PC,Laptop,DELL9M_PC_Laptop,9M263QB
PC,Laptop,DELL8Q_PC_Laptop,8Q814QB
SUP,UNK,HPL0_SUP_UNK,L0S03AA
SUP,INK,DELLU7_SUP_INK,U7N12BB
SUP,UNK,DELLM1_SUP_UNK,M1T14BB
SUP,INK,DELLDI_SUP_INK,DI758B
PH,LJ,HP2Z_PH_LJ,2Z633A
PH,LJ,DELL8L_PH_LJ,8LX67B
SUP,TON,DELLDG_SUP_TON,DG367Y
SUP,INK,DELLY5_SUP_INK,Y5F80BB
PC,Laptop,HP8U_PC_Laptop,8U6Y8PA
PC,Desktop,HP84_PC_Desktop,843D2PA
PC,Desktop,HP6X_PC_Desktop,6X4B5PA
SUP,TON,HPCF_SUP_TON,CF277A
SUP,INK,HP3Y_SUP_INK,3YM76AA
SUP,TON,DELLX3_SUP_TON,X3223B
SUP,INK,HPCN_SUP_INK,CN692AA
PC,Laptop,DELL9G_PC_Laptop,9G7D5QB
PH,IJ,HP5H_PH_IJ,5HB10A
PC,Monitor,DELL7E_PC_Monitor,7E9H0B7
PC,Desktop,HP7J_PC_Desktop,7J174PA
SUP,INK,DELL4Z_SUP_INK,4ZQ05BB
SUP,TON,HPCF_SUP_TON,CF230A
PC,Laptop,DELL8M_PC_Laptop,8M144QB
PC,Laptop,DELL8T_PC_Laptop,8T5O8QB
SUP,INK,DELLD0_SUP_INK,D0482B
SUP,TON,DELLX3_SUP_TON,X3424B
PC,Laptop,DELL9M_PC_Laptop,9M257QB
PC,Laptop,HPA0_PC_Laptop,A0EH4PA
SUP,TON,DELLM1_SUP_TON,M1I36B
PC,Laptop,DELL9G_PC_Laptop,9G7D6QB
PH,IJ,DELL65_PH_IJ,65S61C
SUP,TON,DELLX3_SUP_TON,X3421B
SUP,TON,HPCE_SUP_TON,CE740A
SUP,TON,HPCF_SUP_TON,CF403A
PH,LJ,DELL8Q_PH_LJ,8QT93B
SUP,INK,HPC9_SUP_INK,C9384A
SUP,UNK,DELLM1_SUP_UNK,M1T11BB
PC,Monitor,HP64_PC_Monitor,64V81AA
SUP,INK,HP3W_SUP_INK,3WX37A
PC,Desktop,DELL8L_PC_Desktop,8L3Q8QB
SUP,INK,HPT6_SUP_INK,T6L97AA
SUP,INK,HP49_SUP_INK,498P2A
SUP,INK,HP3W_SUP_INK,3WX38A
SUP,INK,DELLDI_SUP_INK,DI675AA
PC,Desktop,HP7K_PC_Desktop,7K1G3PA
PH,IJ,HPL3_PH_IJ,L3U44A
PC,Laptop,DELL9V_PC_Laptop,9V2I7QB
SUP,TON,HPCF_SUP_TON,CF232A
PC,Desktop,HP6C_PC_Desktop,6C3G2PA
SUP,INK,HPCZ_SUP_INK,CZ107AA
PC,Laptop,DELL7M_PC_Laptop,7M1M2QB
PH,IJ,DELL2G_PH_IJ,2G4X4B
PC,Desktop,HP6H_PC_Desktop,6H1X2PA
PC,Laptop,HPA0_PC_Laptop,A00PPPA
SUP,INK,HPT6_SUP_INK,T6M13AA
SUP,INK,DELL4Z_SUP_INK,4ZN83BB
PC,Laptop,DELL9D_PC_Laptop,9D5S0QB
PC,Laptop,HP8F_PC_Laptop,8F6D4PA
PC,Laptop,HP67_PC_Laptop,67V50PA
PC,Desktop,HP7K_PC_Desktop,7K2P7PA
SUP,TON,DELLX3_SUP_TON,X3224Y
SUP,TON,HPCE_SUP_TON,CE323A
SUP,TON,DELLDG_SUP_TON,DG343B
PC,Laptop,HP8C_PC_Laptop,8C4R6PA
PC,Laptop,DELL98_PC_Laptop,98C68QB
SUP,TON,DELLDG_SUP_TON,DG325B
SUP,TON,DELLX3_SUP_TON,X3104B
PH,IJ,DELL7V_PH_IJ,7VV59B
PC,Laptop,HP8U_PC_Laptop,8U6Z7PA
PC,Desktop,DELL7K_PC_Desktop,7K1Z0QB
SUP,INK,DELLDI_SUP_INK,DI672AA
SUP,TON,HPCF_SUP_TON,CF214A
SUP,INK,HPC9_SUP_INK,C9373A
PH,IJ,DELL4E_PH_IJ,4E5M4B
SUP,INK,HPF9_SUP_INK,F9K05A
PH,LJ,DELL7H_PH_LJ,7HX75B
SUP,INK,HP3W_SUP_INK,3WX19A
SUP,TON,HPW2_SUP_TON,W2093A
PC,Laptop,DELL8N_PC_Laptop,8N760QB
SUP,INK,HP49_SUP_INK,498N6A
SUP,INK,HPC9_SUP_INK,C9352AA
SUP,TON,DELLX3_SUP_TON,X3411B
PC,Monitor,DELL51_PC_Monitor,51A37BB
PC,Monitor,HP2H_PC_Monitor,2H0N1AA
SUP,INK,HPCN_SUP_INK,CN048AA
SUP,INK,HPT6_SUP_INK,T6M17AA
PC,Desktop,DELL80_PC_Desktop,80V95QB
SUP,INK,HP3W_SUP_INK,3WX13A
PC,Desktop,DELL49_PC_Desktop,490B2QB
PC,Laptop,DELL91_PC_Laptop,916Y3QB
SUP,INK,HPX4_SUP_INK,X4E78AA
PH,LJ,HP71_PH_LJ,715A5A
PH,SJ,HPL2_PH_SJ,L2763A
SUP,INK,DELLD0_SUP_INK,D0569B
SUP,INK,HP3Y_SUP_INK,3YM73AA
PH,IJ,DELL4F_PH_IJ,4FL26B
SUP,INK,HPF9_SUP_INK,F9K16A
SUP,TON,DELLDG_SUP_TON,DG476B
SUP,TON,HPW2_SUP_TON,W2300A
PC,Laptop,HP8F_PC_Laptop,8F6K1PA
SUP,TON,DELLDG_SUP_TON,DG339B
SUP,UNK,HP6Z_SUP_UNK,6ZD61AA
PC,Laptop,DELL9V_PC_Laptop,9V7Z2QB
PH,LJ,DELL2Q_PH_LJ,2QW98B
PC,Laptop,DELL8A_PC_Laptop,8A2Q0QB
SUP,TON,HPW1_SUP_TON,W1460X
PC,Desktop,HP7L_PC_Desktop,7L856PA
PC,Desktop,DELL8K_PC_Desktop,8K2T6QB
PC,Laptop,DELL7M_PC_Laptop,7M1L0QB
PC,Laptop,HP6K_PC_Laptop,6K9C5PA
PC,Desktop,HP6F_PC_Desktop,6F967PA
PH,IJ,DELL51_PH_IJ,515M8D
SUP,TON,DELLDG_SUP_TON,DG380B
SUP,TON,DELLX3_SUP_TON,X3412B
SUP,TON,DELLX3_SUP_TON,X3102B
SUP,TON,HPCF_SUP_TON,CF365A
PC,Desktop,DELL7D_PC_Desktop,7D4H3QB
PH,LJ,HP2Z_PH_LJ,2Z634A
PH,IJ,DELL2G_PH_IJ,2G4Z3B
PC,Laptop,HP8L_PC_Laptop,8L130PA
SUP,TON,HPCF_SUP_TON,CF237A
SUP,INK,HPB3_SUP_INK,B3P06A
PC,Monitor,DELL7O_PC_Monitor,7O5F3BB
PC,Laptop,DELLB1_PC_Laptop,B14DIQB
SUP,INK,HPF6_SUP_INK,F6V20AA
PH,IJ,DELL5B_PH_IJ,5B9E5B
SUP,TON,HPCF_SUP_TON,CF510A
SUP,INK,HPP2_SUP_INK,P2V83A
PC,Laptop,DELL0E_PC_Laptop,0E4O6QB
PC,Laptop,HP8L_PC_Laptop,8L8P2PA
PC,Desktop,DELL95_PC_Desktop,954C7QB
PC,Laptop,HP81_PC_Laptop,81H51PA
PC,Desktop,DELL8L_PC_Desktop,8L2I5QB
PC,Laptop,HP8L_PC_Laptop,8L146PA
SUP,INK,DELLQ3_SUP_INK,Q3W79B
PC,Laptop,DELL8R_PC_Laptop,8R7A3QB
PH,LJ,HP2Z_PH_LJ,2Z613A
SUP,INK,HP3Y_SUP_INK,3YP93AA
SUP,INK,HP3E_SUP_INK,3ED43A
SUP,INK,HPCN_SUP_INK,CN633A
PC,Laptop,DELL0V_PC_Laptop,0V211QB
PH,IJ,HP1F_PH_IJ,1F3Y2A
PH,IJ,HP4S_PH_IJ,4SB24A
PC,Desktop,DELL7Y_PC_Desktop,7Y5C6QB
PH,LJ,HP38_PH_LJ,381U2A
SUP,TON,HPCF_SUP_TON,CF213A
PH,IJ,DELL6I_PH_IJ,6IC17B
SUP,UNK,HPL0_SUP_UNK,L0S09AA
PC,Desktop,DELL8M_PC_Desktop,8M967QB
SUP,INK,DELL4Z_SUP_INK,4ZN29BB
PC,Desktop,HP6X_PC_Desktop,6X9S0PA
SUP,TON,DELLDG_SUP_TON,DG321B
SUP,INK,HPL0_SUP_INK,L0S54AA
SUP,TON,DELLDG_SUP_TON,DG398B
PH,IJ,DELL5T_PH_IJ,5TC35B
PH,IJ,DELL69_PH_IJ,699K9C
PH,IJ,HPT8_PH_IJ,T8W16A
SUP,INK,HP3E_SUP_INK,3ED68A
SUP,INK,DELL4Z_SUP_INK,4ZN84BB
SUP,TON,DELLDG_SUP_TON,DG345B
SUP,UNK,HPL0_SUP_UNK,L0R97AA
SUP,INK,DELLDA_SUP_INK,DA241B
PC,Desktop,HP7J_PC_Desktop,7J2M3PA
SUP,INK,HP3W_SUP_INK,3WX07A
PC,Desktop,HP38_PC_Desktop,389A1PA
PH,LJ,HP5H_PH_LJ,5HH65A
PC,Desktop,HP8F_PC_Desktop,8F6D4PA
PC,Desktop,HP8L_PC_Desktop,8L107PA
PC,Laptop,HP8L_PC_Laptop,8L8P5PA
PC,Laptop,DELL8Z_PC_Laptop,8Z7V7QB
SUP,TON,DELLDG_SUP_TON,DG514B
PC,Desktop,DELL8I_PC_Desktop,8I1Z8QB
SUP,INK,HP49_SUP_INK,498N7A
PC,Laptop,DELLB1_PC_Laptop,B1FI5QB
SUP,TON,HPCF_SUP_TON,CF231A
PC,Laptop,DELL9G_PC_Laptop,9G7E4QB
SUP,INK,HP3W_SUP_INK,3WX21A
PC,Laptop,HP9D_PC_Laptop,9D3P1PA
SUP,TON,HPW2_SUP_TON,W2092A
SUP,INK,DELL4X_SUP_INK,4XY18B
SUP,TON,HPCF_SUP_TON,CF380A
PH,LJ,DELL3A_PH_LJ,3A743B
SUP,TON,HPCF_SUP_TON,CF413A
SUP,TON,HPZ7_SUP_TON,Z7Y88A
SUP,TON,DELLX2_SUP_TON,X2446Y
PC,Desktop,HP92_PC_Desktop,92Z21PA
PC,Laptop,HP74_PC_Laptop,743A1PA
PC,Laptop,DELL0U_PC_Laptop,0U9L9QB
SUP,INK,DELL4F_SUP_INK,4FE30B
SUP,INK,HP3Y_SUP_INK,3YP17AA
PC,Desktop,HP88_PC_Desktop,88Z16PA
PC,Laptop,DELL9M_PC_Laptop,9M258QB
PH,IJ,HPW3_PH_IJ,W3Z72A
PC,Desktop,HP7J_PC_Desktop,7J180PA
PC,Laptop,HP6K_PC_Laptop,6K7U2PA
PH,IJ,DELL4Y_PH_IJ,4YC89B
SUP,INK,DELL8L_SUP_INK,8L4X0BB
PH,LJ,DELL6I_PH_LJ,6II76B
SUP,INK,DELLY5_SUP_INK,Y5F89BB
SUP,INK,DELLDA_SUP_INK,DA219BB
PC,Laptop,HP8U_PC_Laptop,8U6Z2PA
PC,Laptop,DELL61_PC_Laptop,61N74QB
SUP,TON,DELLA0_SUP_TON,A0N18B
PC,Laptop,HP81_PC_Laptop,81H48PA
SUP,INK,HPP2_SUP_INK,P2V62A
SUP,INK,DELLM1_SUP_INK,M1T35BB
SUP,TON,DELLDD_SUP_TON,DD499B
SUP,INK,DELLG0_SUP_INK,G0K89B
PC,Laptop,DELL0X_PC_Laptop,0X7V7QB
SUP,INK,HP3J_SUP_INK,3JA78AA
SUP,TON,HPCE_SUP_TON,CE285A
SUP,UNK,DELLM1_SUP_UNK,M1S99BB
PC,Laptop,DELL9Y_PC_Laptop,9Y160QB
SUP,INK,DELL5L_SUP_INK,5L1W0QB
PC,Laptop,HP8U_PC_Laptop,8U6Y1PA
PC,Laptop,HP9U_PC_Laptop,9U100PA
PH,LJ,DELL5A_PH_LJ,5AC07B
PH,IJ,HPL3_PH_IJ,L3U43A
PC,Laptop,HP7P_PC_Laptop,7P703PA
SUP,TON,HPCF_SUP_TON,CF363X
PC,Desktop,DELL7D_PC_Desktop,7D4H2QB
PC,Laptop,HP67_PC_Laptop,678M8PA
PH,IJ,HP5S_PH_IJ,5SE26B
SUP,UNK,DELLM1_SUP_UNK,M1T10BB
PC,Laptop,HP6L_PC_Laptop,6L0L0PA
PC,Laptop,DELL92_PC_Laptop,92I59QB
PC,Desktop,DELL7H_PC_Desktop,7H786QB
PH,IJ,HP53_PH_IJ,537P5C
PC,Laptop,DELL8R_PC_Laptop,8R7Z0QB
SUP,INK,HPC2_SUP_INK,C2P22AA
PC,Laptop,DELL92_PC_Laptop,92I62QB
SUP,TON,DELLDF_SUP_TON,DF854B
PC,Monitor,HP1H_PC_Monitor,1H849A6
PC,Monitor,HP6N_PC_Monitor,6N4D6AA
PC,Laptop,DELL0E_PC_Laptop,0E1L8QB
SUP,INK,HPC9_SUP_INK,C9406A
SUP,INK,DELLD0_SUP_INK,D0515B
PC,Desktop,HP78_PC_Desktop,782M0PA
SUP,INK,HPT6_SUP_INK,T6L89AA
PH,LJ,DELL6I_PH_LJ,6II59B
SUP,INK,HP7K_SUP_INK,7K3W9AA
PC,Desktop,HP78_PC_Desktop,782N1PA
PH,IJ,HP4A_PH_IJ,4A8D9A
PC,Desktop,DELL9G_PC_Desktop,9G5D6QB
SUP,INK,DELLD3_SUP_INK,D3Q16BB
SUP,INK,HP3J_SUP_INK,3JA79AA
PC,Laptop,HP9Y_PC_Laptop,9Y0Y6PA
SUP,INK,DELLM1_SUP_INK,M1T71BB
PC,Monitor,HP6N_PC_Monitor,6N6E9AA
SUP,INK,HPF9_SUP_INK,F9K15A
PC,Laptop,DELL8A_PC_Laptop,8A592QB
SUP,INK,HPCH_SUP_INK,CH561ZZ
PC,Laptop,DELL9Z_PC_Laptop,9Z7A9QB
PC,Laptop,HP90_PC_Laptop,90N54PA
PC,Monitor,DELL75_PC_Monitor,75X52BB
PC,Laptop,DELL02_PC_Laptop,02S12QB
SUP,TON,DELLX2_SUP_TON,X2215B
PH,IJ,DELL7V_PH_IJ,7VV58B
SUP,INK,HP3J_SUP_INK,3JA77AA
SUP,INK,DELLD3_SUP_INK,D3Q35BB
SUP,INK,HP3W_SUP_INK,3WX15A
PH,LJ,DELLDA_PH_LJ,DA285B
PC,Laptop,HP8Y_PC_Laptop,8Y6Z8PA
PC,Desktop,HP84_PC_Desktop,843B6PA
SUP,UNK,HPL0_SUP_UNK,L0R94AA
SUP,TON,DELLA0_SUP_TON,A0N12B
PC,Laptop,DELL8M_PC_Laptop,8M146QB
PC,Laptop,DELL9Z_PC_Laptop,9Z090QB
SUP,INK,DELLDI_SUP_INK,DI676B
PC,Desktop,DELL92_PC_Desktop,92U80QB
SUP,INK,DELLU7_SUP_INK,U7M04BB
PC,Laptop,DELL8R_PC_Laptop,8R7A4QB
SUP,INK,HPC4_SUP_INK,C4810A
SUP,TON,HPW2_SUP_TON,W2113A
SUP,INK,DELLG0_SUP_INK,G0L27B
SUP,TON,DELLDF_SUP_TON,DF852B
SUP,TON,HPCE_SUP_TON,CE515A
PC,Laptop,HP9Q_PC_Laptop,9Q9M6PA
PC,Laptop,DELL8R_PC_Laptop,8R7A1QB
SUP,INK,DELL7A_SUP_INK,7AE42BB
PC,Laptop,HP7Y_PC_Laptop,7Y6U6PA
SUP,INK,HPCN_SUP_INK,CN047AA
SUP,INK,HP3Y_SUP_INK,3YM70AA
PC,Laptop,HP7P_PC_Laptop,7P6Z8PA
SUP,INK,HPCZ_SUP_INK,CZ135A
PC,Desktop,HP78_PC_Desktop,780A6PA
PC,Desktop,HP87_PC_Desktop,87G01PA
SUP,INK,DELL4Z_SUP_INK,4ZN33BB
SUP,TON,HPCF_SUP_TON,CF279A
PC,Laptop,DELL0A_PC_Laptop,0A946QB
PC,Monitor,HP40_PC_Monitor,40Z26AA
SUP,TON,HPZ7_SUP_TON,Z7Y90A
SUP,INK,DELL5T_SUP_INK,5T7Y6QB
SUP,TON,DELLDF_SUP_TON,DF389BG
PC,Laptop,HP9W_PC_Laptop,9W6U8PA
SUP,INK,HPL0_SUP_INK,L0S60AA
SUP,INK,HP3E_SUP_INK,3ED49A
SUP,TON,HPQ2_SUP_TON,Q2612A
PH,LJ,DELL9B_PH_LJ,9BG56B
PC,Desktop,DELL95_PC_Desktop,95I64QB
SUP,TON,HPZ7_SUP_TON,Z7Y85A
SUP,INK,HPT6_SUP_INK,T6M09AA
SUP,INK,DELLDO_SUP_INK,DO744B
SUP,INK,DELLDI_SUP_INK,DI757B
SUP,INK,HPC2_SUP_INK,C2P25AA
SUP,INK,DELL4Z_SUP_INK,4ZN87BB
PC,Laptop,HP7Q_PC_Laptop,7Q6Z8PA
SUP,INK,DELL4F_SUP_INK,4FE55B
PC,Laptop,DELL9R_PC_Laptop,9R4Y6QB
PH,LJ,DELL9B_PH_LJ,9BG63B
PC,Desktop,DELL7D_PC_Desktop,7D4H7QB
PC,Desktop,DELL95_PC_Desktop,95K19QB
SUP,INK,DELLD3_SUP_INK,D3Q32BB
PC,Laptop,DELL7K_PC_Laptop,7K3U9QB
PC,Desktop,HP7P_PC_Desktop,7P0W4PA
SUP,INK,HP4K_SUP_INK,4K0V7PA
PH,IJ,HP3E_PH_IJ,3EK13A
PC,Laptop,HPA0_PC_Laptop,A03CKPA
PC,Laptop,HP7Y_PC_Laptop,7Y6U1PA
PC,Laptop,DELL5Z_PC_Laptop,5Z1M3FD
PC,Desktop,HP9R_PC_Desktop,9R4N9PA
SUP,INK,HP3W_SUP_INK,3WX06A
PC,Desktop,HP8F_PC_Desktop,8F4C9PA
SUP,TON,HPW2_SUP_TON,W2302A
PH,SJ,DELL7G_PH_SJ,7GX18B
SUP,TON,HPCF_SUP_TON,CF411A
SUP,INK,DELLG0_SUP_INK,G0K78B
SUP,TON,HPCE_SUP_TON,CE313A
SUP,INK,HPCH_SUP_INK,CH645A
SUP,TON,HPCE_SUP_TON,CE402A
PC,Laptop,HP8F_PC_Laptop,8F6K2PA
PC,Monitor,HP65_PC_Monitor,65P59A6
SUP,TON,HPCF_SUP_TON,CF351A
SUP,INK,HPC9_SUP_INK,C9372A
PC,Laptop,DELL9G_PC_Laptop,9G7D9QB
SUP,TON,DELLX2_SUP_TON,X2223B
PC,Monitor,DELL46_PC_Monitor,467E7BB
SUP,INK,DELLDD_SUP_INK,DD754AA
SUP,INK,HPCR_SUP_INK,CR312AA
PC,Laptop,DELL9V_PC_Laptop,9V7A8QB
PC,Laptop,HP9C_PC_Laptop,9C9E1PA
SUP,TON,DELLDG_SUP_TON,DG391B
PC,Desktop,DELL89_PC_Desktop,893O1QB
PC,Laptop,HP7K_PC_Laptop,7K5J8PA
PH,SJ,DELL31_PH_SJ,31H16B
SUP,INK,HPCZ_SUP_INK,CZ130A
SUP,INK,DELL4F_SUP_INK,4FE80B
PC,Laptop,DELLB5_PC_Laptop,B56Z7QB
PC,Desktop,DELL99_PC_Desktop,99A27QB
SUP,TON,HPCF_SUP_TON,CF362X
PC,Laptop,HP7Z_PC_Laptop,7Z1P8PA
SUP,INK,DELLD3_SUP_INK,D3Q31BB
PH,SJ,DELL31_PH_SJ,31H18B
PC,Desktop,HP67_PC_Desktop,67U65PA
PC,Desktop,HP6C_PC_Desktop,6C3G1PA
SUP,INK,DELL4K_SUP_INK,4KB88BB
PC,Desktop,DELL8Y_PC_Desktop,8Y0L1QB
SUP,TON,DELLX2_SUP_TON,X2771B
PH,IJ,DELL3S_PH_IJ,3SN93B
PC,Desktop,HP6J_PC_Desktop,6J0Y9PA
PH,LJ,HP7K_PH_LJ,7KW56A
SUP,TON,DELLDF_SUP_TON,DF432B
PC,Laptop,HP4Y_PC_Laptop,4Y0L2EC
PC,Laptop,DELL8Z_PC_Laptop,8Z7V0QB
PC,Monitor,DELL7Q_PC_Monitor,7QB61B5
PC,Laptop,DELLB1_PC_Laptop,B11QRQB
SUP,INK,DELL4Z_SUP_INK,4ZN81BB
PC,Desktop,HP8F_PC_Desktop,8F4C5PA
PH,LJ,DELL5A_PH_LJ,5AC06B
SUP,INK,HPC2_SUP_INK,C2P06AA
PC,Laptop,DELL8Z_PC_Laptop,8Z7V2QB
PC,Laptop,HP9R_PC_Laptop,9R291PA
PC,Laptop,DELL9V_PC_Laptop,9V7Y9QB
PC,Laptop,DELL9V_PC_Laptop,9V7Z9QB
SUP,TON,HPZ9_SUP_TON,Z9M01A
PH,IJ,DELL69_PH_IJ,699M4E
PC,Laptop,DELL9M_PC_Laptop,9M256QB
PC,Laptop,HP7N_PC_Laptop,7N760PA
SUP,TON,DELLX2_SUP_TON,X2214B
PC,Laptop,HP7Q_PC_Laptop,7Q6Z2PA
SUP,INK,DELL4X_SUP_INK,4XY24B
PC,Laptop,HP6L_PC_Laptop,6L0K9PA
SUP,INK,HPP2_SUP_INK,P2V25A
SUP,TON,HPZ7_SUP_TON,Z7Y73A
PC,Laptop,HP8F_PC_Laptop,8F8Z3PA
PC,Laptop,DELL9G_PC_Laptop,9G7L2QB
SUP,INK,HP67_SUP_INK,676M6A
PH,IJ,HP1F_PH_IJ,1F3Y4A
SUP,TON,HPCF_SUP_TON,CF359A
SUP,TON,HPZ9_SUP_TON,Z9M02A
SUP,INK,DELLDO_SUP_INK,DO703BB
PC,Desktop,DELL7K_PC_Desktop,7K1Q6QB
SUP,INK,HPM0_SUP_INK,M0H50AA
SUP,INK,HPL0_SUP_INK,L0S57AA
SUP,INK,HP3W_SUP_INK,3WX08A
PC,Laptop,DELL9I_PC_Laptop,9I549QB
SUP,INK,DELL4X_SUP_INK,4XY26B
PC,Laptop,HP8F_PC_Laptop,8F6D3PA
SUP,INK,DELLD3_SUP_INK,D3Q18BB
PC,Desktop,HP63_PC_Desktop,635X7PA
SUP,TON,HPW1_SUP_TON,W1580X
PC,Laptop,HP77_PC_Laptop,77S54PA
PC,Laptop,DELL0E_PC_Laptop,0E4N8QB
SUP,INK,DELL4K_SUP_INK,4KB93BB
SUP,TON,DELLX2_SUP_TON,X2231B
SUP,INK,HPB3_SUP_INK,B3P21A
PC,Desktop,DELL78_PC_Desktop,78X20QB
SUP,TON,HPCF_SUP_TON,CF364A
