PL,SKU,SUB_CATEGORY
DELL0X_PC_Laptop,0X749QB,Laptop
DELL75_PC_Monitor,75X62BB,Monitor
DELLDF_SUP_TON,DF627B,TON
HP4Z_PH_LJ,4ZB96A,LJ
DELL0R_PC_Laptop,0R0N0QB,Laptop
DELL7L_PH_IJ,7LE37B,IJ
DELL89_PC_Desktop,89Z55QB,Desktop
HP8C_PC_Laptop,8C4R9PA,Laptop
DELLG0_SUP_INK,G0L15B,INK
DELLDF_SUP_TON,DF853B,TON
HPCN_SUP_INK,CN045AA,INK
HPC2_SUP_INK,C2P23AA,INK
HPC2_SUP_INK,C2P21AA,INK
DELL4F_SUP_INK,4FE79B,INK
DELLDG_SUP_TON,DG460B,TON
HP8F_PC_Laptop,8F6C9PA,Laptop
HP4K_SUP_INK,4K0V9PA,INK
HP8F_PC_Laptop,8F8Z8PA,Laptop
HPL0_SUP_UNK,L0R91AA,UNK
HPT8_PH_IJ,T8W15A,IJ
HP7N_PC_Desktop,7N6V0PA,Desktop
HP7W_PC_Laptop,7W475PA,Laptop
HP88_PC_Desktop,889G9PA,Desktop
HP9E_PC_Laptop,9E3Q6PA,Laptop
HP3E_SUP_INK,3ED28A,INK
HP8L_PC_Laptop,8L147PA,Laptop
DELL6S_PC_Monitor,6SE77BB,Monitor
HP9D_PC_Laptop,9D3N8PA,Laptop
DELL4Z_SUP_INK,4ZQ28BB,INK
DELL4Z_SUP_INK,4ZN88BB,INK
DELL7M_PC_Laptop,7M9Q1FD,Laptop
DELLDG_SUP_TON,DG514Y,TON
DELLDE_SUP_INK,DE083BB,INK
DELL4K_SUP_INK,4KB89BB,INK
DELL7Y_PC_Desktop,7Y4R5QB,Desktop
HP8H_PC_Laptop,8H5D4PA,Laptop
DELLA8_SUP_TON,A8Z92B,TON
HPW1_SUP_TON,W1370X,TON
DELL0F_PC_Laptop,0F4K7QB,Laptop
HP9D_PC_Laptop,9D3N3PA,Laptop
DELL9M_PC_Laptop,9M271QB,Laptop
HP64_PC_Monitor,64W41AA,Monitor
DELL7I_PC_Desktop,7I2Y3QB,Desktop
DELLDG_SUP_TON,DG321Y,TON
DELL4X_SUP_INK,4XY11B,INK
HPCZ_SUP_INK,CZ124AA,INK
DELLC4_SUP_INK,C4Q17B,INK
DELL4X_SUP_INK,4XY20B,INK
HP6D_PC_Monitor,6D8G9A6,Monitor
DELL9M_PC_Laptop,9M266QB,Laptop
HPCF_SUP_TON,CF210A,TON
HP67_SUP_INK,676M8A,INK
DELLDO_SUP_INK,DO745B,INK
DELL7Y_PC_Desktop,7Y4T6QB,Desktop
HP58_PH_IJ,588J8B,IJ
HPCE_SUP_TON,CE980A,TON
DELLDE_SUP_INK,DE086BB,INK
DELL4Z_SUP_INK,4ZN31BB,INK
HP9J_PC_Laptop,9J6K8PA,Laptop
DELL4Z_SUP_INK,4ZN28BB,INK
HP4K_SUP_INK,4K0V8PA,INK
DELL78_PC_Laptop,78W61QB,Laptop
DELL4Z_SUP_INK,4ZQ04BB,INK
DELLX2_SUP_TON,X2631B,TON
DELL9A_PC_Laptop,9A8X6QB,Laptop
HP38_PC_Desktop,385Z7PA,Desktop
HPW1_SUP_TON,W1520X,TON
DELLA8_SUP_TON,A8Z89B,TON
DELLR6_SUP_TON,R6050B,TON
DELL9G_PC_Desktop,9G5D0QB,Desktop
HPC9_SUP_INK,C9404A,INK
DELLDG_SUP_TON,DG324B,TON
HP7W_PH_IJ,7WQ06B,IJ
HP6X_PC_Desktop,6X3W3PA,Desktop
HPCN_SUP_INK,CN628AA,INK
HPT6_SUP_INK,T6M05AA,INK
DELL8L_PC_Desktop,8L778QB,Desktop
DELL4Z_SUP_INK,4ZN82BB,INK
HPP2_SUP_INK,P2V69A,INK
DELL95_PC_Desktop,954E3QB,Desktop
DELL3F_PC_Monitor,3F3Z4B7,Monitor
HP3J_SUP_INK,3JA85AA,INK
HP4Z_PH_LJ,4ZB95A,LJ
HP7J_PC_Desktop,7J4Y1PA,Desktop
HPCD_SUP_INK,CD951A,INK
DELLX2_PH_LJ,X2B35B,LJ
HP6G_PH_LJ,6GX04A,LJ
DELL4X_SUP_INK,4XY25B,INK
HP60_PH_IJ,60K34B,IJ
DELL4X_SUP_INK,4XY19B,INK
DELL8L_PC_Desktop,8L6X3QB,Desktop
DELLN1_SUP_INK,N1I66BB,INK
DELL0R_PC_Laptop,0R073QB,Laptop
HP80_PC_Laptop,804L1PA,Laptop
DELL7A_SUP_UNK,7AE72BB,UNK
DELLDD_SUP_TON,DD499Y,TON
HP2Z_PH_LJ,2Z615A,LJ
HP6L_PC_Laptop,6L8P0EC,Laptop
DELL7O_PC_Laptop,7O141QB,Laptop
DELLX3_SUP_TON,X3422B,TON
DELLX2_SUP_TON,X2691Y,TON
DELL4Z_SUP_INK,4ZN26BB,INK
DELLDF_SUP_TON,DF431B,TON
DELL4X_SUP_INK,4XY46B,INK
HP82_PC_Laptop,821J4PA,Laptop
DELLB1_PC_Laptop,B14DOQB,Laptop
HPW2_SUP_TON,W2043A,TON
DELLC4_SUP_INK,C4Q32B,INK
DELL03_PC_Laptop,03V96QB,Laptop
HP8L_PC_Laptop,8L8P4PA,Laptop
DELL9G_PC_Laptop,9G7D0QB,Laptop
DELL50_SUP_INK,509O6B,INK
HP92_PC_Laptop,92U76PA,Laptop
HP84_PC_Desktop,84H53PA,Desktop
DELLM1_SUP_INK,M1T65BB,INK
DELL31_PH_SJ,31H19B,SJ
HP8Y_PC_Laptop,8Y989PA,Laptop
HP78_PC_Desktop,78Y44PA,Desktop
DELL8R_PC_Laptop,8R7A8QB,Laptop
HP7W_PH_IJ,7WN44D,IJ
HP3W_SUP_INK,3WX14A,INK
HPM0_SUP_INK,M0H55AA,INK
HP7P_PC_Desktop,7P2C5PA,Desktop
HP3Y_SUP_INK,3YM77AA,INK
DELLDI_SUP_INK,DI759B,INK
HPCB_SUP_TON,CB541A,TON
HP8Z_PC_Laptop,8Z7W5PA,Laptop
HPCF_SUP_TON,CF362A,TON
HP71_PH_LJ,715A3A,LJ
HP3Y_SUP_INK,3YM72AA,INK
HP8L_PC_Laptop,8L120PA,Laptop
HPCZ_PH_LJ,CZ186A,LJ
HP51_SUP_INK,51645AA,INK
HPP2_SUP_INK,P2V63A,INK
HP8X_PC_Laptop,8X1T8PA,Laptop
HPB3_SUP_INK,B3P20A,INK
HP7Y_PC_Laptop,7Y6U9PA,Laptop
HP3E_SUP_INK,3ED69A,INK
DELL9G_PC_Laptop,9G7K9QB,Laptop
DELLDO_SUP_INK,DO737BB,INK
HPCF_SUP_TON,CF500A,TON
HP9T_PC_Desktop,9T8L0PA,Desktop
HPCC_SUP_INK,CC643ZZ,INK
DELL9D_PC_Laptop,9D5S9QB,Laptop
DELL9G_PC_Laptop,9G9A2QB,Laptop
HP6X_PC_Desktop,6X3Q4PA,Desktop
HP3E_SUP_INK,3ED29A,INK
DELLDG_SUP_TON,DG491B,TON
DELL64_PH_LJ,64Q52B,LJ
HPC2_SUP_INK,C2P04AA,INK
DELLD0_SUP_INK,D0483B,INK
HP8C_PC_Laptop,8C4R7PA,Laptop
HP40_PH_IJ,404L7C,IJ
DELL89_PC_Desktop,893O2QB,Desktop
HPA4_PC_Laptop,A45Y7PA,Laptop
HPF9_SUP_INK,F9K04A,INK
DELL6I_PH_LJ,6II78B,LJ
HPCH_SUP_INK,CH564ZZ,INK
DELL95_PC_Laptop,952X8QB,Laptop
DELLQ3_SUP_INK,Q3W36B,INK
DELL8K_PC_Desktop,8K3N4QB,Desktop
HPCN_SUP_INK,CN627AA,INK
HP1V_SUP_INK,1VV21AA,INK
HPCF_SUP_TON,CF257A,TON
DELLDG_SUP_TON,DG621B,TON
DELLDO_SUP_INK,DO157BB,INK
DELLDF_SUP_TON,DF396B,TON
HP8L_PC_Laptop,8L160PA,Laptop
DELLX2_SUP_TON,X2571Y,TON
DELL7Y_PC_Desktop,7Y0T1QB,Desktop
DELL0E_PC_Laptop,0E4Q2QB,Laptop
DELLDG_SUP_TON,DG475B,TON
HP3Y_SUP_INK,3YM20AA,INK
HPCE_SUP_TON,CE516A,TON
HPW1_SUP_TON,W1470A,TON
HP6G_PC_Desktop,6G675PA,Desktop
HPC2_SUP_INK,C2P20AA,INK
DELLR3_SUP_TON,R3723BG,TON
DELL0Z_PC_Laptop,0Z1Z7QB,Laptop
HPCC_SUP_TON,CC388A,TON
HPCF_SUP_TON,CF412A,TON
HP6X_PC_Desktop,6X4B9PA,Desktop
HPCF_SUP_TON,CF287A,TON
HP54_PH_IJ,54R58B,IJ
HPCF_SUP_TON,CF211A,TON
DELL0F_PC_Laptop,0F4L5QB,Laptop
DELLB1_PC_Laptop,B14DLQB,Laptop
DELL9G_PC_Laptop,9G5A6QB,Laptop
DELL7Y_PC_Desktop,7Y4X5QB,Desktop
DELL3A_PH_LJ,3A726B,LJ
HP3Y_SUP_INK,3YM22AA,INK
DELL4Z_SUP_INK,4ZN32BB,INK
HPF9_SUP_INK,F9J67A,INK
HP8F_PC_Laptop,8F6J8PA,Laptop
HP3E_SUP_INK,3ED50A,INK
DELLQ3_SUP_INK,Q3W74B,INK
HP8H_PC_Laptop,8H9G6PA,Laptop
DELLX4_PH_IJ,X4A83B,IJ
HP3Y_SUP_INK,3YM71AA,INK
HPW2_SUP_TON,W2310A,TON
HP38_PH_LJ,381V6A,LJ
HP78_PC_Desktop,780A5PA,Desktop
HPCF_SUP_TON,CF403X,TON
DELLB1_PC_Laptop,B11QNQB,Laptop
HP50_PC_Laptop,50M63PA,Laptop
HP9Q_PC_Desktop,9Q932PA,Desktop
DELL7G_PH_SJ,7GX17B,SJ
HP5H_PH_IJ,5HB08A,IJ
DELL78_SUP_INK,787N7B,INK
DELL0X_PC_Laptop,0X7V9QB,Laptop
DELLDG_SUP_TON,DG342B,TON
HPCD_SUP_INK,CD973AA,INK
HPA0_PC_Laptop,A03CHPA,Laptop
DELL76_PC_Monitor,76Q68B7,Monitor
HPCE_SUP_TON,CE741A,TON
HP5R_PC_Monitor,5RD66AA,Monitor
DELLDG_SUP_TON,DG613B,TON
DELLX2_SUP_TON,X2581B,TON
HP81_PC_Laptop,81M38AA,Laptop
HPW2_SUP_TON,W2041A,TON
DELL92_PC_Laptop,92C20QB,Laptop
HPCZ_SUP_INK,CZ637AA,INK
HP8C_PC_Laptop,8C527PA,Laptop
HP4K_PC_Laptop,4K5D5PA,Laptop
DELL8H_PC_Laptop,8H7I2QB,Laptop
DELL7A_SUP_INK,7AE30BB,INK
DELL4F_SUP_INK,4FE61B,INK
DELL4F_SUP_INK,4FE62B,INK
DELLX3_SUP_TON,X3101B,TON
DELL3Z_PH_IJ,3Z0I1B,IJ
HP9Y_PC_Laptop,9Y0Z1PA,Laptop
DELL09_PC_Desktop,094O7QB,Desktop
HP2Z_PH_LJ,2Z614A,LJ
DELLD3_SUP_INK,D3Q34BB,INK
DELL8K_PC_Desktop,8K5Z2QB,Desktop
DELLK4_SUP_UNK,K4N82B,UNK
HP4S_SUP_INK,4S6X8PA,INK
HPW2_SUP_TON,W2303A,TON
HPCE_SUP_TON,CE322A,TON
DELL4X_SUP_INK,4XY41B,INK
DELLG0_SUP_INK,G0L12B,INK
DELL93_PC_Laptop,935M7QB,Laptop
DELLDF_SUP_TON,DF389B,TON
DELLA8_SUP_TON,A8Z01B,TON
DELLDO_SUP_INK,DO164BB,INK
DELL8O_PC_Laptop,8O860QB,Laptop
DELLD3_SUP_INK,D3Q37BB,INK
HP58_PH_IJ,588L3D,IJ
HP8L_PC_Laptop,8L164PA,Laptop
DELLDO_SUP_INK,DO741B,INK
HP6Z_SUP_INK,6ZD32AA,INK
HPCF_SUP_TON,CF401A,TON
HPA0_PC_Laptop,A03CNPA,Laptop
DELLX3_SUP_TON,X3222B,TON
HP6J_PC_Desktop,6J0P5PA,Desktop
HP83_PC_Laptop,832Q8PA,Laptop
HP2Y_PH_IJ,2Y9H0A,IJ
DELL66_PC_Desktop,66A37QB,Desktop
HP78_PC_Desktop,780A2PA,Desktop
DELL89_PC_Monitor,891K6BB,Monitor
DELLDF_SUP_TON,DF626B,TON
DELL7Y_PC_Desktop,7Y0N4QB,Desktop
DELL78_SUP_INK,787N8B,INK
HP3G_PH_LJ,3G636A,LJ
HP54_PH_IJ,54R50B,IJ
DELL9M_PC_Laptop,9M250QB,Laptop
HP3W_SUP_INK,3WX20A,INK
HPP2_SUP_INK,P2V68A,INK
DELLDG_SUP_TON,DG464B,TON
HPZ7_SUP_TON,Z7Y69A,TON
HPC9_SUP_INK,C9458A,INK
DELLDO_SUP_INK,DO747B,INK
DELL0Z_PC_Laptop,0Z1A2QB,Laptop
DELL75_PC_Monitor,75W92BB,Monitor
DELL8L_PC_Laptop,8L1M0QB,Laptop
DELLN1_SUP_INK,N1I67BB,INK
HP2Y_PH_IJ,2Y9H2A,IJ
DELLDO_SUP_INK,DO156BB,INK
HPW1_PH_LJ,W1A24A,LJ
DELLB2_PC_Laptop,B2OX4QB,Laptop
DELLN1_SUP_INK,N1I61BB,INK
HP55_PC_Desktop,55Z26PA,Desktop
DELL0F_PC_Laptop,0F4K5QB,Laptop
DELL98_PC_Desktop,98H12QB,Desktop
DELL4X_SUP_INK,4XY37B,INK
HPCH_SUP_INK,CH565A,INK
DELL5T_SUP_INK,5T7Y7QB,INK
HP8F_PC_Laptop,8F4Z5PA,Laptop
HP5H_PH_LJ,5HH48A,LJ
HPJ3_SUP_UNK,J3M68A,UNK
DELLDG_SUP_TON,DG513B,TON
DELL99_PC_Desktop,990H0QB,Desktop
HPZ7_SUP_TON,Z7Y83A,TON
DELL05_PC_Laptop,054T2QB,Laptop
DELLQ3_SUP_INK,Q3W38B,INK
HP81_PC_Desktop,81T80PA,Desktop
DELLD3_SUP_INK,D3Q17BB,INK
DELL9Z_PC_Desktop,9Z0E5QB,Desktop
HPZ7_SUP_TON,Z7Y76A,TON
HP3E_SUP_INK,3ED67A,INK
HPCF_SUP_TON,CF289A,TON
HPCF_SUP_TON,CF501A,TON
HP87_PC_Laptop,87B57PA,Laptop
DELL8L_PH_LJ,8LX75B,LJ
HP7G_PC_Laptop,7G6H1PA,Laptop
DELL93_PC_Laptop,932K5QB,Laptop
DELLDF_SUP_TON,DF512B,TON
HP8G_PC_Laptop,8G148PA,Laptop
HP64_PC_Monitor,64X66AA,Monitor
DELL8Z_PC_Laptop,8Z7V4QB,Laptop
HPC2_SUP_INK,C2P07AA,INK
DELLA8_SUP_TON,A8Z84B,TON
HP6N_PC_Monitor,6N4E8AA,Monitor
HP8U_PC_Laptop,8U1H3PA,Laptop
DELL4X_SUP_INK,4XY12B,INK
HP3W_SUP_INK,3WX01A,INK
HP6X_PC_Desktop,6X9Q0PA,Desktop
HP7Y_PC_Laptop,7Y6T9PA,Laptop
DELL0Y_PC_Laptop,0Y6K4QB,Laptop
DELLU7_SUP_INK,U7N24BB,INK
DELLG7_SUP_INK,G7W38BB,INK
HP9D_PC_Laptop,9D3N5PA,Laptop
HPCF_SUP_TON,CF513A,TON
DELL4F_SUP_INK,4FE89B,INK
DELL3A_PH_LJ,3A744B,LJ
DELL89_PC_Desktop,893N1QB,Desktop
DELL0U_PC_Desktop,0U9M1QB,Desktop
DELLA8_SUP_TON,A8Z81B,TON
DELLX3_SUP_TON,X3153B,TON
DELLU7_SUP_INK,U7N16BB,INK
DELL4Z_SUP_INK,4ZN27BB,INK
DELL6I_PH_IJ,6IC19B,IJ
HP7M_PC_Laptop,7M659PA,Laptop
HPCD_SUP_INK,CD972AA,INK
HP46_PC_Laptop,46D70PA,Laptop
DELLA8_SUP_TON,A8Z02B,TON
DELL03_PC_Desktop,03A32QB,Desktop
DELLQ3_SUP_INK,Q3W81B,INK
HPC2_SUP_INK,C2P19AA,INK
DELLDD_SUP_TON,DD499BE,TON
HP9U_PC_Laptop,9U2C4PA,Laptop
HP7P_PH_LJ,7PS84A,LJ
DELLM1_SUP_UNK,M1S05BB,UNK
HP7M_PC_Laptop,7M656PA,Laptop
DELLD0_SUP_INK,D0495B,INK
DELL4X_SUP_INK,4XY31B,INK
HP7L_PC_Laptop,7L035PA,Laptop
HP7K_PC_Desktop,7K2P3PA,Desktop
DELLG0_SUP_INK,G0K88B,INK
HPC9_SUP_INK,C9351AA,INK
DELL0E_PC_Laptop,0E4Q1QB,Laptop
DELLU9_PH_IJ,U9X27B,IJ
DELL9M_PC_Laptop,9M233QB,Laptop
HPCF_SUP_TON,CF502A,TON
HP8L_PC_Laptop,8L149PA,Laptop
DELL64_PH_IJ,648Q6D,IJ
HP6U_PH_IJ,6UU48A,IJ
HP7K_PC_Desktop,7K3Z3PA,Desktop
DELL0V_PC_Laptop,0V3D5QB,Laptop
DELLU7_SUP_INK,U7N28BB,INK
DELLDG_SUP_TON,DG320B,TON
DELLA8_SUP_TON,A8Z87B,TON
HP2E_PC_Monitor,2E2Y3A6,Monitor
HP44_PC_Desktop,44V84PA,Desktop
DELLM4_PH_IJ,M4V54B,IJ
DELLQ3_SUP_INK,Q3W73B,INK
DELLDD_SUP_INK,DD751AA,INK
DELLD0_SUP_INK,D0517B,INK
HP84_PC_Laptop,840G6PA,Laptop
HPL0_SUP_INK,L0S66AA,INK
DELL7G_PH_SJ,7GX10B,SJ
DELLDG_SUP_TON,DG368B,TON
HPL0_SUP_UNK,L0S06AA,UNK
HP9X_PC_Laptop,9X5J3PA,Laptop
HPW1_SUP_TON,W1660A,TON
DELL2C_PC_Monitor,2C0Y3BB,Monitor
HP8F_PC_Laptop,8F6D5PA,Laptop
HPCD_SUP_INK,CD975AA,INK
HPA1_PC_Laptop,A1QV2PA,Laptop
DELLX3_SUP_TON,X3221B,TON
DELL49_PH_LJ,492V1B,LJ
HP3Y_SUP_INK,3YM16AA,INK
HPW2_SUP_TON,W2090A,TON
DELL8X_PH_IJ,8XO55E,IJ
HPW1_SUP_TON,W1103AD,TON
DELLA8_SUP_TON,A8Z70B,TON
HPCF_SUP_TON,CF511A,TON
DELLA0_SUP_TON,A0N16B,TON
HPCF_SUP_TON,CF350A,TON
HP7Q_PC_Laptop,7Q6Y9PA,Laptop
HP9T_PC_Laptop,9T8K8PA,Laptop
HPCZ_SUP_INK,CZ132A,INK
HPW2_SUP_TON,W2312A,TON
HPCZ_SUP_INK,CZ122AA,INK
DELL50_SUP_INK,509O7B,INK
DELL4K_SUP_INK,4KB91BB,INK
HPCE_SUP_TON,CE742A,TON
DELLA8_SUP_TON,A8Z79B,TON
HPF6_SUP_INK,F6V27AA,INK
HP4R_PH_LJ,4RA89A,LJ
DELLDO_SUP_INK,DO166BB,INK
HPF9_SUP_INK,F9K17A,INK
HPCF_SUP_TON,CF360A,TON
HP68_PC_Laptop,689U2PA,Laptop
DELLDF_SUP_TON,DF511B,TON
HP67_SUP_INK,676M7A,INK
DELL6T_PH_IJ,6TF37C,IJ
HPCE_SUP_TON,CE410A,TON
HPW1_SUP_TON,W1370A,TON
HP8F_PC_Laptop,8F8Z1PA,Laptop
DELL94_PC_Laptop,945V6QB,Laptop
HPA0_PC_Desktop,A05H9PA,Desktop
HP9E_PC_Laptop,9E3J4PA,Laptop
HP3X_PH_IJ,3XB78A,IJ
DELL7L_PC_Laptop,7L8V3QB,Laptop
DELL9D_PC_Laptop,9D5S8QB,Laptop
HP79_PC_Desktop,79U84PA,Desktop
HP3J_SUP_INK,3JA80AA,INK
HPCZ_SUP_INK,CZ108AA,INK
HPC9_SUP_INK,C9383A,INK
DELL8L_PC_Desktop,8L2H4QB,Desktop
DELLX3_SUP_TON,X3423B,TON
DELLA8_SUP_TON,A8Z99B,TON
HP3W_SUP_INK,3WX42A,INK
DELL31_PH_SJ,31H17B,SJ
HP3J_SUP_INK,3JA81AA,INK
DELLB1_PC_Laptop,B14DKQB,Laptop
DELL4X_SUP_INK,4XY17B,INK
DELL24_PC_Monitor,24M93BB,Monitor
DELL8Z_PC_Laptop,8Z7V9QB,Laptop
DELL7L_PC_Laptop,7L0D7QB,Laptop
HP72_PC_Laptop,72K10PA,Laptop
HP9D_PC_Laptop,9D3P0PA,Laptop
DELL79_PC_Laptop,790V3QB,Laptop
HPCF_SUP_TON,CF361A,TON
DELL9M_PC_Laptop,9M277QB,Laptop
DELLDO_SUP_INK,DO739BB,INK
HP98_PC_Desktop,983N6PA,Desktop
DELLM1_SUP_INK,M1T83BB,INK
HP18_PC_Monitor,189T0AA,Monitor
HPCF_SUP_TON,CF280A,TON
DELLR3_SUP_TON,R3723B,TON
DELLA9_SUP_TON,A9X63B,TON
HP80_PC_Laptop,805X2PA,Laptop
HPCZ_PH_LJ,CZ174A,LJ
HPW2_SUP_TON,W2112A,TON
DELL0E_PC_Laptop,0E4O8QB,Laptop
HP7W_PH_IJ,7WN46D,IJ
DELL0E_PC_Laptop,0E4O4QB,Laptop
DELL9G_PC_Laptop,9G7L3QB,Laptop
DELL4Z_SUP_INK,4ZN20BB,INK
HP9E_PC_Laptop,9E3K8PA,Laptop
DELLDC_SUP_TON,DC651B,TON
HPW2_SUP_TON,W2301A,TON
HP6F_PH_SJ,6FW07A,SJ
DELLG0_SUP_INK,G0L14B,INK
HPA0_PC_Laptop,A00PMPA,Laptop
DELL4X_SUP_INK,4XY53B,INK
DELLDG_SUP_TON,DG322B,TON
HPW1_SUP_TON,W1120A,TON
HPZ7_SUP_TON,Z7Y79A,TON
DELL5L_SUP_INK,5L1W9QB,INK
DELL9M_PC_Desktop,9M218QB,Desktop
HP3W_SUP_INK,3WX30A,INK
DELLDA_SUP_INK,DA243B,INK
HP9W_PC_Laptop,9W638PA,Laptop
HP3J_SUP_INK,3JA83AA,INK
HP3E_SUP_INK,3ED77A,INK
DELLU7_SUP_INK,U7M08BB,INK
HPCF_SUP_TON,CF228A,TON
HPCE_SUP_TON,CE401A,TON
HPL0_SUP_INK,L0S23AA,INK
DELL4K_SUP_INK,4KC17BB,INK
HP7K_PC_Desktop,7K661PA,Desktop
DELL50_SUP_INK,509O8B,INK
HP35_PC_Monitor,356D6AA,Monitor
HPF9_SUP_INK,F9K06A,INK
DELL5L_SUP_INK,5L1W7QB,INK
HP7J_PC_Desktop,7J9W4PA,Desktop
DELLG0_SUP_INK,G0K76B,INK
HPW1_SUP_TON,W1112A,TON
HP8A_PH_LJ,8AF52A,LJ
HP8L_PC_Desktop,8L129PA,Desktop
DELLDG_SUP_TON,DG469B,TON
DELLD3_SUP_INK,D3Q15BB,INK
DELL4X_SUP_INK,4XY32B,INK
HPCF_SUP_TON,CF363A,TON
HPCN_SUP_INK,CN630A,INK
HP5H_PH_IJ,5HB06A,IJ
DELL62_SUP_INK,62756BB,INK
DELL8M_PC_Laptop,8M488QB,Laptop
DELLDI_SUP_INK,DI756B,INK
DELL0U_PC_Laptop,0U9L7QB,Laptop
DELL8R_PC_Laptop,8R7A9QB,Laptop
HPCH_SUP_INK,CH646A,INK
DELLN1_SUP_INK,N1I65BB,INK
DELL4F_SUP_INK,4FE50B,INK
HP97_PC_Desktop,977P0PA,Desktop
HPM0_SUP_INK,M0H56AA,INK
DELL94_PC_Laptop,945U0QB,Laptop
DELLDG_SUP_TON,DG452B,TON
HP9U_PC_Laptop,9U867PA,Laptop
HP6N_PC_Monitor,6N4E2AA,Monitor
HP7J_PC_Desktop,7J1S5PA,Desktop
HP3J_SUP_INK,3JB06AA,INK
DELL4F_PC_Desktop,4F8S0QB,Desktop
HP7N_PC_Laptop,7N759PA,Laptop
DELLDG_SUP_TON,DG473B,TON
HPCF_SUP_TON,CF353A,TON
DELLM1_SUP_INK,M1T62BB,INK
HP3Y_SUP_INK,3YM21AA,INK
HP82_PC_Laptop,824L6PA,Laptop
DELL49_PH_LJ,492W7B,LJ
DELL4K_SUP_INK,4KB96BB,INK
HP7S_PC_Laptop,7S4P3PA,Laptop
DELL83_PC_Laptop,83L21QB,Laptop
DELL5L_PC_Laptop,5L6E6QB,Laptop
HP6F_PH_SJ,6FW09A,SJ
HPX4_SUP_INK,X4E79AA,INK
DELL9G_PC_Laptop,9G7E6QB,Laptop
DELL95_PC_Laptop,951U8QB,Laptop
DELLA8_SUP_TON,A8Z93B,TON
DELL7L_PC_Laptop,7L0D4QB,Laptop
DELL0D_PC_Laptop,0D0F2QB,Laptop
DELLDO_SUP_INK,DO738BB,INK
HPP2_SUP_INK,P2V64A,INK
HP4S_SUP_INK,4S6X6PA,INK
DELL4K_SUP_INK,4KB92BB,INK
DELL3F_PC_Monitor,3F3Z5B7,Monitor
HP7K_PC_Laptop,7K0L9PA,Laptop
DELLX2_SUP_TON,X2691B,TON
HP38_PH_LJ,381U0A,LJ
DELLG0_PH_IJ,G0B39F,IJ
HPF9_SUP_INK,F9J78A,INK
DELL0V_PC_Laptop,0V978QB,Laptop
DELL9K_PC_Laptop,9K1T6QB,Laptop
DELLDA_SUP_INK,DA232BB,INK
HPCN_SUP_INK,CN055AA,INK
DELLD0_SUP_INK,D0462BB,INK
HP20_PH_SJ,20G07A,SJ
HP9V_PC_Monitor,9VJ40AA,Monitor
HP8D_PC_Laptop,8D667PA,Laptop
DELL00_PC_Laptop,00U01QB,Laptop
HP2W_PC_Desktop,2W953PA,Desktop
HPQ2_SUP_TON,Q2612X,TON
DELLDG_SUP_TON,DG612B,TON
DELL9V_PC_Laptop,9V2I4QB,Laptop
HPCF_SUP_TON,CF400A,TON
HP9E_PC_Laptop,9E3K5PA,Laptop
DELL0F_PC_Laptop,0F4L0QB,Laptop
DELL9H_PC_Laptop,9H259QB,Laptop
HP8F_PC_Laptop,8F6C8PA,Laptop
HPB3_SUP_INK,B3P19A,INK
HP7K_PC_Desktop,7K5W2PA,Desktop
HPCE_SUP_TON,CE400A,TON
DELL7L_PC_Laptop,7L0D6QB,Laptop
HP4J_PC_Laptop,4J0N0PA,Laptop
HPZ7_SUP_TON,Z7Y81A,TON
DELLDG_SUP_TON,DG348B,TON
HP34_PC_Monitor,34Y23AA,Monitor
DELLDO_SUP_INK,DO159BB,INK
DELLU7_SUP_INK,U7M90BB,INK
HP6F_PH_SJ,6FW10A,SJ
DELL3I_PC_Monitor,3I1O2BB,Monitor
DELL5T_SUP_INK,5T7Y8QB,INK
DELLDG_SUP_TON,DG611B,TON
DELL0W_PC_Monitor,0WK51BB,Monitor
HP2Z_PH_LJ,2Z632A,LJ
HP8F_PC_Desktop,8F4C2PA,Desktop
HP92_PC_Laptop,92U85PA,Laptop
HPW1_SUP_TON,W1104A,TON
DELL9G_PC_Laptop,9G9A4QB,Laptop
DELL9E_PC_Laptop,9E778QB,Laptop
HPF6_SUP_INK,F6V26AA,INK
HPF9_SUP_INK,F9J66A,INK
HP5H_PH_LJ,5HH67A,LJ
DELLDG_SUP_TON,DG390Y,TON
DELLDF_SUP_TON,DF423B,TON
DELL95_PC_Laptop,951H7QB,Laptop
DELLDG_SUP_TON,DG513Y,TON
HP84_PC_Desktop,84J08PA,Desktop
HP6L_PC_Laptop,6L0L1PA,Laptop
DELLDG_SUP_TON,DG523B,TON
HPA4_PC_Laptop,A46C9PA,Laptop
DELL4F_SUP_INK,4FE70B,INK
HPF6_SUP_INK,F6V23AA,INK
DELL8Q_PC_Desktop,8Q3D6QB,Desktop
HPZ7_SUP_TON,Z7Y82A,TON
HP7W_PC_Laptop,7W474PA,Laptop
DELLG0_SUP_INK,G0L17B,INK
HPCF_SUP_TON,CF210X,TON
DELLDI_SUP_INK,DI674AA,INK
DELL0R_PC_Desktop,0R043QB,Desktop
DELL9Y_PC_Laptop,9Y2V1QB,Laptop
HP99_PC_Laptop,99T90PA,Laptop
DELL9G_PC_Laptop,9G9A1QB,Laptop
HP84_PC_Laptop,841W6PA,Laptop
DELL9I_PC_Laptop,9I0H7QB,Laptop
DELLDF_SUP_TON,DF422B,TON
DELL94_PC_Laptop,943R9QB,Laptop
HP6K_PC_Laptop,6K9C6PA,Laptop
DELL5B_PH_IJ,5B9E0B,IJ
HP6J_PC_Laptop,6J2T8PA,Laptop
DELLDG_SUP_TON,DG511Y,TON
DELL0U_PC_Laptop,0U9L8QB,Laptop
DELL8L_PC_Desktop,8L3Q4QB,Desktop
DELLDG_SUP_TON,DG614B,TON
HPZ8_SUP_TON,Z8W52A,TON
HP7S_PC_Laptop,7S4N7PA,Laptop
HP3X_PH_IJ,3XB77A,IJ
DELLQ3_SUP_INK,Q3W94B,INK
DELL5K_PC_Laptop,5K1O1QB,Laptop
HP8F_PC_Laptop,8F6C4PA,Laptop
DELLDO_SUP_INK,DO165BB,INK
HP84_PC_Laptop,840T7PA,Laptop
HPCH_SUP_INK,CH562ZZ,INK
HPA4_PC_Laptop,A45Y5PA,Laptop
HP6F_PH_SJ,6FW08A,SJ
DELL0F_PC_Laptop,0F4R7QB,Laptop
DELLDO_SUP_INK,DO167BB,INK
DELL8L_PC_Desktop,8L4A4QB,Desktop
HP3J_SUP_INK,3JA84AA,INK
HP9D_PC_Laptop,9D3M7PA,Laptop
DELL7O_PC_Monitor,7O5F9BB,Monitor
DELLDF_SUP_TON,DF851B,TON
HP81_PC_Laptop,81B19PA,Laptop
HP95_PC_Laptop,95R98PA,Laptop
DELL8N_PC_Laptop,8N765QB,Laptop
HPT8_PH_IJ,T8W18A,IJ
HP2R_PH_IJ,2RM82A,IJ
DELLG7_SUP_INK,G7W31BB,INK
DELLR3_SUP_TON,R3723Y,TON
DELL8O_PC_Desktop,8O7W1QB,Desktop
DELLDA_PH_LJ,DA297B,LJ
DELLB5_PC_Laptop,B57D0QB,Laptop
HPCN_SUP_INK,CN046AA,INK
DELLM1_SUP_UNK,M1T17BB,UNK
DELLDG_SUP_TON,DG471Y,TON
DELL9G_PC_Laptop,9G9A9QB,Laptop
HPCD_SUP_INK,CD974AA,INK
HPL0_SUP_UNK,L0R88AA,UNK
HP4K_SUP_INK,4K0V6PA,INK
HPCF_SUP_TON,CF402A,TON
HP8L_PC_Laptop,8L145PA,Laptop
DELL7O_PC_Monitor,7O7F0BB,Monitor
HPCF_SUP_TON,CF358A,TON
HPA1_PC_Laptop,A1NW3PA,Laptop
DELLD2_SUP_INK,D2R21B,INK
HP9T_PC_Laptop,9T8K7PA,Laptop
HP9D_PC_Laptop,9D3N6PA,Laptop
DELLD3_SUP_INK,D3Q20BB,INK
DELLN1_SUP_INK,N1I62BB,INK
DELLD3_SUP_INK,D3Q33BB,INK
DELL89_PC_Desktop,891B3QB,Desktop
HPZ7_SUP_TON,Z7Y78A,TON
HPL0_SUP_INK,L0S69AA,INK
DELL39_PH_IJ,39D23B,IJ
HP7X_PC_Desktop,7X9K0PA,Desktop
HP7J_PC_Laptop,7J035AA,Laptop
HPCZ_SUP_INK,CZ131A,INK
HP8C_PC_Laptop,8C4R8PA,Laptop
HPCC_SUP_TON,CC388AD,TON
HP82_PC_Laptop,821M3PA,Laptop
HPF9_SUP_INK,F9K01A,INK
HPM0_SUP_INK,M0H54AA,INK
DELLX3_SUP_TON,X3224B,TON
DELLDA_SUP_INK,DA233BB,INK
HPCB_SUP_TON,CB542A,TON
DELL06_PC_Laptop,06T70QB,Laptop
DELL51_PC_Monitor,51A43BB,Monitor
DELL5T_SUP_INK,5T7Y9QB,INK
HP3E_SUP_INK,3ED45A,INK
DELLDE_SUP_INK,DE084BB,INK
DELLB1_PC_Laptop,B11QQQB,Laptop
HP7P_PH_LJ,7PS82A,LJ
DELLX3_SUP_TON,X3221Y,TON
HPCF_SUP_TON,CF233A,TON
HP8Y_PC_Desktop,8Y9D4PA,Desktop
HPCE_SUP_TON,CE278AF,TON
DELL3A_PH_LJ,3A725B,LJ
HPCN_SUP_INK,CN693AA,INK
DELLDA_SUP_INK,DA246B,INK
DELL4F_SUP_INK,4FE56B,INK
DELL82_PH_LJ,826B5B,LJ
DELL7G_PH_SJ,7GX21B,SJ
HP20_PH_SJ,20G05A,SJ
DELL8Z_PC_Laptop,8Z7V3QB,Laptop
HP9E_PC_Laptop,9E3J6PA,Laptop
DELL7L_PC_Laptop,7L0K3QB,Laptop
DELL6D_PC_Laptop,6D6N5QB,Laptop
DELLDC_SUP_TON,DC654B,TON
DELL0E_PC_Laptop,0E4O7QB,Laptop
HPCF_SUP_TON,CF256X,TON
HPCN_SUP_INK,CN634A,INK
DELL9G_PC_Desktop,9G5D3QB,Desktop
HPCF_SUP_TON,CF401X,TON
DELL27_PC_Monitor,270M1BB,Monitor
DELL8K_PC_Desktop,8K285QB,Desktop
DELLG0_SUP_INK,G0K77B,INK
HPCF_SUP_TON,CF234A,TON
DELLX3_SUP_TON,X3151B,TON
DELL7M_PC_Laptop,7M1M1QB,Laptop
HPW2_SUP_TON,W2042A,TON
DELL8O_PC_Monitor,8O010BU,Monitor
HPCE_SUP_TON,CE255A,TON
HPCC_SUP_TON,CC388X,TON
DELL76_PC_Monitor,76Q60B7,Monitor
DELL7H_PH_LJ,7HY17B,LJ
HPW2_SUP_TON,W2110A,TON
DELLDO_SUP_INK,DO704BB,INK
HPCF_SUP_TON,CF289X,TON
DELLX2_SUP_TON,X2481B,TON
DELL82_PH_LJ,826B4B,LJ
DELL82_PH_LJ,826B6B,LJ
HPZ9_SUP_TON,Z9M05A,TON
DELL4K_SUP_INK,4KB94BB,INK
DELL0F_PC_Laptop,0F4L6QB,Laptop
HP78_PC_Monitor,780J5AA,Monitor
HPCF_SUP_TON,CF400X,TON
DELL9M_PC_Laptop,9M9Q6QB,Laptop
HPCN_SUP_INK,CN626AA,INK
DELLM1_SUP_INK,M1T77BB,INK
DELLDO_SUP_INK,DO746B,INK
HP7L_PC_Laptop,7L033PA,Laptop
DELLDG_SUP_TON,DG390B,TON
DELL5S_PH_LJ,5SB90B,LJ
DELLX3_SUP_TON,X3413B,TON
HP6G_PH_LJ,6GW64A,LJ
HP9Q_PC_Laptop,9Q9M9PA,Laptop
DELLA0_SUP_TON,A0N13B,TON
HP50_PC_Laptop,50M62PA,Laptop
DELL93_PC_Laptop,932Q1QB,Laptop
DELLG7_SUP_INK,G7W34BB,INK
HP6P_PC_Monitor,6PA50A4,Monitor
HP3W_SUP_INK,3WX26A,INK
DELLDG_SUP_TON,DG341B,TON
HPW2_SUP_TON,W2111X,TON
DELLD0_SUP_INK,D0463BB,INK
HP8F_PC_Laptop,8F8Y9PA,Laptop
HP81_PC_Laptop,81B47PA,Laptop
HP8L_PC_Laptop,8L168PA,Laptop
HP20_PH_SJ,20G06A,SJ
HP8L_PC_Laptop,8L122PA,Laptop
DELLDG_SUP_TON,DG472B,TON
HPZ7_SUP_TON,Z7Y70A,TON
DELLDF_SUP_TON,DF421BE,TON
DELL4F_SUP_INK,4FE39B,INK
DELL9D_PC_Laptop,9D638QB,Laptop
HP63_PC_Desktop,635A4PA,Desktop
HP8K_PC_Laptop,8K8J1PA,Laptop
HPW2_SUP_TON,W2110X,TON
HP8U_PC_Laptop,8U6X8PA,Laptop
HP91_PC_Laptop,91R01PA,Laptop
HPCN_SUP_INK,CN056AA,INK
DELLDG_SUP_TON,DG462B,TON
DELLDG_SUP_TON,DG522B,TON
DELL6I_PH_IJ,6IC21B,IJ
DELL0Y_PC_Laptop,0Y4M7QB,Laptop
DELL4F_PH_IJ,4FL24B,IJ
DELLDA_SUP_INK,DA234BB,INK
HP38_PH_LJ,381U4A,LJ
HPCE_SUP_TON,CE743A,TON
DELL9M_PC_Laptop,9M279QB,Laptop
DELLDG_SUP_TON,DG367B,TON
DELL8O_PC_Laptop,8O871QB,Laptop
DELLDG_SUP_TON,DG461B,TON
DELLDG_SUP_TON,DG329B,TON
DELLC4_SUP_INK,C4Q31B,INK
DELLDA_PH_LJ,DA286B,LJ
DELLQ3_SUP_INK,Q3W70B,INK
HPW2_SUP_TON,W2311A,TON
DELLDF_SUP_TON,DF521B,TON
DELLDG_SUP_TON,DG623B,TON
DELLDG_SUP_TON,DG392B,TON
HP8J_PC_Laptop,8J0S5PA,Laptop
DELL45_PC_Monitor,45Z34BB,Monitor
DELL8L_PC_Desktop,8L760QB,Desktop
HP40_PC_Monitor,40Z32AA,Monitor
HP7Q_PC_Laptop,7Q6Z0PA,Laptop
HP8X_PC_Laptop,8X1U0PA,Laptop
HP9U_PC_Laptop,9U2C1PA,Laptop
HP81_PC_Desktop,81T79PA,Desktop
HP7Y_PC_Laptop,7Y6U3PA,Laptop
DELLDA_SUP_INK,DA749BB,INK
HP84_PC_Laptop,841W7PA,Laptop
DELL0Z_PC_Laptop,0Z1A3QB,Laptop
DELLK4_SUP_UNK,K4N79B,UNK
DELL3A_PH_LJ,3A745B,LJ
HP9E_PC_Laptop,9E3K4PA,Laptop
HP4S_SUP_INK,4S6X5PA,INK
HPCE_SUP_TON,CE320A,TON
HPCE_SUP_TON,CE314A,TON
HP6N_PC_Laptop,6N030PA,Laptop
HPW2_SUP_TON,W2091A,TON
HPCF_SUP_TON,CF402X,TON
HP9D_PC_Laptop,9D0K7PA,Laptop
HPL0_SUP_INK,L0S72AA,INK
HP95_PC_Laptop,95S69PA,Laptop
DELLA8_SUP_TON,A8Z83B,TON
DELL7G_PH_SJ,7GX19B,SJ
DELLDE_SUP_INK,DE062B,INK
HP7K_PH_LJ,7KW64A,LJ
DELL71_PH_IJ,71L45C,IJ
HPF9_PH_IJ,F9A28E,IJ
DELL06_PC_Laptop,06S09QB,Laptop
DELLX3_SUP_TON,X3414B,TON
DELL9V_PC_Laptop,9V7A3QB,Laptop
DELL8N_PC_Laptop,8N769QB,Laptop
DELL4X_SUP_INK,4XY48B,INK
HPC1_SUP_INK,C1Q10A,INK
DELL0S_PC_Desktop,0S5O0QB,Desktop
HPCE_SUP_TON,CE310A,TON
DELLB5_PC_Laptop,B56Z6QB,Laptop
HPW1_SUP_TON,W1580A,TON
DELL01_PC_Laptop,01O65QB,Laptop
HP71_PH_LJ,715A4A,LJ
DELL8Q_PC_Desktop,8Q1X5QB,Desktop
DELLQ3_SUP_INK,Q3W75B,INK
DELL8R_PC_Desktop,8R974QB,Desktop
HPW1_SUP_TON,W1460A,TON
HP8L_PC_Laptop,8L144PA,Laptop
HPCZ_SUP_TON,CZ192A,TON
DELL89_PC_Desktop,891B8QB,Desktop
DELLDG_SUP_TON,DG471B,TON
HPZ7_SUP_TON,Z7Y68A,TON
HPL0_SUP_INK,L0S63AA,INK
HP20_PH_SJ,20G08A,SJ
HPL0_SUP_INK,L0S51AA,INK
HP83_PC_Laptop,834U5PA,Laptop
DELL5B_PH_IJ,5B9S0B,IJ
DELLDA_SUP_TON,DA203B,TON
DELL7O_PC_Monitor,7O5G2BB,Monitor
DELLX3_SUP_TON,X3222Y,TON
HPW1_SUP_TON,W1103A,TON
DELL49_PH_LJ,492V3B,LJ
HPQ2_SUP_TON,Q2612AF,TON
HP9U_PC_Laptop,9U7H2PA,Laptop
DELL88_PC_Laptop,88T65QB,Laptop
HP7M_PC_Laptop,7M658PA,Laptop
DELLX2_SUP_TON,X2631Y,TON
HP6X_PC_Desktop,6X3W4PA,Desktop
HPCZ_SUP_INK,CZ121AA,INK
DELL9D_PC_Laptop,9D5S7QB,Laptop
DELL81_PC_Laptop,812I6QB,Laptop
DELL8K_PC_Laptop,8K146BB,Laptop
DELLA8_SUP_TON,A8Z94B,TON
HP7K_PC_Desktop,7K1H4PA,Desktop
DELL78_SUP_INK,787N9B,INK
DELLA8_SUP_TON,A8Z80B,TON
DELL92_PC_Laptop,92N49BB,Laptop
HP9D_PC_Laptop,9D3N7PA,Laptop
DELLDA_SUP_INK,DA218BB,INK
HP9Y_PC_Laptop,9Y0Z2PA,Laptop
HP78_PC_Desktop,782N0PA,Desktop
DELL0U_PC_Desktop,0U791QB,Desktop
DELLB2_PC_Laptop,B2RW3QB,Laptop
HP4A_PH_IJ,4A8R9A,IJ
HP3W_SUP_INK,3WX00A,INK
HP8L_PC_Laptop,8L166PA,Laptop
DELL03_PC_Laptop,03V87QB,Laptop
DELL4K_SUP_INK,4KB95BB,INK
DELLDE_SUP_INK,DE085BB,INK
DELLD0_SUP_INK,D0494B,INK
DELL8X_PH_IJ,8XO57E,IJ
HP8Q_PC_Laptop,8Q3X5PA,Laptop
HP3Y_SUP_INK,3YM18AA,INK
DELLA0_SUP_TON,A0N15B,TON
DELLM1_SUP_UNK,M1S02BB,UNK
DELLDG_SUP_TON,DG388B,TON
HP8A_PH_LJ,8AF45A,LJ
DELLA8_SUP_TON,A8Z91B,TON
HPCF_SUP_TON,CF218A,TON
HP6N_PC_Monitor,6N4F1AA,Monitor
DELL0V_PC_Laptop,0V8I3QB,Laptop
HPCZ_PH_LJ,CZ175A,LJ
DELL8X_PC_Laptop,8X585QB,Laptop
HP7Z_PC_Laptop,7Z1P9PA,Laptop
DELL4H_PH_LJ,4H747B,LJ
HPA0_PC_Laptop,A00PQPA,Laptop
DELL0F_PC_Laptop,0F4L4QB,Laptop
HP4S_SUP_INK,4S6X7PA,INK
DELLX3_SUP_TON,X3154B,TON
HP9D_PC_Laptop,9D3N9PA,Laptop
DELL51_PH_IJ,516X3D,IJ
HPC2_SUP_INK,C2P05AA,INK
HPCN_SUP_INK,CN054AA,INK
HP1B_PC_Monitor,1B9X2AA,Monitor
DELL89_PC_Desktop,891B7QB,Desktop
DELL7Y_PC_Desktop,7Y5C0QB,Desktop
HP6Z_SUP_INK,6ZD31AA,INK
HPA0_PC_Laptop,A03CJPA,Laptop
DELL9G_PC_Laptop,9G9A7QB,Laptop
HPCE_SUP_TON,CE310AD,TON
HPF9_SUP_INK,F9J77A,INK
DELL78_PC_Desktop,78V76QB,Desktop
DELL0F_PC_Laptop,0F4L8QB,Laptop
HP3Y_SUP_INK,3YM17AA,INK
DELL4F_SUP_INK,4FE78B,INK
HP49_SUP_INK,498N5A,INK
DELLG0_SUP_INK,G0L28B,INK
HP8L_PC_Desktop,8L130PA,Desktop
DELLDG_SUP_TON,DG524B,TON
HPT6_SUP_INK,T6M01AA,INK
DELLU7_SUP_INK,U7N10BB,INK
DELL8I_PC_Laptop,8I6E4QB,Laptop
HP7H_PC_Laptop,7H5D3PA,Laptop
HP13_PC_Monitor,13L82AA,Monitor
HP1F_PH_IJ,1F3W3A,IJ
HP4A_PH_IJ,4A8D4A,IJ
DELL7O_PC_Monitor,7O5E7BB,Monitor
HP9Q_PC_Laptop,9Q962PA,Laptop
HPC2_SUP_INK,C2P26AA,INK
DELL8Z_PC_Laptop,8Z7U0QB,Laptop
DELLDG_SUP_TON,DG512Y,TON
HP7Q_PC_Laptop,7Q6Z7PA,Laptop
DELL82_PH_LJ,825A0B,LJ
DELL0E_PC_Laptop,0E4O9QB,Laptop
DELL8N_PC_Laptop,8N767QB,Laptop
HP9E_PC_Laptop,9E3K7PA,Laptop
DELL9M_PC_Laptop,9M9Q5QB,Laptop
DELL9M_PC_Laptop,9M275QB,Laptop
DELL95_PC_Laptop,952X7QB,Laptop
HP67_PC_Laptop,678M6PA,Laptop
HPCF_SUP_TON,CF360X,TON
HPCF_SUP_TON,CF410A,TON
HPCH_SUP_INK,CH563ZZ,INK
DELL7H_PH_LJ,7HY15B,LJ
HP3E_SUP_INK,3ED78A,INK
DELL9M_PC_Laptop,9M9Q3QB,Laptop
HPCE_SUP_TON,CE278A,TON
HP3E_SUP_INK,3ED44A,INK
HP7Z_PC_Laptop,7Z481PA,Laptop
HP6C_PC_Desktop,6C3G6PA,Desktop
HPCF_SUP_TON,CF256A,TON
DELL8A_PC_Laptop,8A2Q9QB,Laptop
DELL49_PC_Desktop,496A8QB,Desktop
HPP2_SUP_INK,P2V70A,INK
HP7M_PC_Laptop,7M654PA,Laptop
HP28_PH_IJ,28C12A,IJ
DELL75_PC_Monitor,75Y77BB,Monitor
DELLDF_SUP_TON,DF424B,TON
DELL2I_PC_Monitor,2I950B7,Monitor
HPCC_SUP_INK,CC640ZZ,INK
HP94_PC_Laptop,943S1PA,Laptop
DELL9D_PC_Laptop,9D6I6QB,Laptop
DELL0K_PC_Laptop,0K7L9QB,Laptop
HP6K_PC_Laptop,6K9J2PA,Laptop
DELL8K_PC_Desktop,8K0X5QB,Desktop
DELLDF_SUP_TON,DF434B,TON
DELLDF_SUP_TON,DF433B,TON
HP6Z_SUP_UNK,6ZD21AA,UNK
HPZ9_SUP_TON,Z9M04A,TON
DELL8T_PC_Laptop,8T5Q4QB,Laptop
HP3Y_SUP_INK,3YM15AA,INK
DELL91_PC_Laptop,915M2QB,Laptop
DELLG0_SUP_INK,G0L16B,INK
HPL0_SUP_TON,L0H25A,TON
HP78_PC_Desktop,780A7PA,Desktop
HPCZ_SUP_INK,CZ123AA,INK
DELL65_PH_IJ,65S69C,IJ
HP3J_SUP_INK,3JA82AA,INK
HPZ9_SUP_TON,Z9M07A,TON
HPCF_SUP_TON,CF219A,TON
HP7Y_PC_Laptop,7Y6U2PA,Laptop
HPCE_SUP_TON,CE321A,TON
DELL4F_SUP_INK,4FE54B,INK
HPCH_SUP_INK,CH648A,INK
HP9E_PC_Laptop,9E3K3PA,Laptop
DELLDG_SUP_TON,DG512B,TON
DELL0E_PC_Laptop,0E4O0QB,Laptop
DELLM1_SUP_UNK,M1S08BB,UNK
DELL7A_SUP_INK,7AE43BB,INK
HP6X_PC_Desktop,6X3S5PA,Desktop
DELLD0_SUP_INK,D0484B,INK
DELL2W_SUP_INK,2WW32BB,INK
HP3W_SUP_INK,3WX36A,INK
DELL7A_SUP_UNK,7AE32BB,UNK
DELL50_SUP_INK,509Q3B,INK
HP6Z_SUP_INK,6ZD29AA,INK
HP8L_PC_Laptop,8L155PA,Laptop
DELLX2_SUP_TON,X2481Y,TON
DELLA8_SUP_TON,A8Z96B,TON
HPF9_SUP_INK,F9J65A,INK
HP7N_PC_Monitor,7N909AT,Monitor
DELL74_PC_Desktop,746Y8QB,Desktop
DELL9M_PC_Laptop,9M255QB,Laptop
DELLB1_PC_Desktop,B16I0QB,Desktop
DELLDC_SUP_TON,DC652B,TON
HP6X_PC_Desktop,6X9M3PA,Desktop
DELLM1_SUP_INK,M1T70BB,INK
HPCN_SUP_INK,CN636A,INK
HP9T_PC_Desktop,9T680PA,Desktop
HP3E_SUP_INK,3ED51A,INK
DELLDA_SUP_INK,DA242B,INK
DELL78_PC_Laptop,789N9QB,Laptop
HPL0_SUP_INK,L0S24AA,INK
DELLDF_SUP_TON,DF401B,TON
HPCZ_PH_LJ,CZ184A,LJ
HP7H_PC_Desktop,7H0Y7PA,Desktop
HPF9_SUP_INK,F9K02A,INK
DELL5L_SUP_INK,5L1W8QB,INK
DELL2G_PH_IJ,2G4Z5B,IJ
DELL78_PC_Laptop,789N7QB,Laptop
HP3Y_SUP_INK,3YM19AA,INK
HP8X_PC_Laptop,8X059PA,Laptop
HP8U_PC_Laptop,8U1H6PA,Laptop
HP6F_PH_SJ,6FW06A,SJ
HPCF_SUP_TON,CF503A,TON
HP53_PH_LJ,53P41A,LJ
HPCF_SUP_TON,CF212A,TON
DELLG0_SUP_INK,G0L13B,INK
DELL3A_PH_LJ,3A724B,LJ
DELL75_PC_Monitor,75Y70BB,Monitor
DELLK4_SUP_UNK,K4N81B,UNK
DELL8L_PC_Laptop,8L6K9QB,Laptop
DELLDA_PH_LJ,DA295B,LJ
HPF9_SUP_INK,F9K03A,INK
HPL0_SUP_UNK,L0S00AA,UNK
HP3E_PC_Desktop,3E7R9PA,Desktop
DELLX3_SUP_TON,X3152B,TON
DELL5X_PH_IJ,5XG77B,IJ
HP3E_PH_IJ,3EK15A,IJ
HPCF_SUP_TON,CF281A,TON
HP8L_PC_Desktop,8L120PA,Desktop
HP7P_PC_Laptop,7P704PA,Laptop
HP7Q_PC_Desktop,7Q863PA,Desktop
DELL0S_PC_Laptop,0S302QB,Laptop
DELL4X_SUP_INK,4XY49B,INK
DELLDF_SUP_TON,DF366B,TON
HPC9_SUP_INK,C9380A,INK
DELLDF_SUP_TON,DF091B,TON
DELLDG_SUP_TON,DG521B,TON
DELL4F_SUP_INK,4FE88B,INK
HP8F_PC_Laptop,8F6C5PA,Laptop
HP8H_PC_Laptop,8H438PA,Laptop
HPCN_SUP_INK,CN053AA,INK
HP8F_PC_Laptop,8F8Z5PA,Laptop
HPW2_SUP_TON,W2313A,TON
DELLDG_SUP_TON,DG344B,TON
DELLY5_SUP_INK,Y5F86BB,INK
DELLM1_SUP_INK,M1T34BB,INK
DELL4K_SUP_INK,4KB80BB,INK
DELL57_PC_Laptop,57E81QB,Laptop
DELL29_PC_Monitor,290U1BB,Monitor
HPJ3_SUP_UNK,J3M70A,UNK
DELL8Q_PC_Laptop,8Q7A9QB,Laptop
DELLDA_SUP_INK,DA247B,INK
HPM0_SUP_INK,M0H51AA,INK
HPC2_SUP_INK,C2P24AA,INK
HPW2_SUP_TON,W2113X,TON
HP4W_PH_IJ,4WF66A,IJ
HPCE_SUP_TON,CE311A,TON
HP64_PC_Monitor,64W51AA,Monitor
DELL8L_PC_Desktop,8L772QB,Desktop
HP65_PC_Monitor,65P57A6,Monitor
HP40_PH_IJ,405W2C,IJ
HP8L_PC_Laptop,8L129PA,Laptop
HPCF_SUP_TON,CF512A,TON
DELLDG_SUP_TON,DG622B,TON
HPP2_SUP_INK,P2V27A,INK
DELL4Y_PH_IJ,4YC88B,IJ
HPZ7_SUP_TON,Z7Y91A,TON
DELL0F_PC_Laptop,0F4L9QB,Laptop
HPCZ_SUP_INK,CZ136A,INK
HPCB_SUP_TON,CB543A,TON
DELL85_PC_Laptop,854B2QB,Laptop
DELL4X_SUP_INK,4XY47B,INK
DELL08_PC_Desktop,088Q1QB,Desktop
DELLK4_SUP_UNK,K4N70B,UNK
DELLDS_SUP_INK,DS423BB,INK
DELLG0_SUP_INK,G0L26B,INK
DELL8Q_PH_LJ,8QT95B,LJ
HP7Y_PC_Laptop,7Y6U8PA,Laptop
DELLDG_SUP_TON,DG473Y,TON
HPA0_PC_Laptop,A00PNPA,Laptop
DELL9G_PC_Laptop,9G9A6QB,Laptop
DELLDO_SUP_INK,DO736BB,INK
DELLDF_SUP_TON,DF421B,TON
HP9E_PC_Laptop,9E3K9PA,Laptop
DELLM1_SUP_INK,M1T68BB,INK
HPCN_SUP_INK,CN635A,INK
HPA4_PC_Laptop,A45Y6PA,Laptop
DELL3Z_PH_IJ,3Z0I3B,IJ
DELLDA_SUP_INK,DA748BB,INK
DELLX2_SUP_TON,X2214BE,TON
HPZ7_SUP_TON,Z7Y80A,TON
HPW1_SUP_TON,W1335X,TON
DELL92_PC_Laptop,92C58QB,Laptop
DELL8K_PC_Desktop,8K291QB,Desktop
HP6G_PH_LJ,6GX06A,LJ
DELLDC_SUP_TON,DC653B,TON
DELL9I_PC_Laptop,9I6E5QB,Laptop
DELLD0_SUP_INK,D0491B,INK
DELL0R_PC_Laptop,0R0N7QB,Laptop
DELLM4_PH_IJ,M4V55B,IJ
HP6U_PH_IJ,6UU47A,IJ
DELL8X_PC_Laptop,8X586QB,Laptop
HP67_PC_Desktop,67W19PA,Desktop
DELL7G_PC_Desktop,7G078QB,Desktop
DELLG7_SUP_INK,G7W37BB,INK
HPCN_SUP_INK,CN625AA,INK
DELLX2_SUP_TON,X2571B,TON
HPT6_SUP_INK,T6L93AA,INK
HP2E_PC_Monitor,2E2Y4A6,Monitor
HP9Z_PC_Laptop,9Z835PA,Laptop
DELLDA_SUP_INK,DA245B,INK
DELL9L_PC_Laptop,9L9K2QB,Laptop
HPJ3_SUP_UNK,J3M69A,UNK
HP9T_PC_Laptop,9T8K6PA,Laptop
DELLX3_SUP_TON,X3103B,TON
DELLD5_SUP_INK,D5921B,INK
DELLDO_SUP_INK,DO730B,INK
DELLDF_SUP_TON,DF425B,TON
DELLDG_SUP_TON,DG323B,TON
DELLDO_SUP_INK,DO158BB,INK
DELL7Y_PC_Desktop,7Y4X4QB,Desktop
DELLM3_PH_SJ,M3874B,SJ
DELL3X_PC_Desktop,3X064QB,Desktop
HP3W_SUP_INK,3WX35A,INK
HPC9_SUP_INK,C9371A,INK
HPCH_SUP_INK,CH647A,INK
DELL7Y_PC_Desktop,7Y0R1QB,Desktop
HP3E_SUP_INK,3ED79A,INK
DELL8Q_PC_Laptop,8Q815QB,Laptop
DELLDG_SUP_TON,DG624B,TON
HPQ5_SUP_TON,Q5949A,TON
HPCE_SUP_TON,CE312A,TON
DELLU9_PH_IJ,U9X29B,IJ
HP7L_PC_Laptop,7L377PA,Laptop
DELLU9_PH_IJ,U9X26B,IJ
HP71_PH_LJ,714Z9A,LJ
HPQ7_SUP_TON,Q7553A,TON
HP5C_PC_Laptop,5C5M4PA,Laptop
HPX4_SUP_INK,X4E75AA,INK
HP8F_PC_Laptop,8F8Z6PA,Laptop
DELL0V_PC_Laptop,0V3D2QB,Laptop
HP8F_PC_Laptop,8F8Z0PA,Laptop
HPCB_SUP_TON,CB540A,TON
HP7K_PC_Desktop,7K659PA,Desktop
HP1P_PH_LJ,1PV87A,LJ
DELL49_PH_LJ,492V5B,LJ
DELLD3_SUP_INK,D3Q36BB,INK
HP3Y_SUP_INK,3YP94AA,INK
DELL55_PC_Desktop,55W95QB,Desktop
HP70_PC_Laptop,701H5PA,Laptop
DELLDA_SUP_INK,DA235BB,INK
HP82_PC_Laptop,821P0PA,Laptop
DELLDG_SUP_TON,DG474Y,TON
HPCF_SUP_TON,CF352A,TON
HPZ7_SUP_TON,Z7Y72A,TON
HP64_PC_Monitor,64X69AA,Monitor
DELLB5_PC_Laptop,B56Z8QB,Laptop
DELLB1_PC_Laptop,B11QOQB,Laptop
DELL9G_PC_Laptop,9G9Z0QB,Laptop
DELLC4_SUP_INK,C4Q20B,INK
HP16_PC_Monitor,169L0AA,Monitor
DELLDG_SUP_TON,DG474B,TON
DELL89_PC_Desktop,891B6QB,Desktop
HP6K_PH_IJ,6KD26A,IJ
HPCZ_SUP_INK,CZ638AA,INK
HP7Q_PC_Laptop,7Q6Z3PA,Laptop
HPCZ_SUP_INK,CZ134A,INK
DELL93_PC_Laptop,932N4QB,Laptop
HP9X_PC_Laptop,9X3L6PA,Laptop
HPCE_SUP_TON,CE390A,TON
DELLDG_SUP_TON,DG511B,TON
HP83_PC_Laptop,834T9PA,Laptop
HP8L_PC_Laptop,8L152PA,Laptop
HP6K_PC_Laptop,6K9C3PA,Laptop
DELLM1_SUP_INK,M1T74BB,INK
HP9W_PC_Laptop,9W6U6PA,Laptop
DELLDI_SUP_INK,DI673AA,INK
DELLDG_SUP_TON,DG463B,TON
HPJ3_SUP_UNK,J3M71A,UNK
DELL8X_PH_IJ,8XR17C,IJ
DELLR8_SUP_TON,R8664B,TON
HP3D_PH_IJ,3D4L3A,IJ
DELLDF_SUP_TON,DF513B,TON
HP8C_PC_Laptop,8C5H5PA,Laptop
HP7K_PC_Desktop,7K667PA,Desktop
HPCN_SUP_INK,CN629A,INK
HPW2_SUP_TON,W2040A,TON
HPW1_SUP_TON,W1520A,TON
DELL9Y_PC_Laptop,9Y2U9QB,Laptop
DELL92_PC_Desktop,92U91QB,Desktop
HPW2_SUP_TON,W2111A,TON
DELL61_PC_Laptop,61N73QB,Laptop
HPCF_SUP_TON,CF341A,TON
DELL74_PC_Desktop,746B5QB,Desktop
DELL9M_PC_Laptop,9M263QB,Laptop
DELL8Q_PC_Laptop,8Q814QB,Laptop
HPL0_SUP_UNK,L0S03AA,UNK
DELLU7_SUP_INK,U7N12BB,INK
DELLM1_SUP_UNK,M1T14BB,UNK
DELLDI_SUP_INK,DI758B,INK
HP2Z_PH_LJ,2Z633A,LJ
DELL8L_PH_LJ,8LX67B,LJ
DELLDG_SUP_TON,DG367Y,TON
DELLY5_SUP_INK,Y5F80BB,INK
HP8U_PC_Laptop,8U6Y8PA,Laptop
HP84_PC_Desktop,843D2PA,Desktop
HP6X_PC_Desktop,6X4B5PA,Desktop
HPCF_SUP_TON,CF277A,TON
HP3Y_SUP_INK,3YM76AA,INK
DELLX3_SUP_TON,X3223B,TON
HPCN_SUP_INK,CN692AA,INK
DELL9G_PC_Laptop,9G7D5QB,Laptop
HP5H_PH_IJ,5HB10A,IJ
DELL7E_PC_Monitor,7E9H0B7,Monitor
HP7J_PC_Desktop,7J174PA,Desktop
DELL4Z_SUP_INK,4ZQ05BB,INK
HPCF_SUP_TON,CF230A,TON
DELL8M_PC_Laptop,8M144QB,Laptop
DELL8T_PC_Laptop,8T5O8QB,Laptop
DELLD0_SUP_INK,D0482B,INK
DELLX3_SUP_TON,X3424B,TON
DELL9M_PC_Laptop,9M257QB,Laptop
HPA0_PC_Laptop,A0EH4PA,Laptop
DELLM1_SUP_TON,M1I36B,TON
DELL9G_PC_Laptop,9G7D6QB,Laptop
DELL65_PH_IJ,65S61C,IJ
DELLX3_SUP_TON,X3421B,TON
HPCE_SUP_TON,CE740A,TON
HPCF_SUP_TON,CF403A,TON
DELL8Q_PH_LJ,8QT93B,LJ
HPC9_SUP_INK,C9384A,INK
DELLM1_SUP_UNK,M1T11BB,UNK
HP64_PC_Monitor,64V81AA,Monitor
HP3W_SUP_INK,3WX37A,INK
DELL8L_PC_Desktop,8L3Q8QB,Desktop
HPT6_SUP_INK,T6L97AA,INK
HP49_SUP_INK,498P2A,INK
HP3W_SUP_INK,3WX38A,INK
DELLDI_SUP_INK,DI675AA,INK
HP7K_PC_Desktop,7K1G3PA,Desktop
HPL3_PH_IJ,L3U44A,IJ
DELL9V_PC_Laptop,9V2I7QB,Laptop
HPCF_SUP_TON,CF232A,TON
HP6C_PC_Desktop,6C3G2PA,Desktop
HPCZ_SUP_INK,CZ107AA,INK
DELL7M_PC_Laptop,7M1M2QB,Laptop
DELL2G_PH_IJ,2G4X4B,IJ
HP6H_PC_Desktop,6H1X2PA,Desktop
HPA0_PC_Laptop,A00PPPA,Laptop
HPT6_SUP_INK,T6M13AA,INK
DELL4Z_SUP_INK,4ZN83BB,INK
DELL9D_PC_Laptop,9D5S0QB,Laptop
HP8F_PC_Laptop,8F6D4PA,Laptop
HP67_PC_Laptop,67V50PA,Laptop
HP7K_PC_Desktop,7K2P7PA,Desktop
DELLX3_SUP_TON,X3224Y,TON
HPCE_SUP_TON,CE323A,TON
DELLDG_SUP_TON,DG343B,TON
HP8C_PC_Laptop,8C4R6PA,Laptop
DELL98_PC_Laptop,98C68QB,Laptop
DELLDG_SUP_TON,DG325B,TON
DELLX3_SUP_TON,X3104B,TON
DELL7V_PH_IJ,7VV59B,IJ
HP8U_PC_Laptop,8U6Z7PA,Laptop
DELL7K_PC_Desktop,7K1Z0QB,Desktop
DELLDI_SUP_INK,DI672AA,INK
HPCF_SUP_TON,CF214A,TON
HPC9_SUP_INK,C9373A,INK
DELL4E_PH_IJ,4E5M4B,IJ
HPF9_SUP_INK,F9K05A,INK
DELL7H_PH_LJ,7HX75B,LJ
HP3W_SUP_INK,3WX19A,INK
HPW2_SUP_TON,W2093A,TON
DELL8N_PC_Laptop,8N760QB,Laptop
HP49_SUP_INK,498N6A,INK
HPC9_SUP_INK,C9352AA,INK
DELLX3_SUP_TON,X3411B,TON
DELL51_PC_Monitor,51A37BB,Monitor
HP2H_PC_Monitor,2H0N1AA,Monitor
HPCN_SUP_INK,CN048AA,INK
HPT6_SUP_INK,T6M17AA,INK
DELL80_PC_Desktop,80V95QB,Desktop
HP3W_SUP_INK,3WX13A,INK
DELL49_PC_Desktop,490B2QB,Desktop
DELL91_PC_Laptop,916Y3QB,Laptop
HPX4_SUP_INK,X4E78AA,INK
HP71_PH_LJ,715A5A,LJ
HPL2_PH_SJ,L2763A,SJ
DELLD0_SUP_INK,D0569B,INK
HP3Y_SUP_INK,3YM73AA,INK
DELL4F_PH_IJ,4FL26B,IJ
HPF9_SUP_INK,F9K16A,INK
DELLDG_SUP_TON,DG476B,TON
HPW2_SUP_TON,W2300A,TON
HP8F_PC_Laptop,8F6K1PA,Laptop
DELLDG_SUP_TON,DG339B,TON
HP6Z_SUP_UNK,6ZD61AA,UNK
DELL9V_PC_Laptop,9V7Z2QB,Laptop
DELL2Q_PH_LJ,2QW98B,LJ
DELL8A_PC_Laptop,8A2Q0QB,Laptop
HPW1_SUP_TON,W1460X,TON
HP7L_PC_Desktop,7L856PA,Desktop
DELL8K_PC_Desktop,8K2T6QB,Desktop
DELL7M_PC_Laptop,7M1L0QB,Laptop
HP6K_PC_Laptop,6K9C5PA,Laptop
HP6F_PC_Desktop,6F967PA,Desktop
DELL51_PH_IJ,515M8D,IJ
DELLDG_SUP_TON,DG380B,TON
DELLX3_SUP_TON,X3412B,TON
DELLX3_SUP_TON,X3102B,TON
HPCF_SUP_TON,CF365A,TON
DELL7D_PC_Desktop,7D4H3QB,Desktop
HP2Z_PH_LJ,2Z634A,LJ
DELL2G_PH_IJ,2G4Z3B,IJ
HP8L_PC_Laptop,8L130PA,Laptop
HPCF_SUP_TON,CF237A,TON
HPB3_SUP_INK,B3P06A,INK
DELL7O_PC_Monitor,7O5F3BB,Monitor
DELLB1_PC_Laptop,B14DIQB,Laptop
HPF6_SUP_INK,F6V20AA,INK
DELL5B_PH_IJ,5B9E5B,IJ
HPCF_SUP_TON,CF510A,TON
HPP2_SUP_INK,P2V83A,INK
DELL0E_PC_Laptop,0E4O6QB,Laptop
HP8L_PC_Laptop,8L8P2PA,Laptop
DELL95_PC_Desktop,954C7QB,Desktop
HP81_PC_Laptop,81H51PA,Laptop
DELL8L_PC_Desktop,8L2I5QB,Desktop
HP8L_PC_Laptop,8L146PA,Laptop
DELLQ3_SUP_INK,Q3W79B,INK
DELL8R_PC_Laptop,8R7A3QB,Laptop
HP2Z_PH_LJ,2Z613A,LJ
HP3Y_SUP_INK,3YP93AA,INK
HP3E_SUP_INK,3ED43A,INK
HPCN_SUP_INK,CN633A,INK
DELL0V_PC_Laptop,0V211QB,Laptop
HP1F_PH_IJ,1F3Y2A,IJ
HP4S_PH_IJ,4SB24A,IJ
DELL7Y_PC_Desktop,7Y5C6QB,Desktop
HP38_PH_LJ,381U2A,LJ
HPCF_SUP_TON,CF213A,TON
DELL6I_PH_IJ,6IC17B,IJ
HPL0_SUP_UNK,L0S09AA,UNK
DELL8M_PC_Desktop,8M967QB,Desktop
DELL4Z_SUP_INK,4ZN29BB,INK
HP6X_PC_Desktop,6X9S0PA,Desktop
DELLDG_SUP_TON,DG321B,TON
HPL0_SUP_INK,L0S54AA,INK
DELLDG_SUP_TON,DG398B,TON
DELL5T_PH_IJ,5TC35B,IJ
DELL69_PH_IJ,699K9C,IJ
HPT8_PH_IJ,T8W16A,IJ
HP3E_SUP_INK,3ED68A,INK
DELL4Z_SUP_INK,4ZN84BB,INK
DELLDG_SUP_TON,DG345B,TON
HPL0_SUP_UNK,L0R97AA,UNK
DELLDA_SUP_INK,DA241B,INK
HP7J_PC_Desktop,7J2M3PA,Desktop
HP3W_SUP_INK,3WX07A,INK
HP38_PC_Desktop,389A1PA,Desktop
HP5H_PH_LJ,5HH65A,LJ
HP8F_PC_Desktop,8F6D4PA,Desktop
HP8L_PC_Desktop,8L107PA,Desktop
HP8L_PC_Laptop,8L8P5PA,Laptop
DELL8Z_PC_Laptop,8Z7V7QB,Laptop
DELLDG_SUP_TON,DG514B,TON
DELL8I_PC_Desktop,8I1Z8QB,Desktop
HP49_SUP_INK,498N7A,INK
DELLB1_PC_Laptop,B1FI5QB,Laptop
HPCF_SUP_TON,CF231A,TON
DELL9G_PC_Laptop,9G7E4QB,Laptop
HP3W_SUP_INK,3WX21A,INK
HP9D_PC_Laptop,9D3P1PA,Laptop
HPW2_SUP_TON,W2092A,TON
DELL4X_SUP_INK,4XY18B,INK
HPCF_SUP_TON,CF380A,TON
DELL3A_PH_LJ,3A743B,LJ
HPCF_SUP_TON,CF413A,TON
HPZ7_SUP_TON,Z7Y88A,TON
DELLX2_SUP_TON,X2446Y,TON
HP92_PC_Desktop,92Z21PA,Desktop
HP74_PC_Laptop,743A1PA,Laptop
DELL0U_PC_Laptop,0U9L9QB,Laptop
DELL4F_SUP_INK,4FE30B,INK
HP3Y_SUP_INK,3YP17AA,INK
HP88_PC_Desktop,88Z16PA,Desktop
DELL9M_PC_Laptop,9M258QB,Laptop
HPW3_PH_IJ,W3Z72A,IJ
HP7J_PC_Desktop,7J180PA,Desktop
HP6K_PC_Laptop,6K7U2PA,Laptop
DELL4Y_PH_IJ,4YC89B,IJ
DELL8L_SUP_INK,8L4X0BB,INK
DELL6I_PH_LJ,6II76B,LJ
DELLY5_SUP_INK,Y5F89BB,INK
DELLDA_SUP_INK,DA219BB,INK
HP8U_PC_Laptop,8U6Z2PA,Laptop
DELL61_PC_Laptop,61N74QB,Laptop
DELLA0_SUP_TON,A0N18B,TON
HP81_PC_Laptop,81H48PA,Laptop
HPP2_SUP_INK,P2V62A,INK
DELLM1_SUP_INK,M1T35BB,INK
DELLDD_SUP_TON,DD499B,TON
DELLG0_SUP_INK,G0K89B,INK
DELL0X_PC_Laptop,0X7V7QB,Laptop
HP3J_SUP_INK,3JA78AA,INK
HPCE_SUP_TON,CE285A,TON
DELLM1_SUP_UNK,M1S99BB,UNK
DELL9Y_PC_Laptop,9Y160QB,Laptop
DELL5L_SUP_INK,5L1W0QB,INK
HP8U_PC_Laptop,8U6Y1PA,Laptop
HP9U_PC_Laptop,9U100PA,Laptop
DELL5A_PH_LJ,5AC07B,LJ
HPL3_PH_IJ,L3U43A,IJ
HP7P_PC_Laptop,7P703PA,Laptop
HPCF_SUP_TON,CF363X,TON
DELL7D_PC_Desktop,7D4H2QB,Desktop
HP67_PC_Laptop,678M8PA,Laptop
HP5S_PH_IJ,5SE26B,IJ
DELLM1_SUP_UNK,M1T10BB,UNK
HP6L_PC_Laptop,6L0L0PA,Laptop
DELL92_PC_Laptop,92I59QB,Laptop
DELL7H_PC_Desktop,7H786QB,Desktop
HP53_PH_IJ,537P5C,IJ
DELL8R_PC_Laptop,8R7Z0QB,Laptop
HPC2_SUP_INK,C2P22AA,INK
DELL92_PC_Laptop,92I62QB,Laptop
DELLDF_SUP_TON,DF854B,TON
HP1H_PC_Monitor,1H849A6,Monitor
HP6N_PC_Monitor,6N4D6AA,Monitor
DELL0E_PC_Laptop,0E1L8QB,Laptop
HPC9_SUP_INK,C9406A,INK
DELLD0_SUP_INK,D0515B,INK
HP78_PC_Desktop,782M0PA,Desktop
HPT6_SUP_INK,T6L89AA,INK
DELL6I_PH_LJ,6II59B,LJ
HP7K_SUP_INK,7K3W9AA,INK
HP78_PC_Desktop,782N1PA,Desktop
HP4A_PH_IJ,4A8D9A,IJ
DELL9G_PC_Desktop,9G5D6QB,Desktop
DELLD3_SUP_INK,D3Q16BB,INK
HP3J_SUP_INK,3JA79AA,INK
HP9Y_PC_Laptop,9Y0Y6PA,Laptop
DELLM1_SUP_INK,M1T71BB,INK
HP6N_PC_Monitor,6N6E9AA,Monitor
HPF9_SUP_INK,F9K15A,INK
DELL8A_PC_Laptop,8A592QB,Laptop
HPCH_SUP_INK,CH561ZZ,INK
DELL9Z_PC_Laptop,9Z7A9QB,Laptop
HP90_PC_Laptop,90N54PA,Laptop
DELL75_PC_Monitor,75X52BB,Monitor
DELL02_PC_Laptop,02S12QB,Laptop
DELLX2_SUP_TON,X2215B,TON
DELL7V_PH_IJ,7VV58B,IJ
HP3J_SUP_INK,3JA77AA,INK
DELLD3_SUP_INK,D3Q35BB,INK
HP3W_SUP_INK,3WX15A,INK
DELLDA_PH_LJ,DA285B,LJ
HP8Y_PC_Laptop,8Y6Z8PA,Laptop
HP84_PC_Desktop,843B6PA,Desktop
HPL0_SUP_UNK,L0R94AA,UNK
DELLA0_SUP_TON,A0N12B,TON
DELL8M_PC_Laptop,8M146QB,Laptop
DELL9Z_PC_Laptop,9Z090QB,Laptop
DELLDI_SUP_INK,DI676B,INK
DELL92_PC_Desktop,92U80QB,Desktop
DELLU7_SUP_INK,U7M04BB,INK
DELL8R_PC_Laptop,8R7A4QB,Laptop
HPC4_SUP_INK,C4810A,INK
HPW2_SUP_TON,W2113A,TON
DELLG0_SUP_INK,G0L27B,INK
DELLDF_SUP_TON,DF852B,TON
HPCE_SUP_TON,CE515A,TON
HP9Q_PC_Laptop,9Q9M6PA,Laptop
DELL8R_PC_Laptop,8R7A1QB,Laptop
DELL7A_SUP_INK,7AE42BB,INK
HP7Y_PC_Laptop,7Y6U6PA,Laptop
HPCN_SUP_INK,CN047AA,INK
HP3Y_SUP_INK,3YM70AA,INK
HP7P_PC_Laptop,7P6Z8PA,Laptop
HPCZ_SUP_INK,CZ135A,INK
HP78_PC_Desktop,780A6PA,Desktop
HP87_PC_Desktop,87G01PA,Desktop
DELL4Z_SUP_INK,4ZN33BB,INK
HPCF_SUP_TON,CF279A,TON
DELL0A_PC_Laptop,0A946QB,Laptop
HP40_PC_Monitor,40Z26AA,Monitor
HPZ7_SUP_TON,Z7Y90A,TON
DELL5T_SUP_INK,5T7Y6QB,INK
DELLDF_SUP_TON,DF389BG,TON
HP9W_PC_Laptop,9W6U8PA,Laptop
HPL0_SUP_INK,L0S60AA,INK
HP3E_SUP_INK,3ED49A,INK
HPQ2_SUP_TON,Q2612A,TON
DELL9B_PH_LJ,9BG56B,LJ
DELL95_PC_Desktop,95I64QB,Desktop
HPZ7_SUP_TON,Z7Y85A,TON
HPT6_SUP_INK,T6M09AA,INK
DELLDO_SUP_INK,DO744B,INK
DELLDI_SUP_INK,DI757B,INK
HPC2_SUP_INK,C2P25AA,INK
DELL4Z_SUP_INK,4ZN87BB,INK
HP7Q_PC_Laptop,7Q6Z8PA,Laptop
DELL4F_SUP_INK,4FE55B,INK
DELL9R_PC_Laptop,9R4Y6QB,Laptop
DELL9B_PH_LJ,9BG63B,LJ
DELL7D_PC_Desktop,7D4H7QB,Desktop
DELL95_PC_Desktop,95K19QB,Desktop
DELLD3_SUP_INK,D3Q32BB,INK
DELL7K_PC_Laptop,7K3U9QB,Laptop
HP7P_PC_Desktop,7P0W4PA,Desktop
HP4K_SUP_INK,4K0V7PA,INK
HP3E_PH_IJ,3EK13A,IJ
HPA0_PC_Laptop,A03CKPA,Laptop
HP7Y_PC_Laptop,7Y6U1PA,Laptop
DELL5Z_PC_Laptop,5Z1M3FD,Laptop
HP9R_PC_Desktop,9R4N9PA,Desktop
HP3W_SUP_INK,3WX06A,INK
HP8F_PC_Desktop,8F4C9PA,Desktop
HPW2_SUP_TON,W2302A,TON
DELL7G_PH_SJ,7GX18B,SJ
HPCF_SUP_TON,CF411A,TON
DELLG0_SUP_INK,G0K78B,INK
HPCE_SUP_TON,CE313A,TON
HPCH_SUP_INK,CH645A,INK
HPCE_SUP_TON,CE402A,TON
HP8F_PC_Laptop,8F6K2PA,Laptop
HP65_PC_Monitor,65P59A6,Monitor
HPCF_SUP_TON,CF351A,TON
HPC9_SUP_INK,C9372A,INK
DELL9G_PC_Laptop,9G7D9QB,Laptop
DELLX2_SUP_TON,X2223B,TON
DELL46_PC_Monitor,467E7BB,Monitor
DELLDD_SUP_INK,DD754AA,INK
HPCR_SUP_INK,CR312AA,INK
DELL9V_PC_Laptop,9V7A8QB,Laptop
HP9C_PC_Laptop,9C9E1PA,Laptop
DELLDG_SUP_TON,DG391B,TON
DELL89_PC_Desktop,893O1QB,Desktop
HP7K_PC_Laptop,7K5J8PA,Laptop
DELL31_PH_SJ,31H16B,SJ
HPCZ_SUP_INK,CZ130A,INK
DELL4F_SUP_INK,4FE80B,INK
DELLB5_PC_Laptop,B56Z7QB,Laptop
DELL99_PC_Desktop,99A27QB,Desktop
HPCF_SUP_TON,CF362X,TON
HP7Z_PC_Laptop,7Z1P8PA,Laptop
DELLD3_SUP_INK,D3Q31BB,INK
DELL31_PH_SJ,31H18B,SJ
HP67_PC_Desktop,67U65PA,Desktop
HP6C_PC_Desktop,6C3G1PA,Desktop
DELL4K_SUP_INK,4KB88BB,INK
DELL8Y_PC_Desktop,8Y0L1QB,Desktop
DELLX2_SUP_TON,X2771B,TON
DELL3S_PH_IJ,3SN93B,IJ
HP6J_PC_Desktop,6J0Y9PA,Desktop
HP7K_PH_LJ,7KW56A,LJ
DELLDF_SUP_TON,DF432B,TON
HP4Y_PC_Laptop,4Y0L2EC,Laptop
DELL8Z_PC_Laptop,8Z7V0QB,Laptop
DELL7Q_PC_Monitor,7QB61B5,Monitor
DELLB1_PC_Laptop,B11QRQB,Laptop
DELL4Z_SUP_INK,4ZN81BB,INK
HP8F_PC_Desktop,8F4C5PA,Desktop
DELL5A_PH_LJ,5AC06B,LJ
HPC2_SUP_INK,C2P06AA,INK
DELL8Z_PC_Laptop,8Z7V2QB,Laptop
HP9R_PC_Laptop,9R291PA,Laptop
DELL9V_PC_Laptop,9V7Y9QB,Laptop
DELL9V_PC_Laptop,9V7Z9QB,Laptop
HPZ9_SUP_TON,Z9M01A,TON
DELL69_PH_IJ,699M4E,IJ
DELL9M_PC_Laptop,9M256QB,Laptop
HP7N_PC_Laptop,7N760PA,Laptop
DELLX2_SUP_TON,X2214B,TON
HP7Q_PC_Laptop,7Q6Z2PA,Laptop
DELL4X_SUP_INK,4XY24B,INK
HP6L_PC_Laptop,6L0K9PA,Laptop
HPP2_SUP_INK,P2V25A,INK
HPZ7_SUP_TON,Z7Y73A,TON
HP8F_PC_Laptop,8F8Z3PA,Laptop
DELL9G_PC_Laptop,9G7L2QB,Laptop
HP67_SUP_INK,676M6A,INK
HP1F_PH_IJ,1F3Y4A,IJ
HPCF_SUP_TON,CF359A,TON
HPZ9_SUP_TON,Z9M02A,TON
DELLDO_SUP_INK,DO703BB,INK
DELL7K_PC_Desktop,7K1Q6QB,Desktop
HPM0_SUP_INK,M0H50AA,INK
HPL0_SUP_INK,L0S57AA,INK
HP3W_SUP_INK,3WX08A,INK
DELL9I_PC_Laptop,9I549QB,Laptop
DELL4X_SUP_INK,4XY26B,INK
HP8F_PC_Laptop,8F6D3PA,Laptop
DELLD3_SUP_INK,D3Q18BB,INK
HP63_PC_Desktop,635X7PA,Desktop
HPW1_SUP_TON,W1580X,TON
HP77_PC_Laptop,77S54PA,Laptop
DELL0E_PC_Laptop,0E4N8QB,Laptop
DELL4K_SUP_INK,4KB93BB,INK
DELLX2_SUP_TON,X2231B,TON
HPB3_SUP_INK,B3P21A,INK
DELL78_PC_Desktop,78X20QB,Desktop
HPCF_SUP_TON,CF364A,TON
