PL,SKU,MAP,LPP
DELL0X_PC_Laptop,0X749QB,106684,98362.65
DELL75_PC_Monitor,75X62BB,35611,33616.78
DELLDF_SUP_TON,DF627B,29914,29225.98
HP4Z_PH_LJ,4ZB96A,39258,36706.23
DELL0R_PC_Laptop,0R0N0QB,139670,128775.74
DELL7L_PH_IJ,7LE37B,993854,938198.18
DELL89_PC_Desktop,89Z55QB,49687,48544.2
HP8C_PC_Laptop,8C4R9PA,102079,98608.31
DELLG0_SUP_INK,G0L15B,9900,9553.5
DELLDF_SUP_TON,DF853B,28788,28125.88
HPCN_SUP_INK,CN045AA,5296,4951.76
HPC2_SUP_INK,C2P23AA,3547,3316.44
HPC2_SUP_INK,C2P21AA,1419,1326.76
DELL4F_SUP_INK,4FE79B,1749,1687.78
DELLDG_SUP_TON,DG460B,25865,25270.1
HP8F_PC_Laptop,8F6C9PA,120699,116595.23
HP4K_SUP_INK,4K0V9PA,1995,1865.32
HP8F_PC_Laptop,8F8Z8PA,184299,178032.83
HPL0_SUP_UNK,L0R91AA,7788,
HPT8_PH_IJ,T8W15A,258399,255298.21
HP7N_PC_Desktop,7N6V0PA,31103,28272.63
HP7W_PC_Laptop,7W475PA,25213,24355.76
HP88_PC_Desktop,889G9PA,69349,63038.24
HP9E_PC_Laptop,9E3Q6PA,80359,77626.79
HP3E_SUP_INK,3ED28A,2158,2017.73
HP8L_PC_Laptop,8L147PA,272087,262836.04
DELL6S_PC_Monitor,6SE77BB,7181,6778.86
HP9D_PC_Laptop,9D3N8PA,40672,39289.15
DELL4Z_SUP_INK,4ZQ28BB,2921,2818.76
DELL4Z_SUP_INK,4ZN88BB,862,831.83
DELL7M_PC_Laptop,7M9Q1FD,84919,78295.32
DELLDG_SUP_TON,DG514Y,11174,10917.0
DELLDE_SUP_INK,DE083BB,2245,2166.43
DELL4K_SUP_INK,4KB89BB,2333,2251.34
DELL7Y_PC_Desktop,7Y4R5QB,60473,59082.12
HP8H_PC_Laptop,8H5D4PA,47915,46285.89
DELLA8_SUP_TON,A8Z92B,1492,1457.68
HPW1_SUP_TON,W1370X,6742,6128.48
DELL0F_PC_Laptop,0F4K7QB,94372,87010.98
HP9D_PC_Laptop,9D3N3PA,40818,39430.19
DELL9M_PC_Laptop,9M271QB,288919,266383.32
HP64_PC_Monitor,64W41AA,13937,13769.76
DELL7I_PC_Desktop,7I2Y3QB,36444,35605.79
DELLDG_SUP_TON,DG321Y,9183,8971.79
DELL4X_SUP_INK,4XY11B,2898,2796.57
HPCZ_SUP_INK,CZ124AA,702,656.37
DELLC4_SUP_INK,C4Q17B,28481,27484.16
DELL4X_SUP_INK,4XY20B,13988,13498.42
HP6D_PC_Monitor,6D8G9A6,6191,6116.71
DELL9M_PC_Laptop,9M266QB,380126,350476.17
HPCF_SUP_TON,CF210A,7248,6588.43
HP67_SUP_INK,676M8A,12730,11902.55
DELLDO_SUP_INK,DO745B,9225,8902.12
DELL7Y_PC_Desktop,7Y4T6QB,67545,65991.46
HP58_PH_IJ,588J8B,6044,5971.47
HPCE_SUP_TON,CE980A,2191,1991.62
DELLDE_SUP_INK,DE086BB,5240,5056.6
DELL4Z_SUP_INK,4ZN31BB,2249,2170.28
HP9J_PC_Laptop,9J6K8PA,72199,69744.23
DELL4Z_SUP_INK,4ZN28BB,1118,1078.87
HP4K_SUP_INK,4K0V8PA,1080,1009.8
DELL78_PC_Laptop,78W61QB,39560,36474.32
DELL4Z_SUP_INK,4ZQ04BB,2265,2185.72
DELLX2_SUP_TON,X2631B,11147,10890.62
DELL9A_PC_Laptop,9A8X6QB,361522,333323.28
HP38_PC_Desktop,385Z7PA,50366,45782.69
HPW1_SUP_TON,W1520X,20837,18940.83
DELLA8_SUP_TON,A8Z89B,16182,15809.81
DELLR6_SUP_TON,R6050B,11037,10783.15
DELL9G_PC_Desktop,9G5D0QB,45507,44460.34
HPC9_SUP_INK,C9404A,5604,5239.74
DELLDG_SUP_TON,DG324B,9236,9023.57
HP7W_PH_IJ,7WQ06B,5114,5052.63
HP6X_PC_Desktop,6X3W3PA,49349,44858.24
HPCN_SUP_INK,CN628AA,12041,11258.34
HPT6_SUP_INK,T6M05AA,2478,2316.93
DELL8L_PC_Desktop,8L778QB,76810,75043.37
DELL4Z_SUP_INK,4ZN82BB,1433,1382.84
HPP2_SUP_INK,P2V69A,10709,10012.92
DELL95_PC_Desktop,954E3QB,40120,39197.24
DELL3F_PC_Monitor,3F3Z4B7,8753,8262.83
HP3J_SUP_INK,3JA85AA,4209,3935.42
HP4Z_PH_LJ,4ZB95A,28455,26605.42
HP7J_PC_Desktop,7J4Y1PA,51229,46567.16
HPCD_SUP_INK,CD951A,5881,5498.74
DELLX2_PH_LJ,X2B35B,34212,33014.58
HP6G_PH_LJ,6GX04A,20879,19521.87
DELL4X_SUP_INK,4XY25B,6819,6580.34
HP60_PH_IJ,60K34B,7307,7219.32
DELL4X_SUP_INK,4XY19B,6441,6215.56
DELL8L_PC_Desktop,8L6X3QB,38305,37423.98
DELLN1_SUP_INK,N1I66BB,629,606.98
DELL0R_PC_Laptop,0R073QB,68845,63475.09
HP80_PC_Laptop,804L1PA,67868,65560.49
DELL7A_SUP_UNK,7AE72BB,528,
DELLDD_SUP_TON,DD499Y,6021,5882.52
HP2Z_PH_LJ,2Z615A,27869,26057.52
HP6L_PC_Laptop,6L8P0EC,89100,86070.6
DELL7O_PC_Laptop,7O141QB,85435,78771.07
DELLX3_SUP_TON,X3422B,5707,5575.74
DELLX2_SUP_TON,X2691Y,1623,1585.67
DELL4Z_SUP_INK,4ZN26BB,1092,1053.78
DELLDF_SUP_TON,DF431B,7738,7560.03
DELL4X_SUP_INK,4XY46B,7525,7261.62
HP82_PC_Laptop,821J4PA,68149,65831.93
DELLB1_PC_Laptop,B14DOQB,72141,66514.0
HPW2_SUP_TON,W2043A,11486,10440.77
DELLC4_SUP_INK,C4Q32B,6659,6425.94
DELL03_PC_Laptop,03V96QB,123894,114230.27
HP8L_PC_Laptop,8L8P4PA,159799,154365.83
DELL9G_PC_Laptop,9G7D0QB,137471,126748.26
DELL50_SUP_INK,509O6B,6191,5974.32
HP92_PC_Laptop,92U76PA,91139,88040.27
HP84_PC_Desktop,84H53PA,73989,67256.0
DELLM1_SUP_INK,M1T65BB,2175,2098.88
DELL31_PH_SJ,31H19B,90473,
HP8Y_PC_Laptop,8Y989PA,96959,93662.39
HP78_PC_Desktop,78Y44PA,52379,47612.51
DELL8R_PC_Laptop,8R7A8QB,37403,34485.57
HP7W_PH_IJ,7WN44D,3905,3858.14
HP3W_SUP_INK,3WX14A,6435,6016.72
HPM0_SUP_INK,M0H55AA,658,615.23
HP7P_PC_Desktop,7P2C5PA,148499,134985.59
HP3Y_SUP_INK,3YM77AA,796,744.26
DELLDI_SUP_INK,DI759B,13649,13171.28
HPCB_SUP_TON,CB541A,7284,6621.16
HP8Z_PC_Laptop,8Z7W5PA,334250,322885.5
HPCF_SUP_TON,CF362A,21877,19886.19
HP71_PH_LJ,715A3A,19399,18138.06
HP3Y_SUP_INK,3YM72AA,788,736.78
HP8L_PC_Laptop,8L120PA,167879,162171.11
HPCZ_PH_LJ,CZ186A,29099,27207.56
HP51_SUP_INK,51645AA,5132,4798.42
HPP2_SUP_INK,P2V63A,5658,5290.23
HP8X_PC_Laptop,8X1T8PA,172959,167078.39
HPB3_SUP_INK,B3P20A,7158,6692.73
HP7Y_PC_Laptop,7Y6U9PA,188159,181761.59
HP3E_SUP_INK,3ED69A,1784,1668.04
DELL9G_PC_Laptop,9G7K9QB,125262,115491.56
DELLDO_SUP_INK,DO737BB,11942,11524.03
HPCF_SUP_TON,CF500A,7249,6589.34
HP9T_PC_Desktop,9T8L0PA,37524,34109.32
HPCC_SUP_INK,CC643ZZ,2305,2155.18
DELL9D_PC_Laptop,9D5S9QB,118426,109188.77
DELL9G_PC_Laptop,9G9A2QB,205001,189010.92
HP6X_PC_Desktop,6X3Q4PA,61830,56203.47
HP3E_SUP_INK,3ED29A,3275,3062.12
DELLDG_SUP_TON,DG491B,9869,9642.01
DELL64_PH_LJ,64Q52B,13734,13253.31
HPC2_SUP_INK,C2P04AA,1654,1546.49
DELLD0_SUP_INK,D0483B,6380,6156.7
HP8C_PC_Laptop,8C4R7PA,93279,90107.51
HP40_PH_IJ,404L7C,40142,39660.3
DELL89_PC_Desktop,893O2QB,80600,78746.2
HPA4_PC_Laptop,A45Y7PA,142679,137827.91
HPF9_SUP_INK,F9K04A,8771,8200.88
DELL6I_PH_LJ,6II78B,106314,102593.01
HPCH_SUP_INK,CH564ZZ,2813,2630.16
DELL95_PC_Laptop,952X8QB,39342,36273.32
DELLQ3_SUP_INK,Q3W36B,7669,7400.58
DELL8K_PC_Desktop,8K3N4QB,350688,342622.18
HPCN_SUP_INK,CN627AA,11304,10569.24
HP1V_SUP_INK,1VV21AA,730,682.55
HPCF_SUP_TON,CF257A,9483,8620.05
DELLDG_SUP_TON,DG621B,5291,5169.31
DELLDO_SUP_INK,DO157BB,3904,3767.36
DELLDF_SUP_TON,DF396B,7262,7094.97
HP8L_PC_Laptop,8L160PA,303799,293469.83
DELLX2_SUP_TON,X2571Y,11170,10913.09
DELL7Y_PC_Desktop,7Y0T1QB,51638,50450.33
DELL0E_PC_Laptop,0E4Q2QB,57376,52900.67
DELLDG_SUP_TON,DG475B,27920,27277.84
HP3Y_SUP_INK,3YM20AA,2122,1984.07
HPCE_SUP_TON,CE516A,29978,27250.0
HPW1_SUP_TON,W1470A,20208,18369.07
HP6G_PC_Desktop,6G675PA,23861,21689.65
HPC2_SUP_INK,C2P20AA,1636,1529.66
DELLR3_SUP_TON,R3723BG,14596,14260.29
DELL0Z_PC_Laptop,0Z1Z7QB,64595,59556.59
HPCC_SUP_TON,CC388A,5659,5144.03
HPCF_SUP_TON,CF412A,11986,10895.27
HP6X_PC_Desktop,6X4B9PA,60624,55107.22
HPCF_SUP_TON,CF287A,24143,21945.99
HP54_PH_IJ,54R58B,6569,6490.17
HPCF_SUP_TON,CF211A,8982,8164.64
DELL0F_PC_Laptop,0F4L5QB,102575,94574.15
DELLB1_PC_Laptop,B14DLQB,66231,61064.98
DELL9G_PC_Laptop,9G5A6QB,89268,82305.1
DELL7Y_PC_Desktop,7Y4X5QB,32516,31768.13
DELL3A_PH_LJ,3A726B,28647,27644.36
HP3Y_SUP_INK,3YM22AA,3939,3682.96
DELL4Z_SUP_INK,4ZN32BB,2207,2129.76
HPF9_SUP_INK,F9J67A,6892,6444.02
HP8F_PC_Laptop,8F6J8PA,114749,110847.53
HP3E_SUP_INK,3ED50A,10709,10012.92
DELLQ3_SUP_INK,Q3W74B,6337,6115.2
HP8H_PC_Laptop,8H9G6PA,28823,27843.02
DELLX4_PH_IJ,X4A83B,640865,604976.56
HP3Y_SUP_INK,3YM71AA,1260,1178.1
HPW2_SUP_TON,W2310A,5073,4611.36
HP38_PH_LJ,381V6A,15179,14192.36
HP78_PC_Desktop,780A5PA,84149,76491.44
HPCF_SUP_TON,CF403X,10396,9449.96
DELLB1_PC_Laptop,B11QNQB,87228,80424.22
HP50_PC_Laptop,50M63PA,42239,40802.87
HP9Q_PC_Desktop,9Q932PA,54719,49739.57
DELL7G_PH_SJ,7GX17B,25856,
HP5H_PH_IJ,5HB08A,98808,97622.3
DELL78_SUP_INK,787N7B,13332,12865.38
DELL0X_PC_Laptop,0X7V9QB,79907,73674.25
DELLDG_SUP_TON,DG342B,3977,3885.53
HPCD_SUP_INK,CD973AA,2278,2129.93
HPA0_PC_Laptop,A03CHPA,48499,46850.03
DELL76_PC_Monitor,76Q68B7,6662,6288.93
HPCE_SUP_TON,CE741A,27239,24760.25
HP5R_PC_Monitor,5RD66AA,6395,6318.26
DELLDG_SUP_TON,DG613B,8036,7851.17
DELLX2_SUP_TON,X2581B,21140,20653.78
HP81_PC_Laptop,81M38AA,84864,81978.62
HPW2_SUP_TON,W2041A,11127,10114.44
DELL92_PC_Laptop,92C20QB,83146,76660.61
HPCZ_SUP_INK,CZ637AA,922,862.07
HP8C_PC_Laptop,8C527PA,92119,88986.95
HP4K_PC_Laptop,4K5D5PA,37199,35934.23
DELL8H_PC_Laptop,8H7I2QB,34874,32153.83
DELL7A_SUP_INK,7AE30BB,1655,1597.08
DELL4F_SUP_INK,4FE61B,10746,10369.89
DELL4F_SUP_INK,4FE62B,10760,10383.4
DELLX3_SUP_TON,X3101B,4491,4387.71
DELL3Z_PH_IJ,3Z0I1B,228581,215780.46
HP9Y_PC_Laptop,9Y0Z1PA,90299,87228.83
DELL09_PC_Desktop,094O7QB,49244,48111.39
HP2Z_PH_LJ,2Z614A,25438,23784.53
DELLD3_SUP_INK,D3Q34BB,3748,3616.82
DELL8K_PC_Desktop,8K5Z2QB,50997,49824.07
DELLK4_SUP_UNK,K4N82B,7897,
HP4S_SUP_INK,4S6X8PA,3231,3020.98
HPW2_SUP_TON,W2303A,10583,9619.95
HPCE_SUP_TON,CE322A,7088,6442.99
DELL4X_SUP_INK,4XY41B,14665,14151.72
DELLG0_SUP_INK,G0L12B,9704,9364.36
DELL93_PC_Laptop,935M7QB,36359,33523.0
DELLDF_SUP_TON,DF389B,8763,8561.45
DELLA8_SUP_TON,A8Z01B,2260,2208.02
DELLDO_SUP_INK,DO164BB,4908,4736.22
DELL8O_PC_Laptop,8O860QB,74933,69088.23
DELLD3_SUP_INK,D3Q37BB,2548,2458.82
HP58_PH_IJ,588L3D,4610,4554.68
HP8L_PC_Laptop,8L164PA,331344,320078.3
DELLDO_SUP_INK,DO741B,9057,8740.0
HP6Z_SUP_INK,6ZD32AA,1488,1391.28
HPCF_SUP_TON,CF401A,8793,7992.84
HPA0_PC_Laptop,A03CNPA,70399,68005.43
DELLX3_SUP_TON,X3222B,8034,7849.22
HP6J_PC_Desktop,6J0P5PA,51869,47148.92
HP83_PC_Laptop,832Q8PA,60749,58683.53
HP2Y_PH_IJ,2Y9H0A,234146,231336.25
DELL66_PC_Desktop,66A37QB,52405,51199.68
HP78_PC_Desktop,780A2PA,60629,55111.76
DELL89_PC_Monitor,891K6BB,42568,40184.19
DELLDF_SUP_TON,DF626B,25987,25389.3
DELL7Y_PC_Desktop,7Y0N4QB,43705,42699.78
DELL78_SUP_INK,787N8B,13226,12763.09
HP3G_PH_LJ,3G636A,32291,30192.08
HP54_PH_IJ,54R50B,6369,6292.57
DELL9M_PC_Laptop,9M250QB,321248,296190.66
HP3W_SUP_INK,3WX20A,13697,12806.7
HPP2_SUP_INK,P2V68A,10592,9903.52
DELLDG_SUP_TON,DG464B,6594,6442.34
HPZ7_SUP_TON,Z7Y69A,7130,6481.17
HPC9_SUP_INK,C9458A,6506,6083.11
DELLDO_SUP_INK,DO747B,9075,8757.38
DELL0Z_PC_Laptop,0Z1A2QB,102425,94435.85
DELL75_PC_Monitor,75W92BB,8633,8149.55
DELL8L_PC_Laptop,8L1M0QB,55845,51489.09
DELLN1_SUP_INK,N1I67BB,647,624.36
HP2Y_PH_IJ,2Y9H2A,251105,248091.74
DELLDO_SUP_INK,DO156BB,5864,5658.76
HPW1_PH_LJ,W1A24A,32490,30378.15
DELLB2_PC_Laptop,B2OX4QB,127109,117194.5
DELLN1_SUP_INK,N1I61BB,1265,1220.72
HP55_PC_Desktop,55Z26PA,48229,43840.16
DELL0F_PC_Laptop,0F4K5QB,60468,55751.5
DELL98_PC_Desktop,98H12QB,85814,83840.28
DELL4X_SUP_INK,4XY37B,8261,7971.86
HPCH_SUP_INK,CH565A,4141,3871.84
DELL5T_SUP_INK,5T7Y7QB,2181,2104.66
HP8F_PC_Laptop,8F4Z5PA,82324,79524.98
HP5H_PH_LJ,5HH48A,74669,69815.52
HPJ3_SUP_UNK,J3M68A,10249,
DELLDG_SUP_TON,DG513B,8463,8268.35
DELL99_PC_Desktop,990H0QB,71217,69579.01
HPZ7_SUP_TON,Z7Y83A,469,426.32
DELL05_PC_Laptop,054T2QB,89122,82170.48
DELLQ3_SUP_INK,Q3W38B,8845,8535.42
HP81_PC_Desktop,81T80PA,48014,43644.73
DELLD3_SUP_INK,D3Q17BB,2094,2020.71
DELL9Z_PC_Desktop,9Z0E5QB,117693,114986.06
HPZ7_SUP_TON,Z7Y76A,23192,21081.53
HP3E_SUP_INK,3ED67A,1710,1598.85
HPCF_SUP_TON,CF289A,16122,14654.9
HPCF_SUP_TON,CF501A,8549,7771.04
HP87_PC_Laptop,87B57PA,68999,66653.03
DELL8L_PH_LJ,8LX75B,50332,48570.38
HP7G_PC_Laptop,7G6H1PA,33795,32645.97
DELL93_PC_Laptop,932K5QB,70647,65136.53
DELLDF_SUP_TON,DF512B,25425,24840.22
HP8G_PC_Laptop,8G148PA,46013,44448.56
HP64_PC_Monitor,64X66AA,10453,10327.56
DELL8Z_PC_Laptop,8Z7V4QB,147230,135746.06
HPC2_SUP_INK,C2P07AA,4505,4212.18
DELLA8_SUP_TON,A8Z84B,7471,7299.17
HP6N_PC_Monitor,6N4E8AA,15859,15668.69
HP8U_PC_Laptop,8U1H3PA,51110,49372.26
DELL4X_SUP_INK,4XY12B,4012,3871.58
HP3W_SUP_INK,3WX01A,3812,3564.22
HP6X_PC_Desktop,6X9Q0PA,41539,37758.95
HP7Y_PC_Laptop,7Y6T9PA,133499,128960.03
DELL0Y_PC_Laptop,0Y6K4QB,95413,87970.79
DELLU7_SUP_INK,U7N24BB,2319,2237.84
DELLG7_SUP_INK,G7W38BB,831,801.92
HP9D_PC_Laptop,9D3N5PA,38447,37139.8
HPCF_SUP_TON,CF513A,5480,4981.32
DELL4F_SUP_INK,4FE89B,3235,3121.78
DELL3A_PH_LJ,3A744B,46189,44572.38
DELL89_PC_Desktop,893N1QB,63425,61966.22
DELL0U_PC_Desktop,0U9M1QB,35818,34994.19
DELLA8_SUP_TON,A8Z81B,6515,6365.16
DELLX3_SUP_TON,X3153B,11249,10990.27
DELLU7_SUP_INK,U7N16BB,2414,2329.51
DELL4Z_SUP_INK,4ZN27BB,1182,1140.63
DELL6I_PH_IJ,6IC19B,101437,95756.53
HP7M_PC_Laptop,7M659PA,39559,38213.99
HPCD_SUP_INK,CD972AA,2231,2085.98
HP46_PC_Laptop,46D70PA,56319,54404.15
DELLA8_SUP_TON,A8Z02B,6316,6170.73
DELL03_PC_Desktop,03A32QB,159045,155386.96
DELLQ3_SUP_INK,Q3W81B,11391,10992.32
HPC2_SUP_INK,C2P19AA,2276,2128.06
DELLDD_SUP_TON,DD499BE,9871,9643.97
HP9U_PC_Laptop,9U2C4PA,142099,137267.63
HP7P_PH_LJ,7PS84A,175008,163632.48
DELLM1_SUP_UNK,M1S05BB,8243,
HP7M_PC_Laptop,7M656PA,39559,38213.99
DELLD0_SUP_INK,D0495B,5916,5708.94
DELL4X_SUP_INK,4XY31B,14209,13711.68
HP7L_PC_Laptop,7L035PA,48059,46424.99
HP7K_PC_Desktop,7K2P3PA,31154,28318.99
DELLG0_SUP_INK,G0K88B,14064,13571.76
HPC9_SUP_INK,C9351AA,2141,2001.84
DELL0E_PC_Laptop,0E4Q1QB,55589,51253.06
DELLU9_PH_IJ,U9X27B,494392,466706.05
DELL9M_PC_Laptop,9M233QB,109817,101251.27
HPCF_SUP_TON,CF502A,8112,7373.81
HP8L_PC_Laptop,8L149PA,288639,278825.27
DELL64_PH_IJ,648Q6D,33824,31929.86
HP6U_PH_IJ,6UU48A,17479,17269.25
HP7K_PC_Desktop,7K3Z3PA,50894,46262.65
DELL0V_PC_Laptop,0V3D5QB,142790,131652.38
DELLU7_SUP_INK,U7N28BB,3936,3798.24
DELLDG_SUP_TON,DG320B,7632,7456.46
DELLA8_SUP_TON,A8Z87B,25061,24484.6
HP2E_PC_Monitor,2E2Y3A6,8555,8452.34
HP44_PC_Desktop,44V84PA,42314,38463.43
DELLM4_PH_IJ,M4V54B,145035,136913.04
DELLQ3_SUP_INK,Q3W73B,6060,5847.9
DELLDD_SUP_INK,DD751AA,1999,1929.04
DELLD0_SUP_INK,D0517B,6187,5970.46
HP84_PC_Laptop,840G6PA,62789,60654.17
HPL0_SUP_INK,L0S66AA,3699,3458.56
DELL7G_PH_SJ,7GX10B,54367,
DELLDG_SUP_TON,DG368B,9429,9212.13
HPL0_SUP_UNK,L0S06AA,11434,
HP9X_PC_Laptop,9X5J3PA,84279,81413.51
HPW1_SUP_TON,W1660A,5551,5045.86
DELL2C_PC_Monitor,2C0Y3BB,32488,30668.67
HP8F_PC_Laptop,8F6D5PA,147029,142030.01
HPCD_SUP_INK,CD975AA,4958,4635.73
HPA1_PC_Laptop,A1QV2PA,66143,63894.14
DELLX3_SUP_TON,X3221B,6789,6632.85
DELL49_PH_LJ,492V1B,20763,20036.29
HP3Y_SUP_INK,3YM16AA,1130,1056.55
HPW2_SUP_TON,W2090A,4183,3802.35
DELL8X_PH_IJ,8XO55E,3973,3750.51
HPW1_SUP_TON,W1103AD,1844,1676.2
DELLA8_SUP_TON,A8Z70B,7711,7533.65
HPCF_SUP_TON,CF511A,5480,4981.32
DELLA0_SUP_TON,A0N16B,7044,6881.99
HPCF_SUP_TON,CF350A,5921,5382.19
HP7Q_PC_Laptop,7Q6Y9PA,43709,42222.89
HP9T_PC_Laptop,9T8K8PA,175779,169802.51
HPCZ_SUP_INK,CZ132A,1963,1835.4
HPW2_SUP_TON,W2312A,5557,5051.31
HPCZ_SUP_INK,CZ122AA,748,699.38
DELL50_SUP_INK,509O7B,6392,6168.28
DELL4K_SUP_INK,4KB91BB,2669,2575.58
HPCE_SUP_TON,CE742A,30370,27606.33
DELLA8_SUP_TON,A8Z79B,7580,7405.66
HPF6_SUP_INK,F6V27AA,815,762.02
HP4R_PH_LJ,4RA89A,70896,66287.76
DELLDO_SUP_INK,DO166BB,2142,2067.03
HPF9_SUP_INK,F9K17A,13183,12326.1
HPCF_SUP_TON,CF360A,16370,14880.33
HP68_PC_Laptop,689U2PA,49874,48178.28
DELLDF_SUP_TON,DF511B,15757,15394.59
HP67_SUP_INK,676M7A,13461,12586.04
DELL6T_PH_IJ,6TF37C,10864,10255.62
HPCE_SUP_TON,CE410A,9311,8463.7
HPW1_SUP_TON,W1370A,4930,4481.37
HP8F_PC_Laptop,8F8Z1PA,206079,199072.31
DELL94_PC_Laptop,945V6QB,227464,209721.81
HPA0_PC_Desktop,A05H9PA,46034,41844.91
HP9E_PC_Laptop,9E3J4PA,60299,58248.83
HP3X_PH_IJ,3XB78A,588097,581039.84
DELL7L_PC_Laptop,7L8V3QB,45809,42235.9
DELL9D_PC_Laptop,9D5S8QB,102128,94162.02
HP79_PC_Desktop,79U84PA,63854,58043.29
HP3J_SUP_INK,3JA80AA,2463,2302.91
HPCZ_SUP_INK,CZ108AA,828,774.18
HPC9_SUP_INK,C9383A,5284,4940.54
DELL8L_PC_Desktop,8L2H4QB,25544,24956.49
DELLX3_SUP_TON,X3423B,5579,5450.68
DELLA8_SUP_TON,A8Z99B,670,654.59
HP3W_SUP_INK,3WX42A,7201,6732.94
DELL31_PH_SJ,31H17B,45395,
HP3J_SUP_INK,3JA81AA,3573,3340.76
DELLB1_PC_Laptop,B14DKQB,66184,61021.65
DELL4X_SUP_INK,4XY17B,6399,6175.04
DELL24_PC_Monitor,24M93BB,17336,16365.18
DELL8Z_PC_Laptop,8Z7V9QB,143914,132688.71
DELL7L_PC_Laptop,7L0D7QB,55923,51561.01
HP72_PC_Laptop,72K10PA,26969,26052.05
HP9D_PC_Laptop,9D3P0PA,56839,54906.47
DELL79_PC_Laptop,790V3QB,48918,45102.4
HPCF_SUP_TON,CF361A,19396,17630.96
DELL9M_PC_Laptop,9M277QB,368652,339897.14
DELLDO_SUP_INK,DO739BB,11776,11363.84
HP98_PC_Desktop,983N6PA,44822,40743.2
DELLM1_SUP_INK,M1T83BB,4541,4382.06
HP18_PC_Monitor,189T0AA,16825,16623.1
HPCF_SUP_TON,CF280A,10666,9695.39
DELLR3_SUP_TON,R3723B,7920,7737.84
DELLA9_SUP_TON,A9X63B,9304,9090.01
HP80_PC_Laptop,805X2PA,67343,65053.34
HPCZ_PH_LJ,CZ174A,18613,17403.16
HPW2_SUP_TON,W2112A,7011,6373.0
DELL0E_PC_Laptop,0E4O8QB,40981,37784.48
HP7W_PH_IJ,7WN46D,3611,3567.67
DELL0E_PC_Laptop,0E4O4QB,42040,38760.88
DELL9G_PC_Laptop,9G7L3QB,138634,127820.55
DELL4Z_SUP_INK,4ZN20BB,2352,2269.68
HP9E_PC_Laptop,9E3K8PA,152999,147797.03
DELLDC_SUP_TON,DC651B,9050,8841.85
HPW2_SUP_TON,W2301A,9710,8826.39
HP6F_PH_SJ,6FW07A,30688,
DELLG0_SUP_INK,G0L14B,9460,9128.9
HPA0_PC_Laptop,A00PMPA,77399,74767.43
DELL4X_SUP_INK,4XY53B,7817,7543.4
DELLDG_SUP_TON,DG322B,9279,9065.58
HPW1_SUP_TON,W1120A,6398,5815.78
HPZ7_SUP_TON,Z7Y79A,14594,13265.95
DELL5L_SUP_INK,5L1W9QB,1040,1003.6
DELL9M_PC_Desktop,9M218QB,55076,53809.25
HP3W_SUP_INK,3WX30A,14890,13922.15
DELLDA_SUP_INK,DA243B,2126,2051.59
HP9W_PC_Laptop,9W638PA,95039,91807.67
HP3J_SUP_INK,3JA83AA,3315,3099.52
HP3E_SUP_INK,3ED77A,3178,2971.43
DELLU7_SUP_INK,U7M08BB,1144,1103.96
HPCF_SUP_TON,CF228A,10223,9292.71
HPCE_SUP_TON,CE401A,25348,23041.33
HPL0_SUP_INK,L0S23AA,1590,1486.65
DELL4K_SUP_INK,4KC17BB,2469,2382.58
HP7K_PC_Desktop,7K661PA,61854,56225.29
DELL50_SUP_INK,509O8B,6009,5798.68
HP35_PC_Monitor,356D6AA,14013,13844.84
HPF9_SUP_INK,F9K06A,10216,9551.96
DELL5L_SUP_INK,5L1W7QB,1044,1007.46
HP7J_PC_Desktop,7J9W4PA,36549,33223.04
DELLG0_SUP_INK,G0K76B,6937,6694.2
HPW1_SUP_TON,W1112A,4649,4225.94
HP8A_PH_LJ,8AF52A,60561,56624.54
HP8L_PC_Desktop,8L129PA,107159,97407.53
DELLDG_SUP_TON,DG469B,10298,10061.15
DELLD3_SUP_INK,D3Q15BB,1856,1791.04
DELL4X_SUP_INK,4XY32B,14427,13922.06
HPCF_SUP_TON,CF363A,20299,18451.79
HPCN_SUP_INK,CN630A,9530,8910.55
HP5H_PH_IJ,5HB06A,75106,74204.73
DELL62_SUP_INK,62756BB,4857,4687.0
DELL8M_PC_Laptop,8M488QB,63149,58223.38
DELLDI_SUP_INK,DI756B,13590,13114.35
DELL0U_PC_Laptop,0U9L7QB,163628,150865.02
DELL8R_PC_Laptop,8R7A9QB,39668,36573.9
HPCH_SUP_INK,CH646A,14158,13237.73
DELLN1_SUP_INK,N1I65BB,644,621.46
DELL4F_SUP_INK,4FE50B,11521,11117.76
HP97_PC_Desktop,977P0PA,26949,24496.64
HPM0_SUP_INK,M0H56AA,671,627.38
DELL94_PC_Laptop,945U0QB,129417,119322.47
DELLDG_SUP_TON,DG452B,16983,16592.39
HP9U_PC_Laptop,9U867PA,174239,168314.87
HP6N_PC_Monitor,6N4E2AA,19901,19662.19
HP7J_PC_Desktop,7J1S5PA,37799,34359.29
HP3J_SUP_INK,3JB06AA,2498,2335.63
DELL4F_PC_Desktop,4F8S0QB,44359,43338.74
HP7N_PC_Laptop,7N759PA,74699,72159.23
DELLDG_SUP_TON,DG473B,22096,21587.79
HPCF_SUP_TON,CF353A,6242,5673.98
DELLM1_SUP_INK,M1T62BB,2318,2236.87
HP3Y_SUP_INK,3YM21AA,2290,2141.15
HP82_PC_Laptop,824L6PA,34268,33102.89
DELL49_PH_LJ,492W7B,15189,14657.38
DELL4K_SUP_INK,4KB96BB,4261,4111.86
HP7S_PC_Laptop,7S4P3PA,83659,80814.59
DELL83_PC_Laptop,83L21QB,26484,24418.25
DELL5L_PC_Laptop,5L6E6QB,39374,36302.83
HP6F_PH_SJ,6FW09A,48741,
HPX4_SUP_INK,X4E79AA,1498,1400.63
DELL9G_PC_Laptop,9G7E6QB,167226,154182.37
DELL95_PC_Laptop,951U8QB,26342,24287.32
DELLA8_SUP_TON,A8Z93B,6711,6556.65
DELL7L_PC_Laptop,7L0D4QB,58471,53910.26
DELL0D_PC_Laptop,0D0F2QB,56295,51903.99
DELLDO_SUP_INK,DO738BB,11307,10911.26
HPP2_SUP_INK,P2V64A,5788,5411.78
HP4S_SUP_INK,4S6X6PA,2261,2114.04
DELL4K_SUP_INK,4KB92BB,3477,3355.3
DELL3F_PC_Monitor,3F3Z5B7,10520,9930.88
HP7K_PC_Laptop,7K0L9PA,52808,51012.53
DELLX2_SUP_TON,X2691B,930,908.61
HP38_PH_LJ,381U0A,18899,17670.56
DELLG0_PH_IJ,G0B39F,163250,154108.0
HPF9_SUP_INK,F9J78A,14001,13090.94
DELL0V_PC_Laptop,0V978QB,164201,151393.32
DELL9K_PC_Laptop,9K1T6QB,55949,51584.98
DELLDA_SUP_INK,DA232BB,940,907.1
HPCN_SUP_INK,CN055AA,2221,2076.64
DELLD0_SUP_INK,D0462BB,2268,2188.62
HP20_PH_SJ,20G07A,54502,
HP9V_PC_Monitor,9VJ40AA,18458,18236.5
HP8D_PC_Laptop,8D667PA,125759,121483.19
DELL00_PC_Laptop,00U01QB,87370,80555.14
HP2W_PC_Desktop,2W953PA,41157,37411.71
HPQ2_SUP_TON,Q2612X,7668,6970.21
DELLDG_SUP_TON,DG612B,7931,7748.59
DELL9V_PC_Laptop,9V2I4QB,53030,48893.66
HPCF_SUP_TON,CF400A,7533,6847.5
HP9E_PC_Laptop,9E3K5PA,107689,104027.57
DELL0F_PC_Laptop,0F4L0QB,123935,114268.07
DELL9H_PC_Laptop,9H259QB,50940,46966.68
HP8F_PC_Laptop,8F6C8PA,156419,151100.75
HPB3_SUP_INK,B3P19A,7085,6624.48
HP7K_PC_Desktop,7K5W2PA,34849,31677.74
HPCE_SUP_TON,CE400A,14759,13415.93
DELL7L_PC_Laptop,7L0D6QB,66146,60986.61
HP4J_PC_Laptop,4J0N0PA,52509,50723.69
HPZ7_SUP_TON,Z7Y81A,1380,1254.42
DELLDG_SUP_TON,DG348B,19718,19264.49
HP34_PC_Monitor,34Y23AA,10787,10657.56
DELLDO_SUP_INK,DO159BB,3777,3644.8
DELLU7_SUP_INK,U7M90BB,1217,1174.4
HP6F_PH_SJ,6FW10A,67415,
DELL3I_PC_Monitor,3I1O2BB,12539,11836.82
DELL5T_SUP_INK,5T7Y8QB,2255,2176.07
DELLDG_SUP_TON,DG611B,7261,7094.0
DELL0W_PC_Monitor,0WK51BB,19231,18154.06
HP2Z_PH_LJ,2Z632A,32225,30130.38
HP8F_PC_Desktop,8F4C2PA,27830,25297.47
HP92_PC_Laptop,92U85PA,116449,112489.73
HPW1_SUP_TON,W1104A,7152,6501.17
DELL9G_PC_Laptop,9G9A4QB,253333,233573.03
DELL9E_PC_Laptop,9E778QB,119690,110354.18
HPF6_SUP_INK,F6V26AA,842,787.27
HPF9_SUP_INK,F9J66A,6892,6444.02
HP5H_PH_LJ,5HH67A,96104,89857.24
DELLDG_SUP_TON,DG390Y,25488,24901.78
DELLDF_SUP_TON,DF423B,6316,6170.73
DELL95_PC_Laptop,951H7QB,64576,59539.07
DELLDG_SUP_TON,DG513Y,10857,10607.29
HP84_PC_Desktop,84J08PA,43119,39195.17
HP6L_PC_Laptop,6L0L1PA,107009,103370.69
DELLDG_SUP_TON,DG523B,11684,11415.27
HPA4_PC_Laptop,A46C9PA,124099,119879.63
DELL4F_SUP_INK,4FE70B,1771,1709.02
HPF6_SUP_INK,F6V23AA,824,770.44
DELL8Q_PC_Desktop,8Q3D6QB,147922,144519.79
HPZ7_SUP_TON,Z7Y82A,6060,5508.54
HP7W_PC_Laptop,7W474PA,39846,38491.24
DELLG0_SUP_INK,G0L17B,9319,8992.83
HPCF_SUP_TON,CF210X,9304,8457.34
DELLDI_SUP_INK,DI674AA,2082,2009.13
DELL0R_PC_Desktop,0R043QB,51457,50273.49
DELL9Y_PC_Laptop,9Y2V1QB,228192,210393.02
HP99_PC_Laptop,99T90PA,77690,75048.54
DELL9G_PC_Laptop,9G9A1QB,193230,178158.06
HP84_PC_Laptop,841W6PA,33668,32523.29
DELL9I_PC_Laptop,9I0H7QB,29804,27479.29
DELLDF_SUP_TON,DF422B,6592,6440.38
DELL94_PC_Laptop,943R9QB,63014,58098.91
HP6K_PC_Laptop,6K9C6PA,57819,55853.15
DELL5B_PH_IJ,5B9E0B,13085,12352.24
HP6J_PC_Laptop,6J2T8PA,174839,168894.47
DELLDG_SUP_TON,DG511Y,10325,10087.52
DELL0U_PC_Laptop,0U9L8QB,193144,178078.77
DELL8L_PC_Desktop,8L3Q4QB,32198,31457.45
DELLDG_SUP_TON,DG614B,8442,8247.83
HPZ8_SUP_TON,Z8W52A,8964,8148.28
HP7S_PC_Laptop,7S4N7PA,70559,68159.99
HP3X_PH_IJ,3XB77A,530100,523738.8
DELLQ3_SUP_INK,Q3W94B,7328,7071.52
DELL5K_PC_Laptop,5K1O1QB,55516,51185.75
HP8F_PC_Laptop,8F6C4PA,160379,154926.11
DELLDO_SUP_INK,DO165BB,2222,2144.23
HP84_PC_Laptop,840T7PA,25379,24516.11
HPCH_SUP_INK,CH562ZZ,1314,1228.59
HPA4_PC_Laptop,A45Y5PA,207899,200830.43
HP6F_PH_SJ,6FW08A,45789,
DELL0F_PC_Laptop,0F4R7QB,76047,70115.33
DELLDO_SUP_INK,DO167BB,2203,2125.9
DELL8L_PC_Desktop,8L4A4QB,56006,54717.86
HP3J_SUP_INK,3JA84AA,3873,3621.26
HP9D_PC_Laptop,9D3M7PA,42239,40802.87
DELL7O_PC_Monitor,7O5F9BB,14829,13998.58
DELLDF_SUP_TON,DF851B,17510,17107.27
HP81_PC_Laptop,81B19PA,86329,83393.81
HP95_PC_Laptop,95R98PA,52779,50984.51
DELL8N_PC_Laptop,8N765QB,54397,50154.03
HPT8_PH_IJ,T8W18A,642868,635153.58
HP2R_PH_IJ,2RM82A,1074306,1061414.33
DELLG7_SUP_INK,G7W31BB,1457,1406.0
DELLR3_SUP_TON,R3723Y,8247,8057.32
DELL8O_PC_Desktop,8O7W1QB,31529,30803.83
DELLDA_PH_LJ,DA297B,28799,27791.04
DELLB5_PC_Laptop,B57D0QB,141645,130596.69
HPCN_SUP_INK,CN046AA,3506,3278.11
DELLM1_SUP_UNK,M1T17BB,12510,
DELLDG_SUP_TON,DG471Y,23845,23296.56
DELL9G_PC_Laptop,9G9A9QB,181217,167082.07
HPCD_SUP_INK,CD974AA,2254,2107.49
HPL0_SUP_UNK,L0R88AA,7879,
HP4K_SUP_INK,4K0V6PA,989,924.72
HPCF_SUP_TON,CF402A,8980,8162.82
HP8L_PC_Laptop,8L145PA,160079,154636.31
DELL7O_PC_Monitor,7O7F0BB,17960,16954.24
HPCF_SUP_TON,CF358A,10319,9379.97
HPA1_PC_Laptop,A1NW3PA,116999,113021.03
DELLD2_SUP_INK,D2R21B,19684,18995.06
HP9T_PC_Laptop,9T8K7PA,202859,195961.79
HP9D_PC_Laptop,9D3N6PA,38699,37383.23
DELLD3_SUP_INK,D3Q20BB,2211,2133.61
DELLN1_SUP_INK,N1I62BB,1351,1303.71
DELLD3_SUP_INK,D3Q33BB,1599,1543.04
DELL89_PC_Desktop,891B3QB,69581,67980.64
HPZ7_SUP_TON,Z7Y78A,14364,13056.88
HPL0_SUP_INK,L0S69AA,3820,3571.7
DELL39_PH_IJ,39D23B,19696,18593.02
HP7X_PC_Desktop,7X9K0PA,42719,38831.57
HP7J_PC_Laptop,7J035AA,40050,38688.3
HPCZ_SUP_INK,CZ131A,2264,2116.84
HP8C_PC_Laptop,8C4R8PA,103199,99690.23
HPCC_SUP_TON,CC388AD,9599,8725.49
HP82_PC_Laptop,821M3PA,78569,75897.65
HPF9_SUP_INK,F9K01A,10113,9455.66
HPM0_SUP_INK,M0H54AA,624,583.44
DELLX3_SUP_TON,X3224B,7847,7666.52
DELLDA_SUP_INK,DA233BB,742,716.03
HPCB_SUP_TON,CB542A,8301,7545.61
DELL06_PC_Laptop,06T70QB,83220,76728.84
DELL51_PC_Monitor,51A43BB,34745,32799.28
DELL5T_SUP_INK,5T7Y9QB,3417,3297.4
HP3E_SUP_INK,3ED45A,5983,5594.1
DELLDE_SUP_INK,DE084BB,2266,2186.69
DELLB1_PC_Laptop,B11QQQB,96594,89059.67
HP7P_PH_LJ,7PS82A,138860,129834.1
DELLX3_SUP_TON,X3221Y,10002,9771.95
HPCF_SUP_TON,CF233A,2496,2268.86
HP8Y_PC_Desktop,8Y9D4PA,113999,103625.09
HPCE_SUP_TON,CE278AF,15513,14101.32
DELL3A_PH_LJ,3A725B,28300,27309.5
HPCN_SUP_INK,CN693AA,914,854.59
DELLDA_SUP_INK,DA246B,4377,4223.8
DELL4F_SUP_INK,4FE56B,6006,5795.79
DELL82_PH_LJ,826B5B,19191,18519.31
DELL7G_PH_SJ,7GX21B,65166,
HP20_PH_SJ,20G05A,23550,
DELL8Z_PC_Laptop,8Z7V3QB,144050,132814.1
HP9E_PC_Laptop,9E3J6PA,97919,94589.75
DELL7L_PC_Laptop,7L0K3QB,71225,65669.45
DELL6D_PC_Laptop,6D6N5QB,24704,22777.09
DELLDC_SUP_TON,DC654B,8063,7877.55
DELL0E_PC_Laptop,0E4O7QB,39361,36290.84
HPCF_SUP_TON,CF256X,3012,2737.91
HPCN_SUP_INK,CN634A,8946,8364.51
DELL9G_PC_Desktop,9G5D3QB,30539,29836.6
HPCF_SUP_TON,CF401X,10160,9235.44
DELL27_PC_Monitor,270M1BB,22820,21542.08
DELL8K_PC_Desktop,8K285QB,60708,59311.72
DELLG0_SUP_INK,G0K77B,6749,6512.78
HPCF_SUP_TON,CF234A,6145,5585.8
DELLX3_SUP_TON,X3151B,8825,8622.02
DELL7M_PC_Laptop,7M1M1QB,102751,94736.42
HPW2_SUP_TON,W2042A,11008,10006.27
DELL8O_PC_Monitor,8O010BU,7899,7456.66
HPCE_SUP_TON,CE255A,14198,12905.98
HPCC_SUP_TON,CC388X,6163,5602.17
DELL76_PC_Monitor,76Q60B7,8975,8472.4
DELL7H_PH_LJ,7HY17B,24411,23556.62
HPW2_SUP_TON,W2110A,5893,5356.74
DELLDO_SUP_INK,DO704BB,946,912.89
HPCF_SUP_TON,CF289X,23119,21015.17
DELLX2_SUP_TON,X2481B,4851,4739.43
DELL82_PH_LJ,826B4B,18951,18287.72
DELL82_PH_LJ,826B6B,21255,20511.08
HPZ9_SUP_TON,Z9M05A,6870,6244.83
DELL4K_SUP_INK,4KB94BB,3568,3443.12
DELL0F_PC_Laptop,0F4L6QB,118246,109022.81
HP78_PC_Monitor,780J5AA,45242,44699.1
HPCF_SUP_TON,CF400X,10118,9197.26
DELL9M_PC_Laptop,9M9Q6QB,146261,134852.64
HPCN_SUP_INK,CN626AA,11427,10684.24
DELLM1_SUP_INK,M1T77BB,3747,3615.86
DELLDO_SUP_INK,DO746B,9613,9276.54
HP7L_PC_Laptop,7L033PA,44499,42986.03
DELLDG_SUP_TON,DG390B,16474,16095.1
DELL5S_PH_LJ,5SB90B,77160,74459.4
DELLX3_SUP_TON,X3413B,10265,10028.91
HP6G_PH_LJ,6GW64A,15009,14033.42
HP9Q_PC_Laptop,9Q9M9PA,145499,140552.03
DELLA0_SUP_TON,A0N13B,6674,6520.5
HP50_PC_Laptop,50M62PA,32399,31297.43
DELL93_PC_Laptop,932Q1QB,65960,60815.12
DELLG7_SUP_INK,G7W34BB,820,791.3
HP6P_PC_Monitor,6PA50A4,29075,28726.1
HP3W_SUP_INK,3WX26A,7433,6949.86
DELLDG_SUP_TON,DG341B,7296,7128.19
HPW2_SUP_TON,W2111X,10520,9562.68
DELLD0_SUP_INK,D0463BB,3006,2900.79
HP8F_PC_Laptop,8F8Y9PA,215599,208268.63
HP81_PC_Laptop,81B47PA,96049,92783.33
HP8L_PC_Laptop,8L168PA,409767,395834.92
HP20_PH_SJ,20G06A,45959,
HP8L_PC_Laptop,8L122PA,109199,105486.23
DELLDG_SUP_TON,DG472B,20688,20212.18
HPZ7_SUP_TON,Z7Y70A,6741,6127.57
DELLDF_SUP_TON,DF421BE,9381,9165.24
DELL4F_SUP_INK,4FE39B,2271,2191.52
DELL9D_PC_Laptop,9D638QB,88263,81378.49
HP63_PC_Desktop,635A4PA,44054,40045.09
HP8K_PC_Laptop,8K8J1PA,44837,43312.54
HPW2_SUP_TON,W2110X,9627,8750.94
HP8U_PC_Laptop,8U6X8PA,196019,189354.35
HP91_PC_Laptop,91R01PA,55441,53556.01
HPCN_SUP_INK,CN056AA,2127,1988.74
DELLDG_SUP_TON,DG462B,6715,6560.56
DELLDG_SUP_TON,DG522B,9935,9706.5
DELL6I_PH_IJ,6IC21B,154564,145908.42
DELL0Y_PC_Laptop,0Y4M7QB,60179,55485.04
DELL4F_PH_IJ,4FL24B,512276,483588.54
DELLDA_SUP_INK,DA234BB,704,679.36
HP38_PH_LJ,381U4A,20159,18848.66
HPCE_SUP_TON,CE743A,27239,24760.25
DELL9M_PC_Laptop,9M279QB,385015,354983.83
DELLDG_SUP_TON,DG367B,3177,3103.93
DELL8O_PC_Laptop,8O871QB,76393,70434.35
DELLDG_SUP_TON,DG461B,6284,6139.47
DELLDG_SUP_TON,DG329B,5643,5513.21
DELLC4_SUP_INK,C4Q31B,6982,6737.63
DELLDA_PH_LJ,DA286B,21173,20431.94
DELLQ3_SUP_INK,Q3W70B,11117,10727.9
HPW2_SUP_TON,W2311A,5791,5264.02
DELLDF_SUP_TON,DF521B,9697,9473.97
DELLDG_SUP_TON,DG623B,5762,5629.47
DELLDG_SUP_TON,DG392B,18155,17737.44
HP8J_PC_Laptop,8J0S5PA,50416,48701.86
DELL45_PC_Monitor,45Z34BB,11912,11244.93
DELL8L_PC_Desktop,8L760QB,53813,52575.3
HP40_PC_Monitor,40Z32AA,31799,31417.41
HP7Q_PC_Laptop,7Q6Z0PA,44649,43130.93
HP8X_PC_Laptop,8X1U0PA,208799,201699.83
HP9U_PC_Laptop,9U2C1PA,121499,117368.03
HP81_PC_Desktop,81T79PA,35639,32395.85
HP7Y_PC_Laptop,7Y6U3PA,152879,147681.11
DELLDA_SUP_INK,DA749BB,934,901.31
HP84_PC_Laptop,841W7PA,37599,36320.63
DELL0Z_PC_Laptop,0Z1A3QB,104949,96762.98
DELLK4_SUP_UNK,K4N79B,11640,
DELL3A_PH_LJ,3A745B,48160,46474.4
HP9E_PC_Laptop,9E3K4PA,97649,94328.93
HP4S_SUP_INK,4S6X5PA,2308,2157.98
HPCE_SUP_TON,CE320A,7120,6472.08
HPCE_SUP_TON,CE314A,8918,8106.46
HP6N_PC_Laptop,6N030PA,82769,79954.85
HPW2_SUP_TON,W2091A,5175,4704.08
HPCF_SUP_TON,CF402X,11460,10417.14
HP9D_PC_Laptop,9D0K7PA,160889,155418.77
HPL0_SUP_INK,L0S72AA,4685,4380.48
HP95_PC_Laptop,95S69PA,79049,76361.33
DELLA8_SUP_TON,A8Z83B,7735,7557.1
DELL7G_PH_SJ,7GX19B,44338,
DELLDE_SUP_INK,DE062B,6205,5987.82
HP7K_PH_LJ,7KW64A,45886,42903.41
DELL71_PH_IJ,71L45C,8244,7782.34
HPF9_PH_IJ,F9A28E,157520,155629.76
DELL06_PC_Laptop,06S09QB,53109,48966.5
DELLX3_SUP_TON,X3414B,10072,9840.34
DELL9V_PC_Laptop,9V7A3QB,238961,220322.04
DELL8N_PC_Laptop,8N769QB,58805,54218.21
DELL4X_SUP_INK,4XY48B,7410,7150.65
HPC1_SUP_INK,C1Q10A,19188,17940.78
DELL0S_PC_Desktop,0S5O0QB,114212,111585.12
HPCE_SUP_TON,CE310A,5261,4782.25
DELLB5_PC_Laptop,B56Z6QB,200762,185102.56
HPW1_SUP_TON,W1580A,864,785.38
DELL01_PC_Laptop,01O65QB,107790,99382.38
HP71_PH_LJ,715A4A,18059,16885.16
DELL8Q_PC_Desktop,8Q1X5QB,36353,35516.88
DELLQ3_SUP_INK,Q3W75B,5914,5707.01
DELL8R_PC_Desktop,8R974QB,46454,45385.56
HPW1_SUP_TON,W1460A,6691,6082.12
HP8L_PC_Laptop,8L144PA,171957,166110.46
HPCZ_SUP_TON,CZ192A,16252,14773.07
DELL89_PC_Desktop,891B8QB,66194,64671.54
DELLDG_SUP_TON,DG471B,16820,16433.14
HPZ7_SUP_TON,Z7Y68A,7376,6704.78
HPL0_SUP_INK,L0S63AA,3619,3383.76
HP20_PH_SJ,20G08A,83736,
HPL0_SUP_INK,L0S51AA,1986,1856.91
HP83_PC_Laptop,834U5PA,220791,213284.11
DELL5B_PH_IJ,5B9S0B,11618,10967.39
DELLDA_SUP_TON,DA203B,17763,17354.45
DELL7O_PC_Monitor,7O5G2BB,16898,15951.71
DELLX3_SUP_TON,X3222Y,10010,9779.77
HPW1_SUP_TON,W1103A,946,859.91
DELL49_PH_LJ,492V3B,23409,22589.68
HPQ2_SUP_TON,Q2612AF,14901,13545.01
HP9U_PC_Laptop,9U7H2PA,132999,128477.03
DELL88_PC_Laptop,88T65QB,83190,76701.18
HP7M_PC_Laptop,7M658PA,55766,53869.96
DELLX2_SUP_TON,X2631Y,22876,22349.85
HP6X_PC_Desktop,6X3W4PA,33369,30332.42
HPCZ_SUP_INK,CZ121AA,918,858.33
DELL9D_PC_Laptop,9D5S7QB,141328,130304.42
DELL81_PC_Laptop,812I6QB,56853,52418.47
DELL8K_PC_Laptop,8K146BB,43453,40063.67
DELLA8_SUP_TON,A8Z94B,512,500.22
HP7K_PC_Desktop,7K1H4PA,29044,26401.0
DELL78_SUP_INK,787N9B,13789,13306.38
DELLA8_SUP_TON,A8Z80B,16258,15884.07
DELL92_PC_Laptop,92N49BB,84932,78307.3
HP9D_PC_Laptop,9D3N7PA,41068,39671.69
DELLDA_SUP_INK,DA218BB,900,868.5
HP9Y_PC_Laptop,9Y0Z2PA,96319,93044.15
HP78_PC_Desktop,782N0PA,56759,51593.93
DELL0U_PC_Desktop,0U791QB,42885,41898.64
DELLB2_PC_Laptop,B2RW3QB,67412,62153.86
HP4A_PH_IJ,4A8R9A,11294,11158.47
HP3W_SUP_INK,3WX00A,2893,2704.96
HP8L_PC_Laptop,8L166PA,355717,343622.62
DELL03_PC_Laptop,03V87QB,86185,79462.57
DELL4K_SUP_INK,4KB95BB,4330,4178.45
DELLDE_SUP_INK,DE085BB,2117,2042.9
DELLD0_SUP_INK,D0494B,5802,5598.93
DELL8X_PH_IJ,8XO57E,4053,3826.03
HP8Q_PC_Laptop,8Q3X5PA,46324,44748.98
HP3Y_SUP_INK,3YM18AA,1911,1786.78
DELLA0_SUP_TON,A0N15B,1579,1542.68
DELLM1_SUP_UNK,M1S02BB,8690,
DELLDG_SUP_TON,DG388B,10317,10079.71
HP8A_PH_LJ,8AF45A,71380,66740.3
DELLA8_SUP_TON,A8Z91B,1807,1765.44
HPCF_SUP_TON,CF218A,5198,4724.98
HP6N_PC_Monitor,6N4F1AA,15966,15774.41
DELL0V_PC_Laptop,0V8I3QB,127218,117295.0
HPCZ_PH_LJ,CZ175A,20306,18986.11
DELL8X_PC_Laptop,8X585QB,38812,35784.66
HP7Z_PC_Laptop,7Z1P9PA,83699,80853.23
DELL4H_PH_LJ,4H747B,31992,30872.28
HPA0_PC_Laptop,A00PQPA,109759,106027.19
DELL0F_PC_Laptop,0F4L4QB,97236,89651.59
HP4S_SUP_INK,4S6X7PA,2051,1917.68
DELLX3_SUP_TON,X3154B,11780,11509.06
HP9D_PC_Laptop,9D3N9PA,49902,48205.33
DELL51_PH_IJ,516X3D,18942,17881.25
HPC2_SUP_INK,C2P05AA,4169,3898.02
HPCN_SUP_INK,CN054AA,2079,1943.86
HP1B_PC_Monitor,1B9X2AA,34768,34350.78
DELL89_PC_Desktop,891B7QB,59556,58186.21
DELL7Y_PC_Desktop,7Y5C0QB,60911,59510.05
HP6Z_SUP_INK,6ZD31AA,1563,1461.4
HPA0_PC_Laptop,A03CJPA,57619,55659.95
DELL9G_PC_Laptop,9G9A7QB,273229,251917.14
HPCE_SUP_TON,CE310AD,9796,8904.56
HPF9_SUP_INK,F9J77A,14306,13376.11
DELL78_PC_Desktop,78V76QB,64781,63291.04
DELL0F_PC_Laptop,0F4L8QB,132000,121704.0
HP3Y_SUP_INK,3YM17AA,1142,1067.77
DELL4F_SUP_INK,4FE78B,1735,1674.28
HP49_SUP_INK,498N5A,5706,5335.11
DELLG0_SUP_INK,G0L28B,15129,14599.48
HP8L_PC_Desktop,8L130PA,153749,139757.84
DELLDG_SUP_TON,DG524B,12503,12215.43
HPT6_SUP_INK,T6M01AA,1806,1688.61
DELLU7_SUP_INK,U7N10BB,2462,2375.83
DELL8I_PC_Laptop,8I6E4QB,86500,79753.0
HP7H_PC_Laptop,7H5D3PA,83699,80853.23
HP13_PC_Monitor,13L82AA,16379,16182.45
HP1F_PH_IJ,1F3W3A,10441,10315.71
HP4A_PH_IJ,4A8D4A,15189,15006.73
DELL7O_PC_Monitor,7O5E7BB,60387,57005.33
HP9Q_PC_Laptop,9Q962PA,66380,64123.08
HPC2_SUP_INK,C2P26AA,2278,2129.93
DELL8Z_PC_Laptop,8Z7U0QB,139197,128339.63
DELLDG_SUP_TON,DG512Y,10655,10409.94
HP7Q_PC_Laptop,7Q6Z7PA,38818,37498.19
DELL82_PH_LJ,825A0B,13064,12606.76
DELL0E_PC_Laptop,0E4O9QB,43986,40555.09
DELL8N_PC_Laptop,8N767QB,40909,37718.1
HP9E_PC_Laptop,9E3K7PA,116579,112615.31
DELL9M_PC_Laptop,9M9Q5QB,153990,141978.78
DELL9M_PC_Laptop,9M275QB,352463,324970.89
DELL95_PC_Laptop,952X7QB,35314,32559.51
HP67_PC_Laptop,678M6PA,28129,27172.61
HPCF_SUP_TON,CF360X,22131,20117.08
HPCF_SUP_TON,CF410A,8882,8073.74
HPCH_SUP_INK,CH563ZZ,1980,1851.3
DELL7H_PH_LJ,7HY15B,22185,21408.52
HP3E_SUP_INK,3ED78A,3250,3038.75
DELL9M_PC_Laptop,9M9Q3QB,136862,126186.76
HPCE_SUP_TON,CE278A,8993,8174.64
HP3E_SUP_INK,3ED44A,5983,5594.1
HP7Z_PC_Laptop,7Z481PA,217986,210574.48
HP6C_PC_Desktop,6C3G6PA,33686,30620.57
HPCF_SUP_TON,CF256A,3005,2731.54
DELL8A_PC_Laptop,8A2Q9QB,84075,77517.15
DELL49_PC_Desktop,496A8QB,55369,54095.51
HPP2_SUP_INK,P2V70A,11291,10557.08
HP7M_PC_Laptop,7M654PA,52509,50723.69
HP28_PH_IJ,28C12A,19157,18927.12
DELL75_PC_Monitor,75Y77BB,11204,10576.58
DELLDF_SUP_TON,DF424B,6184,6041.77
DELL2I_PC_Monitor,2I950B7,5765,5442.16
HPCC_SUP_INK,CC640ZZ,2143,2003.7
HP94_PC_Laptop,943S1PA,88109,85113.29
DELL9D_PC_Laptop,9D6I6QB,75847,69930.93
DELL0K_PC_Laptop,0K7L9QB,71637,66049.31
HP6K_PC_Laptop,6K9J2PA,74259,71734.19
DELL8K_PC_Desktop,8K0X5QB,41845,40882.56
DELLDF_SUP_TON,DF434B,7517,7344.11
DELLDF_SUP_TON,DF433B,7757,7578.59
HP6Z_SUP_UNK,6ZD21AA,529,
HPZ9_SUP_TON,Z9M04A,1498,1361.68
DELL8T_PC_Laptop,8T5Q4QB,83026,76549.97
HP3Y_SUP_INK,3YM15AA,1190,1112.65
DELL91_PC_Laptop,915M2QB,67880,62585.36
DELLG0_SUP_INK,G0L16B,9596,9260.14
HPL0_SUP_TON,L0H25A,32272,29335.25
HP78_PC_Desktop,780A7PA,62309,56638.88
HPCZ_SUP_INK,CZ123AA,656,613.36
DELL65_PH_IJ,65S69C,7114,6715.62
HP3J_SUP_INK,3JA82AA,3573,3340.76
HPZ9_SUP_TON,Z9M07A,10983,9983.55
HPCF_SUP_TON,CF219A,7837,7123.83
HP7Y_PC_Laptop,7Y6U2PA,148199,143160.23
HPCE_SUP_TON,CE321A,7325,6658.42
DELL4F_SUP_INK,4FE54B,6066,5853.69
HPCH_SUP_INK,CH648A,14303,13373.3
HP9E_PC_Laptop,9E3K3PA,98939,95575.07
DELLDG_SUP_TON,DG512B,9036,8828.17
DELL0E_PC_Laptop,0E4O0QB,49462,45603.96
DELLM1_SUP_UNK,M1S08BB,8334,
DELL7A_SUP_INK,7AE43BB,1409,1359.68
HP6X_PC_Desktop,6X3S5PA,59074,53698.27
DELLD0_SUP_INK,D0484B,6360,6137.4
DELL2W_SUP_INK,2WW32BB,717,691.9
HP3W_SUP_INK,3WX36A,6502,6079.37
DELL7A_SUP_UNK,7AE32BB,554,
DELL50_SUP_INK,509Q3B,6307,6086.26
HP6Z_SUP_INK,6ZD29AA,1512,1413.72
HP8L_PC_Laptop,8L155PA,390716,377431.66
DELLX2_SUP_TON,X2481Y,7451,7279.63
DELLA8_SUP_TON,A8Z96B,7575,7400.78
HPF9_SUP_INK,F9J65A,6400,5984.0
HP7N_PC_Monitor,7N909AT,7408,7319.1
DELL74_PC_Desktop,746Y8QB,57111,55797.45
DELL9M_PC_Laptop,9M255QB,165588,152672.14
DELLB1_PC_Desktop,B16I0QB,42423,41447.27
DELLDC_SUP_TON,DC652B,8276,8085.65
HP6X_PC_Desktop,6X9M3PA,42002,38179.82
DELLM1_SUP_INK,M1T70BB,3695,3565.68
HPCN_SUP_INK,CN636A,9627,9001.25
HP9T_PC_Desktop,9T680PA,40419,36740.87
HP3E_SUP_INK,3ED51A,10476,9795.06
DELLDA_SUP_INK,DA242B,2181,2104.66
DELL78_PC_Laptop,789N9QB,26686,24604.49
HPL0_SUP_INK,L0S24AA,1712,1600.72
DELLDF_SUP_TON,DF401B,18754,18322.66
HPCZ_PH_LJ,CZ184A,25283,23639.6
HP7H_PC_Desktop,7H0Y7PA,49289,44803.7
HPF9_SUP_INK,F9K02A,8874,8297.19
DELL5L_SUP_INK,5L1W8QB,1130,1090.45
DELL2G_PH_IJ,2G4Z5B,13096,12362.62
DELL78_PC_Laptop,789N7QB,27200,25078.4
HP3Y_SUP_INK,3YM19AA,2339,2186.96
HP8X_PC_Laptop,8X059PA,91484,88373.54
HP8U_PC_Laptop,8U1H6PA,61861,59757.73
HP6F_PH_SJ,6FW06A,25617,
HPCF_SUP_TON,CF503A,8025,7294.72
HP53_PH_LJ,53P41A,13763,12868.4
HPCF_SUP_TON,CF212A,9381,8527.33
DELLG0_SUP_INK,G0L13B,9744,9402.96
DELL3A_PH_LJ,3A724B,23685,22856.02
DELL75_PC_Monitor,75Y70BB,13329,12582.58
DELLK4_SUP_UNK,K4N81B,10799,
DELL8L_PC_Laptop,8L6K9QB,62115,57270.03
DELLDA_PH_LJ,DA295B,25095,24216.68
HPF9_SUP_INK,F9K03A,10009,9358.42
HPL0_SUP_UNK,L0S00AA,12083,
HP3E_PC_Desktop,3E7R9PA,39949,36313.64
DELLX3_SUP_TON,X3152B,11474,11210.1
DELL5X_PH_IJ,5XG77B,28189,26610.42
HP3E_PH_IJ,3EK15A,720047,711406.44
HPCF_SUP_TON,CF281A,17165,15602.98
HP8L_PC_Desktop,8L120PA,154174,140144.17
HP7P_PC_Laptop,7P704PA,62559,60431.99
HP7Q_PC_Desktop,7Q863PA,46559,42322.13
DELL0S_PC_Laptop,0S302QB,169498,156277.16
DELL4X_SUP_INK,4XY49B,7118,6868.87
DELLDF_SUP_TON,DF366B,16045,15675.96
HPC9_SUP_INK,C9380A,5710,5338.85
DELLDF_SUP_TON,DF091B,2228,2176.76
DELLDG_SUP_TON,DG521B,9331,9116.39
DELL4F_SUP_INK,4FE88B,3526,3402.59
HP8F_PC_Laptop,8F6C5PA,146999,142001.03
HP8H_PC_Laptop,8H438PA,129150,124758.9
HPCN_SUP_INK,CN053AA,4742,4433.77
HP8F_PC_Laptop,8F8Z5PA,195939,189277.07
HPW2_SUP_TON,W2313A,5557,5051.31
DELLDG_SUP_TON,DG344B,2619,2558.76
DELLY5_SUP_INK,Y5F86BB,1335,1288.28
DELLM1_SUP_INK,M1T34BB,1693,1633.74
DELL4K_SUP_INK,4KB80BB,2241,2162.56
DELL57_PC_Laptop,57E81QB,58820,54232.04
DELL29_PC_Monitor,290U1BB,17557,16573.81
HPJ3_SUP_UNK,J3M70A,11428,
DELL8Q_PC_Laptop,8Q7A9QB,44128,40686.02
DELLDA_SUP_INK,DA247B,4417,4262.4
HPM0_SUP_INK,M0H51AA,1349,1261.32
HPC2_SUP_INK,C2P24AA,2434,2275.79
HPW2_SUP_TON,W2113X,10077,9159.99
HP4W_PH_IJ,4WF66A,24224,23933.31
HPCE_SUP_TON,CE311A,6201,5636.71
HP64_PC_Monitor,64W51AA,37901,37446.19
DELL8L_PC_Desktop,8L772QB,65175,63675.98
HP65_PC_Monitor,65P57A6,6369,6292.57
HP40_PH_IJ,405W2C,18656,18432.13
HP8L_PC_Laptop,8L129PA,106019,102414.35
HPCF_SUP_TON,CF512A,6245,5676.7
DELLDG_SUP_TON,DG622B,5765,5632.4
HPP2_SUP_INK,P2V27A,8856,8280.36
DELL4Y_PH_IJ,4YC88B,521760,492541.44
HPZ7_SUP_TON,Z7Y91A,5924,5384.92
DELL0F_PC_Laptop,0F4L9QB,165533,152621.43
HPCZ_SUP_INK,CZ136A,4292,4013.02
HPCB_SUP_TON,CB543A,7538,6852.04
DELL85_PC_Laptop,854B2QB,28157,25960.75
DELL4X_SUP_INK,4XY47B,6987,6742.46
DELL08_PC_Desktop,088Q1QB,26749,26133.77
DELLK4_SUP_UNK,K4N70B,11493,
DELLDS_SUP_INK,DS423BB,1945,1876.92
DELLG0_SUP_INK,G0L26B,15053,14526.14
DELL8Q_PH_LJ,8QT95B,170989,165004.38
HP7Y_PC_Laptop,7Y6U8PA,145079,140146.31
DELLDG_SUP_TON,DG473Y,33995,33213.12
HPA0_PC_Laptop,A00PNPA,88999,85973.03
DELL9G_PC_Laptop,9G9A6QB,186778,172209.32
DELLDO_SUP_INK,DO736BB,10656,10283.04
DELLDF_SUP_TON,DF421B,5557,5429.19
HP9E_PC_Laptop,9E3K9PA,123279,119087.51
DELLM1_SUP_INK,M1T68BB,2144,2068.96
HPCN_SUP_INK,CN635A,8654,8091.49
HPA4_PC_Laptop,A45Y6PA,191099,184601.63
DELL3Z_PH_IJ,3Z0I3B,272597,257331.57
DELLDA_SUP_INK,DA748BB,957,923.5
DELLX2_SUP_TON,X2214BE,1773,1732.22
HPZ7_SUP_TON,Z7Y80A,1920,1745.28
HPW1_SUP_TON,W1335X,2887,2624.28
DELL92_PC_Laptop,92C58QB,105071,96875.46
DELL8K_PC_Desktop,8K291QB,104670,102262.59
HP6G_PH_LJ,6GX06A,22794,21312.39
DELLDC_SUP_TON,DC653B,8103,7916.63
DELL9I_PC_Laptop,9I6E5QB,52083,48020.53
DELLD0_SUP_INK,D0491B,6012,5801.58
DELL0R_PC_Laptop,0R0N7QB,105550,97317.1
DELLM4_PH_IJ,M4V55B,65702,62022.69
HP6U_PH_IJ,6UU47A,23405,23124.14
DELL8X_PC_Laptop,8X586QB,25835,23819.87
HP67_PC_Desktop,67W19PA,44624,40563.22
DELL7G_PC_Desktop,7G078QB,34459,33666.44
DELLG7_SUP_INK,G7W37BB,872,841.48
HPCN_SUP_INK,CN625AA,10937,10226.09
DELLX2_SUP_TON,X2571B,7042,6880.03
HPT6_SUP_INK,T6L93AA,1140,1065.9
HP2E_PC_Monitor,2E2Y4A6,10847,10716.84
HP9Z_PC_Laptop,9Z835PA,124669,120430.25
DELLDA_SUP_INK,DA245B,4454,4298.11
DELL9L_PC_Laptop,9L9K2QB,45197,41671.63
HPJ3_SUP_UNK,J3M69A,11310,
HP9T_PC_Laptop,9T8K6PA,150509,145391.69
DELLX3_SUP_TON,X3103B,5338,5215.23
DELLD5_SUP_INK,D5921B,5662,5463.83
DELLDO_SUP_INK,DO730B,9214,8891.51
DELLDF_SUP_TON,DF425B,9143,8932.71
DELLDG_SUP_TON,DG323B,9839,9612.7
DELLDO_SUP_INK,DO158BB,3897,3760.6
DELL7Y_PC_Desktop,7Y4X4QB,47814,46714.28
DELLM3_PH_SJ,M3874B,240565,
DELL3X_PC_Desktop,3X064QB,44488,43464.78
HP3W_SUP_INK,3WX35A,7191,6723.58
HPC9_SUP_INK,C9371A,6225,5820.38
HPCH_SUP_INK,CH647A,13436,12562.66
DELL7Y_PC_Desktop,7Y0R1QB,41979,41013.48
HP3E_SUP_INK,3ED79A,3357,3138.8
DELL8Q_PC_Laptop,8Q815QB,64995,59925.39
DELLDG_SUP_TON,DG624B,6006,5867.86
HPQ5_SUP_TON,Q5949A,10251,9318.16
HPCE_SUP_TON,CE312A,6535,5940.32
DELLU9_PH_IJ,U9X29B,635269,599693.94
HP7L_PC_Laptop,7L377PA,59415,57394.89
DELLU9_PH_IJ,U9X26B,300431,283606.86
HP71_PH_LJ,714Z9A,13094,12242.89
HPQ7_SUP_TON,Q7553A,10713,9738.12
HP5C_PC_Laptop,5C5M4PA,23219,22429.55
HPX4_SUP_INK,X4E75AA,1186,1108.91
HP8F_PC_Laptop,8F8Z6PA,252559,243971.99
DELL0V_PC_Laptop,0V3D2QB,130362,120193.76
HP8F_PC_Laptop,8F8Z0PA,185309,179008.49
HPCB_SUP_TON,CB540A,8202,7455.62
HP7K_PC_Desktop,7K659PA,50899,46267.19
HP1P_PH_LJ,1PV87A,69815,65277.02
DELL49_PH_LJ,492V5B,19070,18402.55
DELLD3_SUP_INK,D3Q36BB,2406,2321.79
HP3Y_SUP_INK,3YP94AA,1755,1640.92
DELL55_PC_Desktop,55W95QB,44112,43097.42
HP70_PC_Laptop,701H5PA,55509,53621.69
DELLDA_SUP_INK,DA235BB,725,699.62
HP82_PC_Laptop,821P0PA,67355,65064.93
DELLDG_SUP_TON,DG474Y,32335,31591.3
HPCF_SUP_TON,CF352A,6649,6043.94
HPZ7_SUP_TON,Z7Y72A,7697,6996.57
HP64_PC_Monitor,64X69AA,13200,13041.6
DELLB5_PC_Laptop,B56Z8QB,153593,141612.75
DELLB1_PC_Laptop,B11QOQB,94090,86750.98
DELL9G_PC_Laptop,9G9Z0QB,237171,218671.66
DELLC4_SUP_INK,C4Q20B,6652,6419.18
HP16_PC_Monitor,169L0AA,24971,24671.35
DELLDG_SUP_TON,DG474B,21823,21321.07
DELL89_PC_Desktop,891B6QB,82857,80951.29
HP6K_PH_IJ,6KD26A,948970,937582.36
HPCZ_SUP_INK,CZ638AA,862,805.97
HP7Q_PC_Laptop,7Q6Z3PA,60624,58562.78
HPCZ_SUP_INK,CZ134A,4384,4099.04
DELL93_PC_Laptop,932N4QB,79765,73543.33
HP9X_PC_Laptop,9X3L6PA,61776,59675.62
HPCE_SUP_TON,CE390A,18124,16474.72
DELLDG_SUP_TON,DG511B,7695,7518.02
HP83_PC_Laptop,834T9PA,122351,118191.07
HP8L_PC_Laptop,8L152PA,318695,307859.37
HP6K_PC_Laptop,6K9C3PA,59519,57495.35
DELLM1_SUP_INK,M1T74BB,3665,3536.72
HP9W_PC_Laptop,9W6U6PA,102299,98820.83
DELLDI_SUP_INK,DI673AA,1206,1163.79
DELLDG_SUP_TON,DG463B,6139,5997.8
HPJ3_SUP_UNK,J3M71A,7548,
DELL8X_PH_IJ,8XR17C,5367,5066.45
DELLR8_SUP_TON,R8664B,10869,10619.01
HP3D_PH_IJ,3D4L3A,10093,9971.88
DELLDF_SUP_TON,DF513B,24589,24023.45
HP8C_PC_Laptop,8C5H5PA,77599,74960.63
HP7K_PC_Desktop,7K667PA,79679,72428.21
HPCN_SUP_INK,CN629A,8557,8000.8
HPW2_SUP_TON,W2040A,9153,8320.08
HPW1_SUP_TON,W1520A,11325,10294.42
DELL9Y_PC_Laptop,9Y2U9QB,177474,163631.03
DELL92_PC_Desktop,92U91QB,48076,46970.25
HPW2_SUP_TON,W2111A,7826,7113.83
DELL61_PC_Laptop,61N73QB,32988,30414.94
HPCF_SUP_TON,CF341A,15483,14074.05
DELL74_PC_Desktop,746B5QB,46992,45911.18
DELL9M_PC_Laptop,9M263QB,365945,337401.29
DELL8Q_PC_Laptop,8Q814QB,59479,54839.64
HPL0_SUP_UNK,L0S03AA,11434,
DELLU7_SUP_INK,U7N12BB,2011,1940.62
DELLM1_SUP_UNK,M1T14BB,12427,
DELLDI_SUP_INK,DI758B,13356,12888.54
HP2Z_PH_LJ,2Z633A,41633,38926.86
DELL8L_PH_LJ,8LX67B,58202,56164.93
DELLDG_SUP_TON,DG367Y,3015,2945.66
DELLY5_SUP_INK,Y5F80BB,1608,1551.72
HP8U_PC_Laptop,8U6Y8PA,204350,197402.1
HP84_PC_Desktop,843D2PA,39125,35564.62
HP6X_PC_Desktop,6X4B5PA,40816,37101.74
HPCF_SUP_TON,CF277A,10594,9629.95
HP3Y_SUP_INK,3YM76AA,895,836.82
DELLX3_SUP_TON,X3223B,7792,7612.78
HPCN_SUP_INK,CN692AA,952,890.12
DELL9G_PC_Laptop,9G7D5QB,157161,144902.44
HP5H_PH_IJ,5HB10A,136885,135242.38
DELL7E_PC_Monitor,7E9H0B7,6897,6510.77
HP7J_PC_Desktop,7J174PA,57490,52258.41
DELL4Z_SUP_INK,4ZQ05BB,1944,1875.96
HPCF_SUP_TON,CF230A,7168,6515.71
DELL8M_PC_Laptop,8M144QB,49332,45484.1
DELL8T_PC_Laptop,8T5O8QB,71126,65578.17
DELLD0_SUP_INK,D0482B,6142,5927.03
DELLX3_SUP_TON,X3424B,5687,5556.2
DELL9M_PC_Laptop,9M257QB,229598,211689.36
HPA0_PC_Laptop,A0EH4PA,133399,128863.43
DELLM1_SUP_TON,M1I36B,31618,30890.79
DELL9G_PC_Laptop,9G7D6QB,142204,131112.09
DELL65_PH_IJ,65S61C,6275,5923.6
DELLX3_SUP_TON,X3421B,5011,4895.75
HPCE_SUP_TON,CE740A,17242,15672.98
HPCF_SUP_TON,CF403A,8512,7737.41
DELL8Q_PH_LJ,8QT93B,139228,134355.02
HPC9_SUP_INK,C9384A,5163,4827.4
DELLM1_SUP_UNK,M1T11BB,12390,
HP64_PC_Monitor,64V81AA,7629,7537.45
HP3W_SUP_INK,3WX37A,7191,6723.58
DELL8L_PC_Desktop,8L3Q8QB,44553,43528.28
HPT6_SUP_INK,T6L97AA,1090,1019.15
HP49_SUP_INK,498P2A,5772,5396.82
HP3W_SUP_INK,3WX38A,6961,6508.54
DELLDI_SUP_INK,DI675AA,2689,2594.89
HP7K_PC_Desktop,7K1G3PA,25849,23496.74
HPL3_PH_IJ,L3U44A,67406,66597.13
DELL9V_PC_Laptop,9V2I7QB,59533,54889.43
HPCF_SUP_TON,CF232A,8614,7830.13
HP6C_PC_Desktop,6C3G2PA,41829,38022.56
HPCZ_SUP_INK,CZ107AA,856,800.36
DELL7M_PC_Laptop,7M1M2QB,115629,106609.94
DELL2G_PH_IJ,2G4X4B,10236,9662.78
HP6H_PC_Desktop,6H1X2PA,35599,32359.49
HPA0_PC_Laptop,A00PPPA,91999,88871.03
HPT6_SUP_INK,T6M13AA,2376,2221.56
DELL4Z_SUP_INK,4ZN83BB,821,792.26
DELL9D_PC_Laptop,9D5S0QB,113190,104361.18
HP8F_PC_Laptop,8F6D4PA,102829,99332.81
HP67_PC_Laptop,67V50PA,41709,40290.89
HP7K_PC_Desktop,7K2P7PA,40889,37168.1
DELLX3_SUP_TON,X3224Y,10111,9878.45
HPCE_SUP_TON,CE323A,6931,6300.28
DELLDG_SUP_TON,DG343B,9121,8911.22
HP8C_PC_Laptop,8C4R6PA,128699,124323.23
DELL98_PC_Laptop,98C68QB,67923,62625.01
DELLDG_SUP_TON,DG325B,21492,20997.68
DELLX3_SUP_TON,X3104B,5052,4935.8
DELL7V_PH_IJ,7VV59B,18713,17665.07
HP8U_PC_Laptop,8U6Z7PA,212849,205612.13
DELL7K_PC_Desktop,7K1Z0QB,35698,34876.95
DELLDI_SUP_INK,DI672AA,790,762.35
HPCF_SUP_TON,CF214A,21200,19270.8
HPC9_SUP_INK,C9373A,6422,6004.57
DELL4E_PH_IJ,4E5M4B,9915,9359.76
HPF9_SUP_INK,F9K05A,9700,9069.5
DELL7H_PH_LJ,7HX75B,14234,13735.81
HP3W_SUP_INK,3WX19A,14610,13660.35
HPW2_SUP_TON,W2093A,4906,4459.55
DELL8N_PC_Laptop,8N760QB,41714,38460.31
HP49_SUP_INK,498N6A,5971,5582.88
HPC9_SUP_INK,C9352AA,2811,2628.28
DELLX3_SUP_TON,X3411B,8837,8633.75
DELL51_PC_Monitor,51A37BB,64202,60606.69
HP2H_PC_Monitor,2H0N1AA,12479,12329.25
HPCN_SUP_INK,CN048AA,3546,3315.51
HPT6_SUP_INK,T6M17AA,4043,3780.2
DELL80_PC_Desktop,80V95QB,61380,59968.26
HP3W_SUP_INK,3WX13A,6796,6354.26
DELL49_PC_Desktop,490B2QB,31563,30837.05
DELL91_PC_Laptop,916Y3QB,63581,58621.68
HPX4_SUP_INK,X4E78AA,1431,1337.98
HP71_PH_LJ,715A5A,20679,19334.87
HPL2_PH_SJ,L2763A,223978,
DELLD0_SUP_INK,D0569B,6952,6708.68
HP3Y_SUP_INK,3YM73AA,708,661.98
DELL4F_PH_IJ,4FL26B,691425,652705.2
HPF9_SUP_INK,F9K16A,13339,12471.96
DELLDG_SUP_TON,DG476B,26930,26310.61
HPW2_SUP_TON,W2300A,8865,8058.28
HP8F_PC_Laptop,8F6K1PA,169289,163533.17
DELLDG_SUP_TON,DG339B,10579,10335.68
HP6Z_SUP_UNK,6ZD61AA,509,
DELL9V_PC_Laptop,9V7Z2QB,202855,187032.31
DELL2Q_PH_LJ,2QW98B,74202,71604.93
DELL8A_PC_Laptop,8A2Q0QB,87328,80516.42
HPW1_SUP_TON,W1460X,11572,10518.95
HP7L_PC_Desktop,7L856PA,97187,88342.98
DELL8K_PC_Desktop,8K2T6QB,40535,39602.7
DELL7M_PC_Laptop,7M1L0QB,98718,91018.0
HP6K_PC_Laptop,6K9C5PA,60749,58683.53
HP6F_PC_Desktop,6F967PA,31024,28200.82
DELL51_PH_IJ,515M8D,39035,36849.04
DELLDG_SUP_TON,DG380B,5706,5574.76
DELLX3_SUP_TON,X3412B,9991,9761.21
DELLX3_SUP_TON,X3102B,5311,5188.85
HPCF_SUP_TON,CF365A,28243,25672.89
DELL7D_PC_Desktop,7D4H3QB,43236,42241.57
HP2Z_PH_LJ,2Z634A,45095,42163.82
DELL2G_PH_IJ,2G4Z3B,14653,13832.43
HP8L_PC_Laptop,8L130PA,152022,146853.25
HPCF_SUP_TON,CF237A,18814,17101.93
HPB3_SUP_INK,B3P06A,28556,26699.86
DELL7O_PC_Monitor,7O5F3BB,21129,19945.78
DELLB1_PC_Laptop,B14DIQB,49244,45402.97
HPF6_SUP_INK,F6V20AA,1304,1219.24
DELL5B_PH_IJ,5B9E5B,15029,14187.38
HPCF_SUP_TON,CF510A,5701,5182.21
HPP2_SUP_INK,P2V83A,7497,7009.7
DELL0E_PC_Laptop,0E4O6QB,37405,34487.41
HP8L_PC_Laptop,8L8P2PA,125999,121715.03
DELL95_PC_Desktop,954C7QB,44921,43887.82
HP81_PC_Laptop,81H51PA,98699,95343.23
DELL8L_PC_Desktop,8L2I5QB,30581,29877.64
HP8L_PC_Laptop,8L146PA,232544,224637.5
DELLQ3_SUP_INK,Q3W79B,11278,10883.27
DELL8R_PC_Laptop,8R7A3QB,60818,56074.2
HP2Z_PH_LJ,2Z613A,24828,23214.18
HP3Y_SUP_INK,3YP93AA,2279,2130.86
HP3E_SUP_INK,3ED43A,5788,5411.78
HPCN_SUP_INK,CN633A,9335,8728.22
DELL0V_PC_Laptop,0V211QB,69032,63647.5
HP1F_PH_IJ,1F3Y2A,13484,13322.19
HP4S_PH_IJ,4SB24A,15981,15789.23
DELL7Y_PC_Desktop,7Y5C6QB,43165,42172.2
HP38_PH_LJ,381U2A,21359,19970.66
HPCF_SUP_TON,CF213A,9481,8618.23
DELL6I_PH_IJ,6IC17B,76414,72134.82
HPL0_SUP_UNK,L0S09AA,11752,
DELL8M_PC_Desktop,8M967QB,106119,103678.26
DELL4Z_SUP_INK,4ZN29BB,1923,1855.7
HP6X_PC_Desktop,6X9S0PA,49966,45419.09
DELLDG_SUP_TON,DG321B,7374,7204.4
HPL0_SUP_INK,L0S54AA,2126,1987.81
DELLDG_SUP_TON,DG398B,22904,22377.21
DELL5T_PH_IJ,5TC35B,16611,15680.78
DELL69_PH_IJ,699K9C,5995,5659.28
HPT8_PH_IJ,T8W16A,452774,447340.71
HP3E_SUP_INK,3ED68A,1802,1684.87
DELL4Z_SUP_INK,4ZN84BB,756,729.54
DELLDG_SUP_TON,DG345B,6279,6134.58
HPL0_SUP_UNK,L0R97AA,7345,
DELLDA_SUP_INK,DA241B,2234,2155.81
HP7J_PC_Desktop,7J2M3PA,355883,323497.65
HP3W_SUP_INK,3WX07A,6291,5882.08
HP38_PC_Desktop,389A1PA,29144,26491.9
HP5H_PH_LJ,5HH65A,83010,77614.35
HP8F_PC_Desktop,8F6D4PA,98309,89362.88
HP8L_PC_Desktop,8L107PA,48374,43971.97
HP8L_PC_Laptop,8L8P5PA,135999,131375.03
DELL8Z_PC_Laptop,8Z7V7QB,156442,144239.52
DELLDG_SUP_TON,DG514B,8618,8419.79
DELL8I_PC_Desktop,8I1Z8QB,50386,49227.12
HP49_SUP_INK,498N7A,6237,5831.6
DELLB1_PC_Laptop,B1FI5QB,135574,124999.23
HPCF_SUP_TON,CF231A,3697,3360.57
DELL9G_PC_Laptop,9G7E4QB,128957,118898.35
HP3W_SUP_INK,3WX21A,14610,13660.35
HP9D_PC_Laptop,9D3P1PA,53359,51544.79
HPW2_SUP_TON,W2092A,5014,4557.73
DELL4X_SUP_INK,4XY18B,6443,6217.5
HPCF_SUP_TON,CF380A,10053,9138.18
DELL3A_PH_LJ,3A743B,34126,32931.59
HPCF_SUP_TON,CF413A,11857,10778.01
HPZ7_SUP_TON,Z7Y88A,692,629.03
DELLX2_SUP_TON,X2446Y,3026,2956.4
HP92_PC_Desktop,92Z21PA,145199,131985.89
HP74_PC_Laptop,743A1PA,25519,24651.35
DELL0U_PC_Laptop,0U9L9QB,168588,155438.14
DELL4F_SUP_INK,4FE30B,3166,3055.19
HP3Y_SUP_INK,3YP17AA,3069,2869.52
HP88_PC_Desktop,88Z16PA,84836,77115.92
DELL9M_PC_Laptop,9M258QB,271057,249914.55
HPW3_PH_IJ,W3Z72A,607947,600651.64
HP7J_PC_Desktop,7J180PA,106615,96913.04
HP6K_PC_Laptop,6K7U2PA,41279,39875.51
DELL4Y_PH_IJ,4YC89B,659028,622122.43
DELL8L_SUP_INK,8L4X0BB,2218,2140.37
DELL6I_PH_LJ,6II76B,86425,83400.12
DELLY5_SUP_INK,Y5F89BB,1672,1613.48
DELLDA_SUP_INK,DA219BB,897,865.6
HP8U_PC_Laptop,8U6Z2PA,222639,215069.27
DELL61_PC_Laptop,61N74QB,39923,36809.01
DELLA0_SUP_TON,A0N18B,11264,11004.93
HP81_PC_Laptop,81H48PA,73919,71405.75
HPP2_SUP_INK,P2V62A,5983,5594.1
DELLM1_SUP_INK,M1T35BB,1619,1562.34
DELLDD_SUP_TON,DD499B,5777,5644.13
DELLG0_SUP_INK,G0K89B,14537,14028.2
DELL0X_PC_Laptop,0X7V7QB,107972,99550.18
HP3J_SUP_INK,3JA78AA,2048,1914.88
HPCE_SUP_TON,CE285A,7931,7209.28
DELLM1_SUP_UNK,M1S99BB,8361,
DELL9Y_PC_Laptop,9Y160QB,97643,90026.85
DELL5L_SUP_INK,5L1W0QB,2098,2024.57
HP8U_PC_Laptop,8U6Y1PA,199949,193150.73
HP9U_PC_Laptop,9U100PA,67639,65339.27
DELL5A_PH_LJ,5AC07B,37697,36377.61
HPL3_PH_IJ,L3U43A,137657,136005.12
HP7P_PC_Laptop,7P703PA,59374,57355.28
HPCF_SUP_TON,CF363X,29940,27215.46
DELL7D_PC_Desktop,7D4H2QB,30656,29950.91
HP67_PC_Laptop,678M8PA,26099,25211.63
HP5S_PH_IJ,5SE26B,10449,10323.61
DELLM1_SUP_UNK,M1T10BB,12485,
HP6L_PC_Laptop,6L0L0PA,100099,96695.63
DELL92_PC_Laptop,92I59QB,69997,64537.23
DELL7H_PC_Desktop,7H786QB,24211,23654.15
HP53_PH_IJ,537P5C,31584,31204.99
DELL8R_PC_Laptop,8R7Z0QB,43263,39888.49
HPC2_SUP_INK,C2P22AA,1552,1451.12
DELL92_PC_Laptop,92I62QB,95157,87734.75
DELLDF_SUP_TON,DF854B,30684,29978.27
HP1H_PC_Monitor,1H849A6,5579,5512.05
HP6N_PC_Monitor,6N4D6AA,56463,55785.44
DELL0E_PC_Laptop,0E1L8QB,168180,155061.96
HPC9_SUP_INK,C9406A,6045,5652.08
DELLD0_SUP_INK,D0515B,5966,5757.19
HP78_PC_Desktop,782M0PA,68308,62091.97
HPT6_SUP_INK,T6L89AA,1152,1077.12
DELL6I_PH_LJ,6II59B,85268,82283.62
HP7K_SUP_INK,7K3W9AA,2318,2167.33
HP78_PC_Desktop,782N1PA,76227,69290.34
HP4A_PH_IJ,4A8D9A,13727,13562.28
DELL9G_PC_Desktop,9G5D6QB,34690,33892.13
DELLD3_SUP_INK,D3Q16BB,4432,4276.88
HP3J_SUP_INK,3JA79AA,2333,2181.36
HP9Y_PC_Laptop,9Y0Y6PA,63839,61668.47
DELLM1_SUP_INK,M1T71BB,2754,2657.61
HP6N_PC_Monitor,6N6E9AA,17639,17427.33
HPF9_SUP_INK,F9K15A,15355,14356.92
DELL8A_PC_Laptop,8A592QB,215087,198310.21
HPCH_SUP_INK,CH561ZZ,826,772.31
DELL9Z_PC_Laptop,9Z7A9QB,348857,321646.15
HP90_PC_Laptop,90N54PA,106949,103312.73
DELL75_PC_Monitor,75X52BB,15631,14755.66
DELL02_PC_Laptop,02S12QB,55882,51523.2
DELLX2_SUP_TON,X2215B,7439,7267.9
DELL7V_PH_IJ,7VV58B,23560,22240.64
HP3J_SUP_INK,3JA77AA,2310,2159.85
DELLD3_SUP_INK,D3Q35BB,2537,2448.2
HP3W_SUP_INK,3WX15A,7085,6624.48
DELLDA_PH_LJ,DA285B,17946,17317.89
HP8Y_PC_Laptop,8Y6Z8PA,331959,320672.39
HP84_PC_Desktop,843B6PA,42984,39072.46
HPL0_SUP_UNK,L0R94AA,8060,
DELLA0_SUP_TON,A0N12B,900,879.3
DELL8M_PC_Laptop,8M146QB,50201,46285.32
DELL9Z_PC_Laptop,9Z090QB,98322,90652.88
DELLDI_SUP_INK,DI676B,4594,4433.21
DELL92_PC_Desktop,92U80QB,33418,32649.39
DELLU7_SUP_INK,U7M04BB,1171,1130.02
DELL8R_PC_Laptop,8R7A4QB,60364,55655.61
HPC4_SUP_INK,C4810A,5754,5379.99
HPW2_SUP_TON,W2113A,7500,6817.5
DELLG0_SUP_INK,G0L27B,14556,14046.54
DELLDF_SUP_TON,DF852B,29828,29141.96
HPCE_SUP_TON,CE515A,26555,24138.5
HP9Q_PC_Laptop,9Q9M6PA,93089,89923.97
DELL8R_PC_Laptop,8R7A1QB,43893,40469.35
DELL7A_SUP_INK,7AE42BB,1589,1533.38
HP7Y_PC_Laptop,7Y6U6PA,146159,141189.59
HPCN_SUP_INK,CN047AA,3708,3466.98
HP3Y_SUP_INK,3YM70AA,1513,1414.66
HP7P_PC_Laptop,7P6Z8PA,41829,40406.81
HPCZ_SUP_INK,CZ135A,4477,4186.0
HP78_PC_Desktop,780A6PA,57990,52712.91
HP87_PC_Desktop,87G01PA,84599,76900.49
DELL4Z_SUP_INK,4ZN33BB,3668,3539.62
HPCF_SUP_TON,CF279A,5454,4957.69
DELL0A_PC_Laptop,0A946QB,128070,118080.54
HP40_PC_Monitor,40Z26AA,65341,64556.91
HPZ7_SUP_TON,Z7Y90A,2129,1935.26
DELL5T_SUP_INK,5T7Y6QB,2172,2095.98
DELLDF_SUP_TON,DF389BG,15311,14958.85
HP9W_PC_Laptop,9W6U8PA,72664,70193.42
HPL0_SUP_INK,L0S60AA,2786,2604.91
HP3E_SUP_INK,3ED49A,11407,10665.54
HPQ2_SUP_TON,Q2612A,7694,6993.85
DELL9B_PH_LJ,9BG56B,79274,76499.41
DELL95_PC_Desktop,95I64QB,69197,67605.47
HPZ7_SUP_TON,Z7Y85A,7450,6772.05
HPT6_SUP_INK,T6M09AA,2529,2364.61
DELLDO_SUP_INK,DO744B,9411,9081.62
DELLDI_SUP_INK,DI757B,14256,13757.04
HPC2_SUP_INK,C2P25AA,2434,2275.79
DELL4Z_SUP_INK,4ZN87BB,826,797.09
HP7Q_PC_Laptop,7Q6Z8PA,38179,36880.91
DELL4F_SUP_INK,4FE55B,6176,5959.84
DELL9R_PC_Laptop,9R4Y6QB,53587,49407.21
DELL9B_PH_LJ,9BG63B,56371,54398.02
DELL7D_PC_Desktop,7D4H7QB,34446,33653.74
DELL95_PC_Desktop,95K19QB,42481,41503.94
DELLD3_SUP_INK,D3Q32BB,1541,1487.06
DELL7K_PC_Laptop,7K3U9QB,172938,159448.84
HP7P_PC_Desktop,7P0W4PA,32507,29548.86
HP4K_SUP_INK,4K0V7PA,1080,1009.8
HP3E_PH_IJ,3EK13A,516430,510232.84
HPA0_PC_Laptop,A03CKPA,63699,61533.23
HP7Y_PC_Laptop,7Y6U1PA,138839,134118.47
DELL5Z_PC_Laptop,5Z1M3FD,98045,90397.49
HP9R_PC_Desktop,9R4N9PA,108749,98852.84
HP3W_SUP_INK,3WX06A,6487,6065.34
HP8F_PC_Desktop,8F4C9PA,42772,38879.75
HPW2_SUP_TON,W2302A,10692,9719.03
DELL7G_PH_SJ,7GX18B,34575,
HPCF_SUP_TON,CF411A,10304,9366.34
DELLG0_SUP_INK,G0K78B,6917,6674.9
HPCE_SUP_TON,CE313A,6401,5818.51
HPCH_SUP_INK,CH645A,14014,13103.09
HPCE_SUP_TON,CE402A,22761,20689.75
HP8F_PC_Laptop,8F6K2PA,120699,116595.23
HP65_PC_Monitor,65P59A6,8264,8164.83
HPCF_SUP_TON,CF351A,5971,5427.64
HPC9_SUP_INK,C9372A,6029,5637.12
DELL9G_PC_Laptop,9G7D9QB,154058,142041.48
DELLX2_SUP_TON,X2223B,5190,5070.63
DELL46_PC_Monitor,467E7BB,13947,13165.97
DELLDD_SUP_INK,DD754AA,2542,2453.03
HPCR_SUP_INK,CR312AA,1723,1611.0
DELL9V_PC_Laptop,9V7A8QB,202194,186422.87
HP9C_PC_Laptop,9C9E1PA,55459,53573.39
DELLDG_SUP_TON,DG391B,11230,10971.71
DELL89_PC_Desktop,893O1QB,64800,63309.6
HP7K_PC_Laptop,7K5J8PA,59955,57916.53
DELL31_PH_SJ,31H16B,24266,
HPCZ_SUP_INK,CZ130A,2264,2116.84
DELL4F_SUP_INK,4FE80B,3280,3165.2
DELLB5_PC_Laptop,B56Z7QB,192728,177695.22
DELL99_PC_Desktop,99A27QB,84341,82401.16
HPCF_SUP_TON,CF362X,33770,30696.93
HP7Z_PC_Laptop,7Z1P8PA,84629,81751.61
DELLD3_SUP_INK,D3Q31BB,1589,1533.38
DELL31_PH_SJ,31H18B,63318,
HP67_PC_Desktop,67U65PA,60259,54775.43
HP6C_PC_Desktop,6C3G1PA,28474,25882.87
DELL4K_SUP_INK,4KB88BB,2323,2241.7
DELL8Y_PC_Desktop,8Y0L1QB,40058,39136.67
DELLX2_SUP_TON,X2771B,5328,5205.46
DELL3S_PH_IJ,3SN93B,1135614,1072019.62
HP6J_PC_Desktop,6J0Y9PA,37129,33750.26
HP7K_PH_LJ,7KW56A,58632,54820.92
DELLDF_SUP_TON,DF432B,7598,7423.25
HP4Y_PC_Laptop,4Y0L2EC,89550,86505.3
DELL8Z_PC_Laptop,8Z7V0QB,187888,173232.74
DELL7Q_PC_Monitor,7QB61B5,31060,29320.64
DELLB1_PC_Laptop,B11QRQB,107548,99159.26
DELL4Z_SUP_INK,4ZN81BB,1474,1422.41
HP8F_PC_Desktop,8F4C5PA,32211,29279.8
DELL5A_PH_LJ,5AC06B,30237,29178.7
HPC2_SUP_INK,C2P06AA,2022,1890.57
DELL8Z_PC_Laptop,8Z7V2QB,153411,141444.94
HP9R_PC_Laptop,9R291PA,148749,143691.53
DELL9V_PC_Laptop,9V7Y9QB,188301,173613.52
DELL9V_PC_Laptop,9V7Z9QB,191560,176618.32
HPZ9_SUP_TON,Z9M01A,837,760.83
DELL69_PH_IJ,699M4E,5226,4933.34
DELL9M_PC_Laptop,9M256QB,168527,155381.89
HP7N_PC_Laptop,7N760PA,71379,68952.11
DELLX2_SUP_TON,X2214B,1049,1024.87
HP7Q_PC_Laptop,7Q6Z2PA,60624,58562.78
DELL4X_SUP_INK,4XY24B,6515,6286.98
HP6L_PC_Laptop,6L0K9PA,96819,93527.15
HPP2_SUP_INK,P2V25A,7752,7248.12
HPZ7_SUP_TON,Z7Y73A,7130,6481.17
HP8F_PC_Laptop,8F8Z3PA,239399,231259.43
DELL9G_PC_Laptop,9G7L2QB,167095,154061.59
HP67_SUP_INK,676M6A,12876,12039.06
HP1F_PH_IJ,1F3Y4A,12527,12376.68
HPCF_SUP_TON,CF359A,26099,23723.99
HPZ9_SUP_TON,Z9M02A,6332,5755.79
DELLDO_SUP_INK,DO703BB,937,904.2
DELL7K_PC_Desktop,7K1Q6QB,54607,53351.04
HPM0_SUP_INK,M0H50AA,1213,1134.16
HPL0_SUP_INK,L0S57AA,2219,2074.76
HP3W_SUP_INK,3WX08A,6356,5942.86
DELL9I_PC_Laptop,9I549QB,129445,119348.29
DELL4X_SUP_INK,4XY26B,6855,6615.08
HP8F_PC_Laptop,8F6D3PA,121939,117793.07
DELLD3_SUP_INK,D3Q18BB,4836,4666.74
HP63_PC_Desktop,635X7PA,50999,46358.09
HPW1_SUP_TON,W1580X,1460,1327.14
HP77_PC_Laptop,77S54PA,77429,74796.41
DELL0E_PC_Laptop,0E4N8QB,42427,39117.69
DELL4K_SUP_INK,4KB93BB,3565,3440.22
DELLX2_SUP_TON,X2231B,6716,6561.53
HPB3_SUP_INK,B3P21A,6868,6421.58
DELL78_PC_Desktop,78X20QB,47937,46834.45
HPCF_SUP_TON,CF364A,28243,25672.89
