PL,SKU,Season,Promotion
DELL0X_PC_LAPTOP,0X749QB,Q4,0.0
DELL75_PC_MONITOR,75X62BB,Q4,0.0
DELLDF_SUP_TON,DF627B,Q4,0.0
HP4Z_PH_LJ,4ZB96A,Q4,0.0
DELL0R_PC_LAPTOP,0R0N0QB,Q4,0.0
DELL7L_PH_IJ,7LE37B,Q4,0.0
DELL89_PC_DESKTOP,89Z55QB,Q4,0.0
HP8C_PC_LAPTOP,8C4R9PA,Q4,0.0
DELLG0_SUP_INK,G0L15B,Q4,1980.0
DELLDF_SUP_TON,DF853B,Q4,0.0
HPCN_SUP_INK,CN045AA,Q4,0.0
HPC2_SUP_INK,C2P23AA,Q4,0.0
HPC2_SUP_INK,C2P21AA,Q4,0.0
DELL4F_SUP_INK,4FE79B,Q4,0.0
DELLDG_SUP_TON,DG460B,Q4,0.0
HP8F_PC_LAPTOP,8F6C9PA,Q4,0.0
HP4K_SUP_INK,4K0V9PA,Q4,0.0
HP8F_PC_LAPTOP,8F8Z8PA,Q4,0.0
HPL0_SUP_UNK,L0R91AA,Q4,0.0
HPT8_PH_IJ,T8W15A,Q4,0.0
HP7N_PC_DESKTOP,7N6V0PA,Q4,0.0
HP7W_PC_LAPTOP,7W475PA,Q4,0.0
HP88_PC_DESKTOP,889G9PA,Q4,0.0
HP9E_PC_LAPTOP,9E3Q6PA,Q4,0.0
HP3E_SUP_INK,3ED28A,Q4,0.0
HP8L_PC_LAPTOP,8L147PA,Q4,0.0
DELL6S_PC_MONITOR,6SE77BB,Q4,0.0
HP9D_PC_LAPTOP,9D3N8PA,Q4,0.0
DELL4Z_SUP_INK,4ZQ28BB,Q4,0.0
DELL4Z_SUP_INK,4ZN88BB,Q4,0.0
DELL7M_PC_LAPTOP,7M9Q1FD,Q4,0.0
DELLDG_SUP_TON,DG514Y,Q4,0.0
DELLDE_SUP_INK,DE083BB,Q4,0.0
DELL4K_SUP_INK,4KB89BB,Q4,0.0
DELL7Y_PC_DESKTOP,7Y4R5QB,Q4,0.0
HP8H_PC_LAPTOP,8H5D4PA,Q4,0.0
DELLA8_SUP_TON,A8Z92B,Q4,0.0
HPW1_SUP_TON,W1370X,Q4,0.0
DELL0F_PC_LAPTOP,0F4K7QB,Q4,0.0
HP9D_PC_LAPTOP,9D3N3PA,Q4,0.0
DELL9M_PC_LAPTOP,9M271QB,Q4,0.0
HP64_PC_MONITOR,64W41AA,Q4,0.0
DELL7I_PC_DESKTOP,7I2Y3QB,Q4,0.0
DELLDG_SUP_TON,DG321Y,Q4,0.0
DELL4X_SUP_INK,4XY11B,Q4,0.0
HPCZ_SUP_INK,CZ124AA,Q4,0.0
DELLC4_SUP_INK,C4Q17B,Q4,0.0
DELL4X_SUP_INK,4XY20B,Q4,0.0
HP6D_PC_MONITOR,6D8G9A6,Q4,0.0
DELL9M_PC_LAPTOP,9M266QB,Q4,0.0
HPCF_SUP_TON,CF210A,Q4,0.0
HP67_SUP_INK,676M8A,Q4,0.0
DELLDO_SUP_INK,DO745B,Q4,0.0
DELL7Y_PC_DESKTOP,7Y4T6QB,Q4,10131.75
HP58_PH_IJ,588J8B,Q4,0.0
HPCE_SUP_TON,CE980A,Q4,0.0
DELLDE_SUP_INK,DE086BB,Q4,0.0
DELL4Z_SUP_INK,4ZN31BB,Q4,0.0
HP9J_PC_LAPTOP,9J6K8PA,Q4,0.0
DELL4Z_SUP_INK,4ZN28BB,Q4,0.0
HP4K_SUP_INK,4K0V8PA,Q4,216.0
DELL78_PC_LAPTOP,78W61QB,Q4,0.0
DELL4Z_SUP_INK,4ZQ04BB,Q4,0.0
DELLX2_SUP_TON,X2631B,Q4,0.0
DELL9A_PC_LAPTOP,9A8X6QB,Q4,0.0
HP38_PC_DESKTOP,385Z7PA,Q4,7554.9
HPW1_SUP_TON,W1520X,Q4,0.0
DELLA8_SUP_TON,A8Z89B,Q4,0.0
DELLR6_SUP_TON,R6050B,Q4,0.0
DELL9G_PC_DESKTOP,9G5D0QB,Q4,0.0
HPC9_SUP_INK,C9404A,Q4,0.0
DELLDG_SUP_TON,DG324B,Q4,0.0
HP7W_PH_IJ,7WQ06B,Q4,0.0
HP6X_PC_DESKTOP,6X3W3PA,Q4,0.0
HPCN_SUP_INK,CN628AA,Q4,0.0
HPT6_SUP_INK,T6M05AA,Q4,495.6
DELL8L_PC_DESKTOP,8L778QB,Q4,0.0
DELL4Z_SUP_INK,4ZN82BB,Q4,0.0
HPP2_SUP_INK,P2V69A,Q4,0.0
DELL95_PC_DESKTOP,954E3QB,Q4,0.0
DELL3F_PC_MONITOR,3F3Z4B7,Q4,0.0
HP3J_SUP_INK,3JA85AA,Q4,0.0
HP4Z_PH_LJ,4ZB95A,Q4,0.0
HP7J_PC_DESKTOP,7J4Y1PA,Q4,0.0
HPCD_SUP_INK,CD951A,Q4,0.0
DELLX2_PH_LJ,X2B35B,Q4,0.0
HP6G_PH_LJ,6GX04A,Q4,0.0
DELL4X_SUP_INK,4XY25B,Q4,0.0
HP60_PH_IJ,60K34B,Q4,0.0
DELL4X_SUP_INK,4XY19B,Q4,0.0
DELL8L_PC_DESKTOP,8L6X3QB,Q4,0.0
DELLN1_SUP_INK,N1I66BB,Q4,0.0
DELL0R_PC_LAPTOP,0R073QB,Q4,0.0
HP80_PC_LAPTOP,804L1PA,Q4,0.0
DELL7A_SUP_UNK,7AE72BB,Q4,0.0
DELLDD_SUP_TON,DD499Y,Q4,0.0
HP2Z_PH_LJ,2Z615A,Q4,0.0
HP6L_PC_LAPTOP,6L8P0EC,Q4,0.0
DELL7O_PC_LAPTOP,7O141QB,Q4,0.0
DELLX3_SUP_TON,X3422B,Q4,0.0
DELLX2_SUP_TON,X2691Y,Q4,0.0
DELL4Z_SUP_INK,4ZN26BB,Q4,0.0
DELLDF_SUP_TON,DF431B,Q4,0.0
DELL4X_SUP_INK,4XY46B,Q4,0.0
HP82_PC_LAPTOP,821J4PA,Q4,0.0
DELLB1_PC_LAPTOP,B14DOQB,Q4,0.0
HPW2_SUP_TON,W2043A,Q4,0.0
DELLC4_SUP_INK,C4Q32B,Q4,1331.8
DELL03_PC_LAPTOP,03V96QB,Q4,18584.1
HP8L_PC_LAPTOP,8L8P4PA,Q4,0.0
DELL9G_PC_LAPTOP,9G7D0QB,Q4,0.0
DELL50_SUP_INK,509O6B,Q4,1238.2
HP92_PC_LAPTOP,92U76PA,Q4,0.0
HP84_PC_DESKTOP,84H53PA,Q4,0.0
DELLM1_SUP_INK,M1T65BB,Q4,0.0
DELL31_PH_SJ,31H19B,Q4,0.0
HP8Y_PC_LAPTOP,8Y989PA,Q4,0.0
HP78_PC_DESKTOP,78Y44PA,Q4,0.0
DELL8R_PC_LAPTOP,8R7A8QB,Q4,0.0
HP7W_PH_IJ,7WN44D,Q4,0.0
HP3W_SUP_INK,3WX14A,Q4,0.0
HPM0_SUP_INK,M0H55AA,Q4,0.0
HP7P_PC_DESKTOP,7P2C5PA,Q4,0.0
HP3Y_SUP_INK,3YM77AA,Q4,0.0
DELLDI_SUP_INK,DI759B,Q4,0.0
HPCB_SUP_TON,CB541A,Q4,0.0
HP8Z_PC_LAPTOP,8Z7W5PA,Q4,0.0
HPCF_SUP_TON,CF362A,Q4,0.0
HP71_PH_LJ,715A3A,Q4,0.0
HP3Y_SUP_INK,3YM72AA,Q4,0.0
HP8L_PC_LAPTOP,8L120PA,Q4,0.0
HPCZ_PH_LJ,CZ186A,Q4,0.0
HP51_SUP_INK,51645AA,Q4,0.0
HPP2_SUP_INK,P2V63A,Q4,0.0
HP8X_PC_LAPTOP,8X1T8PA,Q4,0.0
HPB3_SUP_INK,B3P20A,Q4,0.0
HP7Y_PC_LAPTOP,7Y6U9PA,Q4,0.0
HP3E_SUP_INK,3ED69A,Q4,0.0
DELL9G_PC_LAPTOP,9G7K9QB,Q4,0.0
DELLDO_SUP_INK,DO737BB,Q4,0.0
HPCF_SUP_TON,CF500A,Q4,0.0
HP9T_PC_DESKTOP,9T8L0PA,Q4,0.0
HPCC_SUP_INK,CC643ZZ,Q4,0.0
DELL9D_PC_LAPTOP,9D5S9QB,Q4,0.0
DELL9G_PC_LAPTOP,9G9A2QB,Q4,0.0
HP6X_PC_DESKTOP,6X3Q4PA,Q4,0.0
HP3E_SUP_INK,3ED29A,Q4,0.0
DELLDG_SUP_TON,DG491B,Q4,0.0
DELL64_PH_LJ,64Q52B,Q4,0.0
HPC2_SUP_INK,C2P04AA,Q4,0.0
DELLD0_SUP_INK,D0483B,Q4,0.0
HP8C_PC_LAPTOP,8C4R7PA,Q4,0.0
HP40_PH_IJ,404L7C,Q4,0.0
DELL89_PC_DESKTOP,893O2QB,Q4,0.0
HPA4_PC_LAPTOP,A45Y7PA,Q4,0.0
HPF9_SUP_INK,F9K04A,Q4,0.0
DELL6I_PH_LJ,6II78B,Q4,0.0
HPCH_SUP_INK,CH564ZZ,Q4,0.0
DELL95_PC_LAPTOP,952X8QB,Q4,5901.3
DELLQ3_SUP_INK,Q3W36B,Q4,0.0
DELL8K_PC_DESKTOP,8K3N4QB,Q4,0.0
HPCN_SUP_INK,CN627AA,Q4,0.0
HP1V_SUP_INK,1VV21AA,Q4,0.0
HPCF_SUP_TON,CF257A,Q4,0.0
DELLDG_SUP_TON,DG621B,Q4,0.0
DELLDO_SUP_INK,DO157BB,Q4,0.0
DELLDF_SUP_TON,DF396B,Q4,0.0
HP8L_PC_LAPTOP,8L160PA,Q4,0.0
DELLX2_SUP_TON,X2571Y,Q4,0.0
DELL7Y_PC_DESKTOP,7Y0T1QB,Q4,0.0
DELL0E_PC_LAPTOP,0E4Q2QB,Q4,0.0
DELLDG_SUP_TON,DG475B,Q4,0.0
HP3Y_SUP_INK,3YM20AA,Q4,0.0
HPCE_SUP_TON,CE516A,Q4,0.0
HPW1_SUP_TON,W1470A,Q4,0.0
HP6G_PC_DESKTOP,6G675PA,Q4,0.0
HPC2_SUP_INK,C2P20AA,Q4,0.0
DELLR3_SUP_TON,R3723BG,Q4,0.0
DELL0Z_PC_LAPTOP,0Z1Z7QB,Q4,0.0
HPCC_SUP_TON,CC388A,Q4,0.0
HPCF_SUP_TON,CF412A,Q4,0.0
HP6X_PC_DESKTOP,6X4B9PA,Q4,9093.6
HPCF_SUP_TON,CF287A,Q4,0.0
HP54_PH_IJ,54R58B,Q4,0.0
HPCF_SUP_TON,CF211A,Q4,0.0
DELL0F_PC_LAPTOP,0F4L5QB,Q4,0.0
DELLB1_PC_LAPTOP,B14DLQB,Q4,0.0
DELL9G_PC_LAPTOP,9G5A6QB,Q4,0.0
DELL7Y_PC_DESKTOP,7Y4X5QB,Q4,0.0
DELL3A_PH_LJ,3A726B,Q4,0.0
HP3Y_SUP_INK,3YM22AA,Q4,787.8
DELL4Z_SUP_INK,4ZN32BB,Q4,0.0
HPF9_SUP_INK,F9J67A,Q4,0.0
HP8F_PC_LAPTOP,8F6J8PA,Q4,0.0
HP3E_SUP_INK,3ED50A,Q4,2141.8
DELLQ3_SUP_INK,Q3W74B,Q4,0.0
HP8H_PC_LAPTOP,8H9G6PA,Q4,0.0
DELLX4_PH_IJ,X4A83B,Q4,0.0
HP3Y_SUP_INK,3YM71AA,Q4,0.0
HPW2_SUP_TON,W2310A,Q4,0.0
HP38_PH_LJ,381V6A,Q4,0.0
HP78_PC_DESKTOP,780A5PA,Q4,12622.35
HPCF_SUP_TON,CF403X,Q4,0.0
DELLB1_PC_LAPTOP,B11QNQB,Q4,0.0
HP50_PC_LAPTOP,50M63PA,Q4,0.0
HP9Q_PC_DESKTOP,9Q932PA,Q4,0.0
DELL7G_PH_SJ,7GX17B,Q4,0.0
HP5H_PH_IJ,5HB08A,Q4,0.0
DELL78_SUP_INK,787N7B,Q4,0.0
DELL0X_PC_LAPTOP,0X7V9QB,Q4,0.0
DELLDG_SUP_TON,DG342B,Q4,0.0
HPCD_SUP_INK,CD973AA,Q4,0.0
HPA0_PC_LAPTOP,A03CHPA,Q4,0.0
DELL76_PC_MONITOR,76Q68B7,Q4,0.0
HPCE_SUP_TON,CE741A,Q4,0.0
HP5R_PC_MONITOR,5RD66AA,Q4,0.0
DELLDG_SUP_TON,DG613B,Q4,0.0
DELLX2_SUP_TON,X2581B,Q4,0.0
HP81_PC_LAPTOP,81M38AA,Q4,0.0
HPW2_SUP_TON,W2041A,Q4,0.0
DELL92_PC_LAPTOP,92C20QB,Q4,0.0
HPCZ_SUP_INK,CZ637AA,Q4,0.0
HP8C_PC_LAPTOP,8C527PA,Q4,0.0
HP4K_PC_LAPTOP,4K5D5PA,Q4,0.0
DELL8H_PC_LAPTOP,8H7I2QB,Q4,0.0
DELL7A_SUP_INK,7AE30BB,Q4,0.0
DELL4F_SUP_INK,4FE61B,Q4,0.0
DELL4F_SUP_INK,4FE62B,Q4,0.0
DELLX3_SUP_TON,X3101B,Q4,0.0
DELL3Z_PH_IJ,3Z0I1B,Q4,0.0
HP9Y_PC_LAPTOP,9Y0Z1PA,Q4,0.0
DELL09_PC_DESKTOP,094O7QB,Q4,0.0
HP2Z_PH_LJ,2Z614A,Q4,0.0
DELLD3_SUP_INK,D3Q34BB,Q4,0.0
DELL8K_PC_DESKTOP,8K5Z2QB,Q4,0.0
DELLK4_SUP_UNK,K4N82B,Q4,0.0
HP4S_SUP_INK,4S6X8PA,Q4,0.0
HPW2_SUP_TON,W2303A,Q4,0.0
HPCE_SUP_TON,CE322A,Q4,0.0
DELL4X_SUP_INK,4XY41B,Q4,0.0
DELLG0_SUP_INK,G0L12B,Q4,0.0
DELL93_PC_LAPTOP,935M7QB,Q4,5453.85
DELLDF_SUP_TON,DF389B,Q4,0.0
DELLA8_SUP_TON,A8Z01B,Q4,0.0
DELLDO_SUP_INK,DO164BB,Q4,0.0
DELL8O_PC_LAPTOP,8O860QB,Q4,0.0
DELLD3_SUP_INK,D3Q37BB,Q4,0.0
HP58_PH_IJ,588L3D,Q4,0.0
HP8L_PC_LAPTOP,8L164PA,Q4,49701.6
DELLDO_SUP_INK,DO741B,Q4,0.0
HP6Z_SUP_INK,6ZD32AA,Q4,0.0
HPCF_SUP_TON,CF401A,Q4,0.0
HPA0_PC_LAPTOP,A03CNPA,Q4,0.0
DELLX3_SUP_TON,X3222B,Q4,0.0
HP6J_PC_DESKTOP,6J0P5PA,Q4,0.0
HP83_PC_LAPTOP,832Q8PA,Q4,0.0
HP2Y_PH_IJ,2Y9H0A,Q4,0.0
DELL66_PC_DESKTOP,66A37QB,Q4,0.0
HP78_PC_DESKTOP,780A2PA,Q4,0.0
DELL89_PC_MONITOR,891K6BB,Q4,0.0
DELLDF_SUP_TON,DF626B,Q4,0.0
DELL7Y_PC_DESKTOP,7Y0N4QB,Q4,0.0
DELL78_SUP_INK,787N8B,Q4,0.0
HP3G_PH_LJ,3G636A,Q4,0.0
HP54_PH_IJ,54R50B,Q4,0.0
DELL9M_PC_LAPTOP,9M250QB,Q4,0.0
HP3W_SUP_INK,3WX20A,Q4,0.0
HPP2_SUP_INK,P2V68A,Q4,0.0
DELLDG_SUP_TON,DG464B,Q4,0.0
HPZ7_SUP_TON,Z7Y69A,Q4,0.0
HPC9_SUP_INK,C9458A,Q4,0.0
DELLDO_SUP_INK,DO747B,Q4,0.0
DELL0Z_PC_LAPTOP,0Z1A2QB,Q4,0.0
DELL75_PC_MONITOR,75W92BB,Q4,0.0
DELL8L_PC_LAPTOP,8L1M0QB,Q4,0.0
DELLN1_SUP_INK,N1I67BB,Q4,0.0
HP2Y_PH_IJ,2Y9H2A,Q4,0.0
DELLDO_SUP_INK,DO156BB,Q4,0.0
HPW1_PH_LJ,W1A24A,Q4,0.0
DELLB2_PC_LAPTOP,B2OX4QB,Q4,0.0
DELLN1_SUP_INK,N1I61BB,Q4,0.0
HP55_PC_DESKTOP,55Z26PA,Q4,0.0
DELL0F_PC_LAPTOP,0F4K5QB,Q4,0.0
DELL98_PC_DESKTOP,98H12QB,Q4,0.0
DELL4X_SUP_INK,4XY37B,Q4,0.0
HPCH_SUP_INK,CH565A,Q4,0.0
DELL5T_SUP_INK,5T7Y7QB,Q4,0.0
HP8F_PC_LAPTOP,8F4Z5PA,Q4,0.0
HP5H_PH_LJ,5HH48A,Q4,0.0
HPJ3_SUP_UNK,J3M68A,Q4,0.0
DELLDG_SUP_TON,DG513B,Q4,0.0
DELL99_PC_DESKTOP,990H0QB,Q4,0.0
HPZ7_SUP_TON,Z7Y83A,Q4,0.0
DELL05_PC_LAPTOP,054T2QB,Q4,0.0
DELLQ3_SUP_INK,Q3W38B,Q4,0.0
HP81_PC_DESKTOP,81T80PA,Q4,0.0
DELLD3_SUP_INK,D3Q17BB,Q4,0.0
DELL9Z_PC_DESKTOP,9Z0E5QB,Q4,0.0
HPZ7_SUP_TON,Z7Y76A,Q4,0.0
HP3E_SUP_INK,3ED67A,Q4,0.0
HPCF_SUP_TON,CF289A,Q4,0.0
HPCF_SUP_TON,CF501A,Q4,0.0
HP87_PC_LAPTOP,87B57PA,Q4,0.0
DELL8L_PH_LJ,8LX75B,Q4,0.0
HP7G_PC_LAPTOP,7G6H1PA,Q4,0.0
DELL93_PC_LAPTOP,932K5QB,Q4,0.0
DELLDF_SUP_TON,DF512B,Q4,0.0
HP8G_PC_LAPTOP,8G148PA,Q4,0.0
HP64_PC_MONITOR,64X66AA,Q4,0.0
DELL8Z_PC_LAPTOP,8Z7V4QB,Q4,0.0
HPC2_SUP_INK,C2P07AA,Q4,0.0
DELLA8_SUP_TON,A8Z84B,Q4,0.0
HP6N_PC_MONITOR,6N4E8AA,Q4,0.0
HP8U_PC_LAPTOP,8U1H3PA,Q4,0.0
DELL4X_SUP_INK,4XY12B,Q4,0.0
HP3W_SUP_INK,3WX01A,Q4,0.0
HP6X_PC_DESKTOP,6X9Q0PA,Q4,0.0
HP7Y_PC_LAPTOP,7Y6T9PA,Q4,0.0
DELL0Y_PC_LAPTOP,0Y6K4QB,Q4,0.0
DELLU7_SUP_INK,U7N24BB,Q4,0.0
DELLG7_SUP_INK,G7W38BB,Q4,0.0
HP9D_PC_LAPTOP,9D3N5PA,Q4,5767.05
HPCF_SUP_TON,CF513A,Q4,0.0
DELL4F_SUP_INK,4FE89B,Q4,0.0
DELL3A_PH_LJ,3A744B,Q4,0.0
DELL89_PC_DESKTOP,893N1QB,Q4,0.0
DELL0U_PC_DESKTOP,0U9M1QB,Q4,0.0
DELLA8_SUP_TON,A8Z81B,Q4,0.0
DELLX3_SUP_TON,X3153B,Q4,0.0
DELLU7_SUP_INK,U7N16BB,Q4,0.0
DELL4Z_SUP_INK,4ZN27BB,Q4,0.0
DELL6I_PH_IJ,6IC19B,Q4,0.0
HP7M_PC_LAPTOP,7M659PA,Q4,0.0
HPCD_SUP_INK,CD972AA,Q4,0.0
HP46_PC_LAPTOP,46D70PA,Q4,0.0
DELLA8_SUP_TON,A8Z02B,Q4,0.0
DELL03_PC_DESKTOP,03A32QB,Q4,0.0
DELLQ3_SUP_INK,Q3W81B,Q4,0.0
HPC2_SUP_INK,C2P19AA,Q4,0.0
DELLDD_SUP_TON,DD499BE,Q4,0.0
HP9U_PC_LAPTOP,9U2C4PA,Q4,0.0
HP7P_PH_LJ,7PS84A,Q4,0.0
DELLM1_SUP_UNK,M1S05BB,Q4,0.0
HP7M_PC_LAPTOP,7M656PA,Q4,0.0
DELLD0_SUP_INK,D0495B,Q4,0.0
DELL4X_SUP_INK,4XY31B,Q4,0.0
HP7L_PC_LAPTOP,7L035PA,Q4,0.0
HP7K_PC_DESKTOP,7K2P3PA,Q4,0.0
DELLG0_SUP_INK,G0K88B,Q4,0.0
HPC9_SUP_INK,C9351AA,Q4,0.0
DELL0E_PC_LAPTOP,0E4Q1QB,Q4,0.0
DELLU9_PH_IJ,U9X27B,Q4,0.0
DELL9M_PC_LAPTOP,9M233QB,Q4,0.0
HPCF_SUP_TON,CF502A,Q4,0.0
HP8L_PC_LAPTOP,8L149PA,Q4,0.0
DELL64_PH_IJ,648Q6D,Q4,0.0
HP6U_PH_IJ,6UU48A,Q4,0.0
HP7K_PC_DESKTOP,7K3Z3PA,Q4,0.0
DELL0V_PC_LAPTOP,0V3D5QB,Q4,0.0
DELLU7_SUP_INK,U7N28BB,Q4,0.0
DELLDG_SUP_TON,DG320B,Q4,0.0
DELLA8_SUP_TON,A8Z87B,Q4,0.0
HP2E_PC_MONITOR,2E2Y3A6,Q4,0.0
HP44_PC_DESKTOP,44V84PA,Q4,0.0
DELLM4_PH_IJ,M4V54B,Q4,0.0
DELLQ3_SUP_INK,Q3W73B,Q4,0.0
DELLDD_SUP_INK,DD751AA,Q4,0.0
DELLD0_SUP_INK,D0517B,Q4,0.0
HP84_PC_LAPTOP,840G6PA,Q4,0.0
HPL0_SUP_INK,L0S66AA,Q4,0.0
DELL7G_PH_SJ,7GX10B,Q4,0.0
DELLDG_SUP_TON,DG368B,Q4,0.0
HPL0_SUP_UNK,L0S06AA,Q4,0.0
HP9X_PC_LAPTOP,9X5J3PA,Q4,0.0
HPW1_SUP_TON,W1660A,Q4,0.0
DELL2C_PC_MONITOR,2C0Y3BB,Q4,0.0
HP8F_PC_LAPTOP,8F6D5PA,Q4,0.0
HPCD_SUP_INK,CD975AA,Q4,0.0
HPA1_PC_LAPTOP,A1QV2PA,Q4,0.0
DELLX3_SUP_TON,X3221B,Q4,0.0
DELL49_PH_LJ,492V1B,Q4,0.0
HP3Y_SUP_INK,3YM16AA,Q4,0.0
HPW2_SUP_TON,W2090A,Q4,0.0
DELL8X_PH_IJ,8XO55E,Q4,0.0
HPW1_SUP_TON,W1103AD,Q4,0.0
DELLA8_SUP_TON,A8Z70B,Q4,0.0
HPCF_SUP_TON,CF511A,Q4,0.0
DELLA0_SUP_TON,A0N16B,Q4,0.0
HPCF_SUP_TON,CF350A,Q4,0.0
HP7Q_PC_LAPTOP,7Q6Y9PA,Q4,0.0
HP9T_PC_LAPTOP,9T8K8PA,Q4,0.0
HPCZ_SUP_INK,CZ132A,Q4,0.0
HPW2_SUP_TON,W2312A,Q4,0.0
HPCZ_SUP_INK,CZ122AA,Q4,0.0
DELL50_SUP_INK,509O7B,Q4,0.0
DELL4K_SUP_INK,4KB91BB,Q4,0.0
HPCE_SUP_TON,CE742A,Q4,0.0
DELLA8_SUP_TON,A8Z79B,Q4,0.0
HPF6_SUP_INK,F6V27AA,Q4,0.0
HP4R_PH_LJ,4RA89A,Q4,0.0
DELLDO_SUP_INK,DO166BB,Q4,0.0
HPF9_SUP_INK,F9K17A,Q4,0.0
HPCF_SUP_TON,CF360A,Q4,0.0
HP68_PC_LAPTOP,689U2PA,Q4,0.0
DELLDF_SUP_TON,DF511B,Q4,0.0
HP67_SUP_INK,676M7A,Q4,0.0
DELL6T_PH_IJ,6TF37C,Q4,0.0
HPCE_SUP_TON,CE410A,Q4,0.0
HPW1_SUP_TON,W1370A,Q4,0.0
HP8F_PC_LAPTOP,8F8Z1PA,Q4,0.0
DELL94_PC_LAPTOP,945V6QB,Q4,0.0
HPA0_PC_DESKTOP,A05H9PA,Q4,0.0
HP9E_PC_LAPTOP,9E3J4PA,Q4,0.0
HP3X_PH_IJ,3XB78A,Q4,0.0
DELL7L_PC_LAPTOP,7L8V3QB,Q4,0.0
DELL9D_PC_LAPTOP,9D5S8QB,Q4,0.0
HP79_PC_DESKTOP,79U84PA,Q4,0.0
HP3J_SUP_INK,3JA80AA,Q4,0.0
HPCZ_SUP_INK,CZ108AA,Q4,0.0
HPC9_SUP_INK,C9383A,Q4,0.0
DELL8L_PC_DESKTOP,8L2H4QB,Q4,0.0
DELLX3_SUP_TON,X3423B,Q4,0.0
DELLA8_SUP_TON,A8Z99B,Q4,0.0
HP3W_SUP_INK,3WX42A,Q4,0.0
DELL31_PH_SJ,31H17B,Q4,0.0
HP3J_SUP_INK,3JA81AA,Q4,0.0
DELLB1_PC_LAPTOP,B14DKQB,Q4,0.0
DELL4X_SUP_INK,4XY17B,Q4,0.0
DELL24_PC_MONITOR,24M93BB,Q4,0.0
DELL8Z_PC_LAPTOP,8Z7V9QB,Q4,0.0
DELL7L_PC_LAPTOP,7L0D7QB,Q4,0.0
HP72_PC_LAPTOP,72K10PA,Q4,0.0
HP9D_PC_LAPTOP,9D3P0PA,Q4,0.0
DELL79_PC_LAPTOP,790V3QB,Q4,0.0
HPCF_SUP_TON,CF361A,Q4,0.0
DELL9M_PC_LAPTOP,9M277QB,Q4,0.0
DELLDO_SUP_INK,DO739BB,Q4,0.0
HP98_PC_DESKTOP,983N6PA,Q4,0.0
DELLM1_SUP_INK,M1T83BB,Q4,0.0
HP18_PC_MONITOR,189T0AA,Q4,0.0
HPCF_SUP_TON,CF280A,Q4,0.0
DELLR3_SUP_TON,R3723B,Q4,0.0
DELLA9_SUP_TON,A9X63B,Q4,0.0
HP80_PC_LAPTOP,805X2PA,Q4,10101.45
HPCZ_PH_LJ,CZ174A,Q4,0.0
HPW2_SUP_TON,W2112A,Q4,0.0
DELL0E_PC_LAPTOP,0E4O8QB,Q4,0.0
HP7W_PH_IJ,7WN46D,Q4,0.0
DELL0E_PC_LAPTOP,0E4O4QB,Q4,0.0
DELL9G_PC_LAPTOP,9G7L3QB,Q4,0.0
DELL4Z_SUP_INK,4ZN20BB,Q4,0.0
HP9E_PC_LAPTOP,9E3K8PA,Q4,0.0
DELLDC_SUP_TON,DC651B,Q4,0.0
HPW2_SUP_TON,W2301A,Q4,0.0
HP6F_PH_SJ,6FW07A,Q4,0.0
DELLG0_SUP_INK,G0L14B,Q4,0.0
HPA0_PC_LAPTOP,A00PMPA,Q4,0.0
DELL4X_SUP_INK,4XY53B,Q4,0.0
DELLDG_SUP_TON,DG322B,Q4,0.0
HPW1_SUP_TON,W1120A,Q4,0.0
HPZ7_SUP_TON,Z7Y79A,Q4,0.0
DELL5L_SUP_INK,5L1W9QB,Q4,0.0
DELL9M_PC_DESKTOP,9M218QB,Q4,0.0
HP3W_SUP_INK,3WX30A,Q4,0.0
DELLDA_SUP_INK,DA243B,Q4,0.0
HP9W_PC_LAPTOP,9W638PA,Q4,0.0
HP3J_SUP_INK,3JA83AA,Q4,0.0
HP3E_SUP_INK,3ED77A,Q4,0.0
DELLU7_SUP_INK,U7M08BB,Q4,0.0
HPCF_SUP_TON,CF228A,Q4,0.0
HPCE_SUP_TON,CE401A,Q4,0.0
HPL0_SUP_INK,L0S23AA,Q4,0.0
DELL4K_SUP_INK,4KC17BB,Q4,0.0
HP7K_PC_DESKTOP,7K661PA,Q4,0.0
DELL50_SUP_INK,509O8B,Q4,0.0
HP35_PC_MONITOR,356D6AA,Q4,0.0
HPF9_SUP_INK,F9K06A,Q4,0.0
DELL5L_SUP_INK,5L1W7QB,Q4,0.0
HP7J_PC_DESKTOP,7J9W4PA,Q4,0.0
DELLG0_SUP_INK,G0K76B,Q4,0.0
HPW1_SUP_TON,W1112A,Q4,0.0
HP8A_PH_LJ,8AF52A,Q4,0.0
HP8L_PC_DESKTOP,8L129PA,Q4,0.0
DELLDG_SUP_TON,DG469B,Q4,0.0
DELLD3_SUP_INK,D3Q15BB,Q4,0.0
DELL4X_SUP_INK,4XY32B,Q4,0.0
HPCF_SUP_TON,CF363A,Q4,0.0
HPCN_SUP_INK,CN630A,Q4,0.0
HP5H_PH_IJ,5HB06A,Q4,0.0
DELL62_SUP_INK,62756BB,Q4,0.0
DELL8M_PC_LAPTOP,8M488QB,Q4,0.0
DELLDI_SUP_INK,DI756B,Q4,0.0
DELL0U_PC_LAPTOP,0U9L7QB,Q4,0.0
DELL8R_PC_LAPTOP,8R7A9QB,Q4,0.0
HPCH_SUP_INK,CH646A,Q4,0.0
DELLN1_SUP_INK,N1I65BB,Q4,0.0
DELL4F_SUP_INK,4FE50B,Q4,0.0
HP97_PC_DESKTOP,977P0PA,Q4,0.0
HPM0_SUP_INK,M0H56AA,Q4,0.0
DELL94_PC_LAPTOP,945U0QB,Q4,0.0
DELLDG_SUP_TON,DG452B,Q4,0.0
HP9U_PC_LAPTOP,9U867PA,Q4,0.0
HP6N_PC_MONITOR,6N4E2AA,Q4,0.0
HP7J_PC_DESKTOP,7J1S5PA,Q4,0.0
HP3J_SUP_INK,3JB06AA,Q4,0.0
DELL4F_PC_DESKTOP,4F8S0QB,Q4,0.0
HP7N_PC_LAPTOP,7N759PA,Q4,0.0
DELLDG_SUP_TON,DG473B,Q4,0.0
HPCF_SUP_TON,CF353A,Q4,0.0
DELLM1_SUP_INK,M1T62BB,Q4,0.0
HP3Y_SUP_INK,3YM21AA,Q4,0.0
HP82_PC_LAPTOP,824L6PA,Q4,0.0
DELL49_PH_LJ,492W7B,Q4,10.0
DELL4K_SUP_INK,4KB96BB,Q4,0.0
HP7S_PC_LAPTOP,7S4P3PA,Q4,0.0
DELL83_PC_LAPTOP,83L21QB,Q4,0.0
DELL5L_PC_LAPTOP,5L6E6QB,Q4,0.0
HP6F_PH_SJ,6FW09A,Q4,0.0
HPX4_SUP_INK,X4E79AA,Q4,0.0
DELL9G_PC_LAPTOP,9G7E6QB,Q4,0.0
DELL95_PC_LAPTOP,951U8QB,Q4,0.0
DELLA8_SUP_TON,A8Z93B,Q4,0.0
DELL7L_PC_LAPTOP,7L0D4QB,Q4,0.0
DELL0D_PC_LAPTOP,0D0F2QB,Q4,0.0
DELLDO_SUP_INK,DO738BB,Q4,0.0
HPP2_SUP_INK,P2V64A,Q4,1157.6
HP4S_SUP_INK,4S6X6PA,Q4,0.0
DELL4K_SUP_INK,4KB92BB,Q4,0.0
DELL3F_PC_MONITOR,3F3Z5B7,Q4,1578.0
HP7K_PC_LAPTOP,7K0L9PA,Q4,0.0
DELLX2_SUP_TON,X2691B,Q4,0.0
HP38_PH_LJ,381U0A,Q4,10.0
DELLG0_PH_IJ,G0B39F,Q4,0.0
HPF9_SUP_INK,F9J78A,Q4,0.0
DELL0V_PC_LAPTOP,0V978QB,Q4,0.0
DELL9K_PC_LAPTOP,9K1T6QB,Q4,0.0
DELLDA_SUP_INK,DA232BB,Q4,0.0
HPCN_SUP_INK,CN055AA,Q4,0.0
DELLD0_SUP_INK,D0462BB,Q4,0.0
HP20_PH_SJ,20G07A,Q4,0.0
HP9V_PC_MONITOR,9VJ40AA,Q4,0.0
HP8D_PC_LAPTOP,8D667PA,Q4,0.0
DELL00_PC_LAPTOP,00U01QB,Q4,0.0
HP2W_PC_DESKTOP,2W953PA,Q4,0.0
HPQ2_SUP_TON,Q2612X,Q4,0.0
DELLDG_SUP_TON,DG612B,Q4,0.0
DELL9V_PC_LAPTOP,9V2I4QB,Q4,0.0
HPCF_SUP_TON,CF400A,Q4,0.0
HP9E_PC_LAPTOP,9E3K5PA,Q4,0.0
DELL0F_PC_LAPTOP,0F4L0QB,Q4,0.0
DELL9H_PC_LAPTOP,9H259QB,Q4,0.0
HP8F_PC_LAPTOP,8F6C8PA,Q4,0.0
HPB3_SUP_INK,B3P19A,Q4,0.0
HP7K_PC_DESKTOP,7K5W2PA,Q4,0.0
HPCE_SUP_TON,CE400A,Q4,0.0
DELL7L_PC_LAPTOP,7L0D6QB,Q4,0.0
HP4J_PC_LAPTOP,4J0N0PA,Q4,0.0
HPZ7_SUP_TON,Z7Y81A,Q4,0.0
DELLDG_SUP_TON,DG348B,Q4,0.0
HP34_PC_MONITOR,34Y23AA,Q4,0.0
DELLDO_SUP_INK,DO159BB,Q4,0.0
DELLU7_SUP_INK,U7M90BB,Q4,0.0
HP6F_PH_SJ,6FW10A,Q4,0.0
DELL3I_PC_MONITOR,3I1O2BB,Q4,1880.85
DELL5T_SUP_INK,5T7Y8QB,Q4,0.0
DELLDG_SUP_TON,DG611B,Q4,0.0
DELL0W_PC_MONITOR,0WK51BB,Q4,0.0
HP2Z_PH_LJ,2Z632A,Q4,0.0
HP8F_PC_DESKTOP,8F4C2PA,Q4,0.0
HP92_PC_LAPTOP,92U85PA,Q4,0.0
HPW1_SUP_TON,W1104A,Q4,0.0
DELL9G_PC_LAPTOP,9G9A4QB,Q4,37999.95
DELL9E_PC_LAPTOP,9E778QB,Q4,0.0
HPF6_SUP_INK,F6V26AA,Q4,0.0
HPF9_SUP_INK,F9J66A,Q4,1378.4
HP5H_PH_LJ,5HH67A,Q4,0.0
DELLDG_SUP_TON,DG390Y,Q4,0.0
DELLDF_SUP_TON,DF423B,Q4,0.0
DELL95_PC_LAPTOP,951H7QB,Q4,0.0
DELLDG_SUP_TON,DG513Y,Q4,0.0
HP84_PC_DESKTOP,84J08PA,Q4,0.0
HP6L_PC_LAPTOP,6L0L1PA,Q4,0.0
DELLDG_SUP_TON,DG523B,Q4,0.0
HPA4_PC_LAPTOP,A46C9PA,Q4,0.0
DELL4F_SUP_INK,4FE70B,Q4,0.0
HPF6_SUP_INK,F6V23AA,Q4,0.0
DELL8Q_PC_DESKTOP,8Q3D6QB,Q4,0.0
HPZ7_SUP_TON,Z7Y82A,Q4,0.0
HP7W_PC_LAPTOP,7W474PA,Q4,0.0
DELLG0_SUP_INK,G0L17B,Q4,0.0
HPCF_SUP_TON,CF210X,Q4,0.0
DELLDI_SUP_INK,DI674AA,Q4,0.0
DELL0R_PC_DESKTOP,0R043QB,Q4,7718.55
DELL9Y_PC_LAPTOP,9Y2V1QB,Q4,34228.8
HP99_PC_LAPTOP,99T90PA,Q4,0.0
DELL9G_PC_LAPTOP,9G9A1QB,Q4,0.0
HP84_PC_LAPTOP,841W6PA,Q4,0.0
DELL9I_PC_LAPTOP,9I0H7QB,Q4,0.0
DELLDF_SUP_TON,DF422B,Q4,0.0
DELL94_PC_LAPTOP,943R9QB,Q4,0.0
HP6K_PC_LAPTOP,6K9C6PA,Q4,0.0
DELL5B_PH_IJ,5B9E0B,Q4,0.0
HP6J_PC_LAPTOP,6J2T8PA,Q4,0.0
DELLDG_SUP_TON,DG511Y,Q4,0.0
DELL0U_PC_LAPTOP,0U9L8QB,Q4,0.0
DELL8L_PC_DESKTOP,8L3Q4QB,Q4,0.0
DELLDG_SUP_TON,DG614B,Q4,0.0
HPZ8_SUP_TON,Z8W52A,Q4,0.0
HP7S_PC_LAPTOP,7S4N7PA,Q4,0.0
HP3X_PH_IJ,3XB77A,Q4,0.0
DELLQ3_SUP_INK,Q3W94B,Q4,0.0
DELL5K_PC_LAPTOP,5K1O1QB,Q4,0.0
HP8F_PC_LAPTOP,8F6C4PA,Q4,0.0
DELLDO_SUP_INK,DO165BB,Q4,0.0
HP84_PC_LAPTOP,840T7PA,Q4,0.0
HPCH_SUP_INK,CH562ZZ,Q4,0.0
HPA4_PC_LAPTOP,A45Y5PA,Q4,0.0
HP6F_PH_SJ,6FW08A,Q4,0.0
DELL0F_PC_LAPTOP,0F4R7QB,Q4,0.0
DELLDO_SUP_INK,DO167BB,Q4,0.0
DELL8L_PC_DESKTOP,8L4A4QB,Q4,8400.9
HP3J_SUP_INK,3JA84AA,Q4,0.0
HP9D_PC_LAPTOP,9D3M7PA,Q4,0.0
DELL7O_PC_MONITOR,7O5F9BB,Q4,2224.35
DELLDF_SUP_TON,DF851B,Q4,0.0
HP81_PC_LAPTOP,81B19PA,Q4,12949.35
HP95_PC_LAPTOP,95R98PA,Q4,0.0
DELL8N_PC_LAPTOP,8N765QB,Q4,0.0
HPT8_PH_IJ,T8W18A,Q4,0.0
HP2R_PH_IJ,2RM82A,Q4,0.0
DELLG7_SUP_INK,G7W31BB,Q4,0.0
DELLR3_SUP_TON,R3723Y,Q4,0.0
DELL8O_PC_DESKTOP,8O7W1QB,Q4,0.0
DELLDA_PH_LJ,DA297B,Q4,0.0
DELLB5_PC_LAPTOP,B57D0QB,Q4,0.0
HPCN_SUP_INK,CN046AA,Q4,701.2
DELLM1_SUP_UNK,M1T17BB,Q4,0.0
DELLDG_SUP_TON,DG471Y,Q4,0.0
DELL9G_PC_LAPTOP,9G9A9QB,Q4,0.0
HPCD_SUP_INK,CD974AA,Q4,0.0
HPL0_SUP_UNK,L0R88AA,Q4,0.0
HP4K_SUP_INK,4K0V6PA,Q4,0.0
HPCF_SUP_TON,CF402A,Q4,0.0
HP8L_PC_LAPTOP,8L145PA,Q4,24011.85
DELL7O_PC_MONITOR,7O7F0BB,Q4,0.0
HPCF_SUP_TON,CF358A,Q4,0.0
HPA1_PC_LAPTOP,A1NW3PA,Q4,0.0
DELLD2_SUP_INK,D2R21B,Q4,0.0
HP9T_PC_LAPTOP,9T8K7PA,Q4,0.0
HP9D_PC_LAPTOP,9D3N6PA,Q4,0.0
DELLD3_SUP_INK,D3Q20BB,Q4,0.0
DELLN1_SUP_INK,N1I62BB,Q4,0.0
DELLD3_SUP_INK,D3Q33BB,Q4,0.0
DELL89_PC_DESKTOP,891B3QB,Q4,0.0
HPZ7_SUP_TON,Z7Y78A,Q4,0.0
HPL0_SUP_INK,L0S69AA,Q4,0.0
DELL39_PH_IJ,39D23B,Q4,0.0
HP7X_PC_DESKTOP,7X9K0PA,Q4,0.0
HP7J_PC_LAPTOP,7J035AA,Q4,0.0
HPCZ_SUP_INK,CZ131A,Q4,0.0
HP8C_PC_LAPTOP,8C4R8PA,Q4,0.0
HPCC_SUP_TON,CC388AD,Q4,0.0
HP82_PC_LAPTOP,821M3PA,Q4,0.0
HPF9_SUP_INK,F9K01A,Q4,0.0
HPM0_SUP_INK,M0H54AA,Q4,0.0
DELLX3_SUP_TON,X3224B,Q4,0.0
DELLDA_SUP_INK,DA233BB,Q4,0.0
HPCB_SUP_TON,CB542A,Q4,0.0
DELL06_PC_LAPTOP,06T70QB,Q4,0.0
DELL51_PC_MONITOR,51A43BB,Q4,0.0
DELL5T_SUP_INK,5T7Y9QB,Q4,0.0
HP3E_SUP_INK,3ED45A,Q4,0.0
DELLDE_SUP_INK,DE084BB,Q4,0.0
DELLB1_PC_LAPTOP,B11QQQB,Q4,0.0
HP7P_PH_LJ,7PS82A,Q4,0.0
DELLX3_SUP_TON,X3221Y,Q4,0.0
HPCF_SUP_TON,CF233A,Q4,0.0
HP8Y_PC_DESKTOP,8Y9D4PA,Q4,0.0
HPCE_SUP_TON,CE278AF,Q4,0.0
DELL3A_PH_LJ,3A725B,Q4,10.0
HPCN_SUP_INK,CN693AA,Q4,0.0
DELLDA_SUP_INK,DA246B,Q4,0.0
DELL4F_SUP_INK,4FE56B,Q4,0.0
DELL82_PH_LJ,826B5B,Q4,0.0
DELL7G_PH_SJ,7GX21B,Q4,0.0
HP20_PH_SJ,20G05A,Q4,0.0
DELL8Z_PC_LAPTOP,8Z7V3QB,Q4,0.0
HP9E_PC_LAPTOP,9E3J6PA,Q4,0.0
DELL7L_PC_LAPTOP,7L0K3QB,Q4,10683.75
DELL6D_PC_LAPTOP,6D6N5QB,Q4,0.0
DELLDC_SUP_TON,DC654B,Q4,0.0
DELL0E_PC_LAPTOP,0E4O7QB,Q4,0.0
HPCF_SUP_TON,CF256X,Q4,0.0
HPCN_SUP_INK,CN634A,Q4,0.0
DELL9G_PC_DESKTOP,9G5D3QB,Q4,0.0
HPCF_SUP_TON,CF401X,Q4,0.0
DELL27_PC_MONITOR,270M1BB,Q4,0.0
DELL8K_PC_DESKTOP,8K285QB,Q4,0.0
DELLG0_SUP_INK,G0K77B,Q4,1349.8
HPCF_SUP_TON,CF234A,Q4,0.0
DELLX3_SUP_TON,X3151B,Q4,0.0
DELL7M_PC_LAPTOP,7M1M1QB,Q4,0.0
HPW2_SUP_TON,W2042A,Q4,0.0
DELL8O_PC_MONITOR,8O010BU,Q4,0.0
HPCE_SUP_TON,CE255A,Q4,0.0
HPCC_SUP_TON,CC388X,Q4,0.0
DELL76_PC_MONITOR,76Q60B7,Q4,0.0
DELL7H_PH_LJ,7HY17B,Q4,0.0
HPW2_SUP_TON,W2110A,Q4,0.0
DELLDO_SUP_INK,DO704BB,Q4,0.0
HPCF_SUP_TON,CF289X,Q4,0.0
DELLX2_SUP_TON,X2481B,Q4,0.0
DELL82_PH_LJ,826B4B,Q4,0.0
DELL82_PH_LJ,826B6B,Q4,0.0
HPZ9_SUP_TON,Z9M05A,Q4,0.0
DELL4K_SUP_INK,4KB94BB,Q4,0.0
DELL0F_PC_LAPTOP,0F4L6QB,Q4,0.0
HP78_PC_MONITOR,780J5AA,Q4,0.0
HPCF_SUP_TON,CF400X,Q4,0.0
DELL9M_PC_LAPTOP,9M9Q6QB,Q4,21939.15
HPCN_SUP_INK,CN626AA,Q4,0.0
DELLM1_SUP_INK,M1T77BB,Q4,0.0
DELLDO_SUP_INK,DO746B,Q4,0.0
HP7L_PC_LAPTOP,7L033PA,Q4,0.0
DELLDG_SUP_TON,DG390B,Q4,0.0
DELL5S_PH_LJ,5SB90B,Q4,0.0
DELLX3_SUP_TON,X3413B,Q4,0.0
HP6G_PH_LJ,6GW64A,Q4,0.0
HP9Q_PC_LAPTOP,9Q9M9PA,Q4,0.0
DELLA0_SUP_TON,A0N13B,Q4,0.0
HP50_PC_LAPTOP,50M62PA,Q4,0.0
DELL93_PC_LAPTOP,932Q1QB,Q4,0.0
DELLG7_SUP_INK,G7W34BB,Q4,0.0
HP6P_PC_MONITOR,6PA50A4,Q4,0.0
HP3W_SUP_INK,3WX26A,Q4,0.0
DELLDG_SUP_TON,DG341B,Q4,0.0
HPW2_SUP_TON,W2111X,Q4,0.0
DELLD0_SUP_INK,D0463BB,Q4,0.0
HP8F_PC_LAPTOP,8F8Y9PA,Q4,0.0
HP81_PC_LAPTOP,81B47PA,Q4,0.0
HP8L_PC_LAPTOP,8L168PA,Q4,0.0
HP20_PH_SJ,20G06A,Q4,0.0
HP8L_PC_LAPTOP,8L122PA,Q4,0.0
DELLDG_SUP_TON,DG472B,Q4,0.0
HPZ7_SUP_TON,Z7Y70A,Q4,0.0
DELLDF_SUP_TON,DF421BE,Q4,0.0
DELL4F_SUP_INK,4FE39B,Q4,0.0
DELL9D_PC_LAPTOP,9D638QB,Q4,0.0
HP63_PC_DESKTOP,635A4PA,Q4,0.0
HP8K_PC_LAPTOP,8K8J1PA,Q4,0.0
HPW2_SUP_TON,W2110X,Q4,0.0
HP8U_PC_LAPTOP,8U6X8PA,Q4,0.0
HP91_PC_LAPTOP,91R01PA,Q4,0.0
HPCN_SUP_INK,CN056AA,Q4,0.0
DELLDG_SUP_TON,DG462B,Q4,0.0
DELLDG_SUP_TON,DG522B,Q4,0.0
DELL6I_PH_IJ,6IC21B,Q4,0.0
DELL0Y_PC_LAPTOP,0Y4M7QB,Q4,0.0
DELL4F_PH_IJ,4FL24B,Q4,0.0
DELLDA_SUP_INK,DA234BB,Q4,0.0
HP38_PH_LJ,381U4A,Q4,0.0
HPCE_SUP_TON,CE743A,Q4,0.0
DELL9M_PC_LAPTOP,9M279QB,Q4,0.0
DELLDG_SUP_TON,DG367B,Q4,0.0
DELL8O_PC_LAPTOP,8O871QB,Q4,0.0
DELLDG_SUP_TON,DG461B,Q4,0.0
DELLDG_SUP_TON,DG329B,Q4,0.0
DELLC4_SUP_INK,C4Q31B,Q4,0.0
DELLDA_PH_LJ,DA286B,Q4,0.0
DELLQ3_SUP_INK,Q3W70B,Q4,0.0
HPW2_SUP_TON,W2311A,Q4,0.0
DELLDF_SUP_TON,DF521B,Q4,0.0
DELLDG_SUP_TON,DG623B,Q4,0.0
DELLDG_SUP_TON,DG392B,Q4,0.0
HP8J_PC_LAPTOP,8J0S5PA,Q4,0.0
DELL45_PC_MONITOR,45Z34BB,Q4,0.0
DELL8L_PC_DESKTOP,8L760QB,Q4,0.0
HP40_PC_MONITOR,40Z32AA,Q4,0.0
HP7Q_PC_LAPTOP,7Q6Z0PA,Q4,0.0
HP8X_PC_LAPTOP,8X1U0PA,Q4,0.0
HP9U_PC_LAPTOP,9U2C1PA,Q4,0.0
HP81_PC_DESKTOP,81T79PA,Q4,0.0
HP7Y_PC_LAPTOP,7Y6U3PA,Q4,0.0
DELLDA_SUP_INK,DA749BB,Q4,0.0
HP84_PC_LAPTOP,841W7PA,Q4,0.0
DELL0Z_PC_LAPTOP,0Z1A3QB,Q4,0.0
DELLK4_SUP_UNK,K4N79B,Q4,0.0
DELL3A_PH_LJ,3A745B,Q4,0.0
HP9E_PC_LAPTOP,9E3K4PA,Q4,0.0
HP4S_SUP_INK,4S6X5PA,Q4,461.6
HPCE_SUP_TON,CE320A,Q4,0.0
HPCE_SUP_TON,CE314A,Q4,0.0
HP6N_PC_LAPTOP,6N030PA,Q4,0.0
HPW2_SUP_TON,W2091A,Q4,0.0
HPCF_SUP_TON,CF402X,Q4,0.0
HP9D_PC_LAPTOP,9D0K7PA,Q4,0.0
HPL0_SUP_INK,L0S72AA,Q4,0.0
HP95_PC_LAPTOP,95S69PA,Q4,0.0
DELLA8_SUP_TON,A8Z83B,Q4,0.0
DELL7G_PH_SJ,7GX19B,Q4,0.0
DELLDE_SUP_INK,DE062B,Q4,0.0
HP7K_PH_LJ,7KW64A,Q4,0.0
DELL71_PH_IJ,71L45C,Q4,0.0
HPF9_PH_IJ,F9A28E,Q4,0.0
DELL06_PC_LAPTOP,06S09QB,Q4,0.0
DELLX3_SUP_TON,X3414B,Q4,0.0
DELL9V_PC_LAPTOP,9V7A3QB,Q4,0.0
DELL8N_PC_LAPTOP,8N769QB,Q4,0.0
DELL4X_SUP_INK,4XY48B,Q4,0.0
HPC1_SUP_INK,C1Q10A,Q4,0.0
DELL0S_PC_DESKTOP,0S5O0QB,Q4,0.0
HPCE_SUP_TON,CE310A,Q4,0.0
DELLB5_PC_LAPTOP,B56Z6QB,Q4,0.0
HPW1_SUP_TON,W1580A,Q4,0.0
DELL01_PC_LAPTOP,01O65QB,Q4,0.0
HP71_PH_LJ,715A4A,Q4,0.0
DELL8Q_PC_DESKTOP,8Q1X5QB,Q4,0.0
DELLQ3_SUP_INK,Q3W75B,Q4,0.0
DELL8R_PC_DESKTOP,8R974QB,Q4,0.0
HPW1_SUP_TON,W1460A,Q4,0.0
HP8L_PC_LAPTOP,8L144PA,Q4,0.0
HPCZ_SUP_TON,CZ192A,Q4,0.0
DELL89_PC_DESKTOP,891B8QB,Q4,0.0
DELLDG_SUP_TON,DG471B,Q4,0.0
HPZ7_SUP_TON,Z7Y68A,Q4,0.0
HPL0_SUP_INK,L0S63AA,Q4,0.0
HP20_PH_SJ,20G08A,Q4,0.0
HPL0_SUP_INK,L0S51AA,Q4,0.0
HP83_PC_LAPTOP,834U5PA,Q4,0.0
DELL5B_PH_IJ,5B9S0B,Q4,0.0
DELLDA_SUP_TON,DA203B,Q4,0.0
DELL7O_PC_MONITOR,7O5G2BB,Q4,0.0
DELLX3_SUP_TON,X3222Y,Q4,0.0
HPW1_SUP_TON,W1103A,Q4,0.0
DELL49_PH_LJ,492V3B,Q4,0.0
HPQ2_SUP_TON,Q2612AF,Q4,0.0
HP9U_PC_LAPTOP,9U7H2PA,Q4,0.0
DELL88_PC_LAPTOP,88T65QB,Q4,0.0
HP7M_PC_LAPTOP,7M658PA,Q4,0.0
DELLX2_SUP_TON,X2631Y,Q4,0.0
HP6X_PC_DESKTOP,6X3W4PA,Q4,0.0
HPCZ_SUP_INK,CZ121AA,Q4,0.0
DELL9D_PC_LAPTOP,9D5S7QB,Q4,0.0
DELL81_PC_LAPTOP,812I6QB,Q4,0.0
DELL8K_PC_LAPTOP,8K146BB,Q4,0.0
DELLA8_SUP_TON,A8Z94B,Q4,0.0
HP7K_PC_DESKTOP,7K1H4PA,Q4,0.0
DELL78_SUP_INK,787N9B,Q4,0.0
DELLA8_SUP_TON,A8Z80B,Q4,0.0
DELL92_PC_LAPTOP,92N49BB,Q4,0.0
HP9D_PC_LAPTOP,9D3N7PA,Q4,0.0
DELLDA_SUP_INK,DA218BB,Q4,180.0
HP9Y_PC_LAPTOP,9Y0Z2PA,Q4,0.0
HP78_PC_DESKTOP,782N0PA,Q4,0.0
DELL0U_PC_DESKTOP,0U791QB,Q4,0.0
DELLB2_PC_LAPTOP,B2RW3QB,Q4,0.0
HP4A_PH_IJ,4A8R9A,Q4,0.0
HP3W_SUP_INK,3WX00A,Q4,578.6
HP8L_PC_LAPTOP,8L166PA,Q4,0.0
DELL03_PC_LAPTOP,03V87QB,Q4,0.0
DELL4K_SUP_INK,4KB95BB,Q4,0.0
DELLDE_SUP_INK,DE085BB,Q4,0.0
DELLD0_SUP_INK,D0494B,Q4,0.0
DELL8X_PH_IJ,8XO57E,Q4,0.0
HP8Q_PC_LAPTOP,8Q3X5PA,Q4,0.0
HP3Y_SUP_INK,3YM18AA,Q4,0.0
DELLA0_SUP_TON,A0N15B,Q4,0.0
DELLM1_SUP_UNK,M1S02BB,Q4,0.0
DELLDG_SUP_TON,DG388B,Q4,0.0
HP8A_PH_LJ,8AF45A,Q4,0.0
DELLA8_SUP_TON,A8Z91B,Q4,0.0
HPCF_SUP_TON,CF218A,Q4,0.0
HP6N_PC_MONITOR,6N4F1AA,Q4,0.0
DELL0V_PC_LAPTOP,0V8I3QB,Q4,0.0
HPCZ_PH_LJ,CZ175A,Q4,0.0
DELL8X_PC_LAPTOP,8X585QB,Q4,0.0
HP7Z_PC_LAPTOP,7Z1P9PA,Q4,0.0
DELL4H_PH_LJ,4H747B,Q4,0.0
HPA0_PC_LAPTOP,A00PQPA,Q4,0.0
DELL0F_PC_LAPTOP,0F4L4QB,Q4,0.0
HP4S_SUP_INK,4S6X7PA,Q4,0.0
DELLX3_SUP_TON,X3154B,Q4,0.0
HP9D_PC_LAPTOP,9D3N9PA,Q4,0.0
DELL51_PH_IJ,516X3D,Q4,0.0
HPC2_SUP_INK,C2P05AA,Q4,0.0
HPCN_SUP_INK,CN054AA,Q4,415.8
HP1B_PC_MONITOR,1B9X2AA,Q4,0.0
DELL89_PC_DESKTOP,891B7QB,Q4,0.0
DELL7Y_PC_DESKTOP,7Y5C0QB,Q4,0.0
HP6Z_SUP_INK,6ZD31AA,Q4,0.0
HPA0_PC_LAPTOP,A03CJPA,Q4,0.0
DELL9G_PC_LAPTOP,9G9A7QB,Q4,0.0
HPCE_SUP_TON,CE310AD,Q4,0.0
HPF9_SUP_INK,F9J77A,Q4,0.0
DELL78_PC_DESKTOP,78V76QB,Q4,0.0
DELL0F_PC_LAPTOP,0F4L8QB,Q4,0.0
HP3Y_SUP_INK,3YM17AA,Q4,0.0
DELL4F_SUP_INK,4FE78B,Q4,0.0
HP49_SUP_INK,498N5A,Q4,0.0
DELLG0_SUP_INK,G0L28B,Q4,0.0
HP8L_PC_DESKTOP,8L130PA,Q4,0.0
DELLDG_SUP_TON,DG524B,Q4,0.0
HPT6_SUP_INK,T6M01AA,Q4,0.0
DELLU7_SUP_INK,U7N10BB,Q4,0.0
DELL8I_PC_LAPTOP,8I6E4QB,Q4,0.0
HP7H_PC_LAPTOP,7H5D3PA,Q4,0.0
HP13_PC_MONITOR,13L82AA,Q4,0.0
HP1F_PH_IJ,1F3W3A,Q4,0.0
HP4A_PH_IJ,4A8D4A,Q4,0.0
DELL7O_PC_MONITOR,7O5E7BB,Q4,9058.05
HP9Q_PC_LAPTOP,9Q962PA,Q4,0.0
HPC2_SUP_INK,C2P26AA,Q4,0.0
DELL8Z_PC_LAPTOP,8Z7U0QB,Q4,0.0
DELLDG_SUP_TON,DG512Y,Q4,0.0
HP7Q_PC_LAPTOP,7Q6Z7PA,Q4,0.0
DELL82_PH_LJ,825A0B,Q4,0.0
DELL0E_PC_LAPTOP,0E4O9QB,Q4,0.0
DELL8N_PC_LAPTOP,8N767QB,Q4,0.0
HP9E_PC_LAPTOP,9E3K7PA,Q4,0.0
DELL9M_PC_LAPTOP,9M9Q5QB,Q4,0.0
DELL9M_PC_LAPTOP,9M275QB,Q4,0.0
DELL95_PC_LAPTOP,952X7QB,Q4,0.0
HP67_PC_LAPTOP,678M6PA,Q4,0.0
HPCF_SUP_TON,CF360X,Q4,0.0
HPCF_SUP_TON,CF410A,Q4,0.0
HPCH_SUP_INK,CH563ZZ,Q4,0.0
DELL7H_PH_LJ,7HY15B,Q4,0.0
HP3E_SUP_INK,3ED78A,Q4,0.0
DELL9M_PC_LAPTOP,9M9Q3QB,Q4,0.0
HPCE_SUP_TON,CE278A,Q4,0.0
HP3E_SUP_INK,3ED44A,Q4,0.0
HP7Z_PC_LAPTOP,7Z481PA,Q4,0.0
HP6C_PC_DESKTOP,6C3G6PA,Q4,0.0
HPCF_SUP_TON,CF256A,Q4,0.0
DELL8A_PC_LAPTOP,8A2Q9QB,Q4,0.0
DELL49_PC_DESKTOP,496A8QB,Q4,0.0
HPP2_SUP_INK,P2V70A,Q4,0.0
HP7M_PC_LAPTOP,7M654PA,Q4,0.0
HP28_PH_IJ,28C12A,Q4,0.0
DELL75_PC_MONITOR,75Y77BB,Q4,0.0
DELLDF_SUP_TON,DF424B,Q4,0.0
DELL2I_PC_MONITOR,2I950B7,Q4,0.0
HPCC_SUP_INK,CC640ZZ,Q4,0.0
HP94_PC_LAPTOP,943S1PA,Q4,0.0
DELL9D_PC_LAPTOP,9D6I6QB,Q4,0.0
DELL0K_PC_LAPTOP,0K7L9QB,Q4,0.0
HP6K_PC_LAPTOP,6K9J2PA,Q4,0.0
DELL8K_PC_DESKTOP,8K0X5QB,Q4,0.0
DELLDF_SUP_TON,DF434B,Q4,0.0
DELLDF_SUP_TON,DF433B,Q4,0.0
HP6Z_SUP_UNK,6ZD21AA,Q4,0.0
HPZ9_SUP_TON,Z9M04A,Q4,0.0
DELL8T_PC_LAPTOP,8T5Q4QB,Q4,0.0
HP3Y_SUP_INK,3YM15AA,Q4,0.0
DELL91_PC_LAPTOP,915M2QB,Q4,0.0
DELLG0_SUP_INK,G0L16B,Q4,0.0
HPL0_SUP_TON,L0H25A,Q4,0.0
HP78_PC_DESKTOP,780A7PA,Q4,0.0
HPCZ_SUP_INK,CZ123AA,Q4,0.0
DELL65_PH_IJ,65S69C,Q4,0.0
HP3J_SUP_INK,3JA82AA,Q4,0.0
HPZ9_SUP_TON,Z9M07A,Q4,0.0
HPCF_SUP_TON,CF219A,Q4,0.0
HP7Y_PC_LAPTOP,7Y6U2PA,Q4,0.0
HPCE_SUP_TON,CE321A,Q4,0.0
DELL4F_SUP_INK,4FE54B,Q4,0.0
HPCH_SUP_INK,CH648A,Q4,0.0
HP9E_PC_LAPTOP,9E3K3PA,Q4,0.0
DELLDG_SUP_TON,DG512B,Q4,0.0
DELL0E_PC_LAPTOP,0E4O0QB,Q4,0.0
DELLM1_SUP_UNK,M1S08BB,Q4,0.0
DELL7A_SUP_INK,7AE43BB,Q4,0.0
HP6X_PC_DESKTOP,6X3S5PA,Q4,0.0
DELLD0_SUP_INK,D0484B,Q4,0.0
DELL2W_SUP_INK,2WW32BB,Q4,0.0
HP3W_SUP_INK,3WX36A,Q4,0.0
DELL7A_SUP_UNK,7AE32BB,Q4,0.0
DELL50_SUP_INK,509Q3B,Q4,0.0
HP6Z_SUP_INK,6ZD29AA,Q4,0.0
HP8L_PC_LAPTOP,8L155PA,Q4,0.0
DELLX2_SUP_TON,X2481Y,Q4,0.0
DELLA8_SUP_TON,A8Z96B,Q4,0.0
HPF9_SUP_INK,F9J65A,Q4,0.0
HP7N_PC_MONITOR,7N909AT,Q4,0.0
DELL74_PC_DESKTOP,746Y8QB,Q4,0.0
DELL9M_PC_LAPTOP,9M255QB,Q4,0.0
DELLB1_PC_DESKTOP,B16I0QB,Q4,0.0
DELLDC_SUP_TON,DC652B,Q4,0.0
HP6X_PC_DESKTOP,6X9M3PA,Q4,0.0
DELLM1_SUP_INK,M1T70BB,Q4,0.0
HPCN_SUP_INK,CN636A,Q4,1925.4
HP9T_PC_DESKTOP,9T680PA,Q4,6062.85
HP3E_SUP_INK,3ED51A,Q4,0.0
DELLDA_SUP_INK,DA242B,Q4,0.0
DELL78_PC_LAPTOP,789N9QB,Q4,0.0
HPL0_SUP_INK,L0S24AA,Q4,0.0
DELLDF_SUP_TON,DF401B,Q4,0.0
HPCZ_PH_LJ,CZ184A,Q4,0.0
HP7H_PC_DESKTOP,7H0Y7PA,Q4,0.0
HPF9_SUP_INK,F9K02A,Q4,0.0
DELL5L_SUP_INK,5L1W8QB,Q4,0.0
DELL2G_PH_IJ,2G4Z5B,Q4,0.0
DELL78_PC_LAPTOP,789N7QB,Q4,0.0
HP3Y_SUP_INK,3YM19AA,Q4,0.0
HP8X_PC_LAPTOP,8X059PA,Q4,0.0
HP8U_PC_LAPTOP,8U1H6PA,Q4,0.0
HP6F_PH_SJ,6FW06A,Q4,0.0
HPCF_SUP_TON,CF503A,Q4,0.0
HP53_PH_LJ,53P41A,Q4,0.0
HPCF_SUP_TON,CF212A,Q4,0.0
DELLG0_SUP_INK,G0L13B,Q4,0.0
DELL3A_PH_LJ,3A724B,Q4,0.0
DELL75_PC_MONITOR,75Y70BB,Q4,0.0
DELLK4_SUP_UNK,K4N81B,Q4,0.0
DELL8L_PC_LAPTOP,8L6K9QB,Q4,0.0
DELLDA_PH_LJ,DA295B,Q4,0.0
HPF9_SUP_INK,F9K03A,Q4,0.0
HPL0_SUP_UNK,L0S00AA,Q4,0.0
HP3E_PC_DESKTOP,3E7R9PA,Q4,0.0
DELLX3_SUP_TON,X3152B,Q4,0.0
DELL5X_PH_IJ,5XG77B,Q4,0.0
HP3E_PH_IJ,3EK15A,Q4,0.0
HPCF_SUP_TON,CF281A,Q4,0.0
HP8L_PC_DESKTOP,8L120PA,Q4,0.0
HP7P_PC_LAPTOP,7P704PA,Q4,0.0
HP7Q_PC_DESKTOP,7Q863PA,Q4,0.0
DELL0S_PC_LAPTOP,0S302QB,Q4,0.0
DELL4X_SUP_INK,4XY49B,Q4,1423.6
DELLDF_SUP_TON,DF366B,Q4,0.0
HPC9_SUP_INK,C9380A,Q4,1142.0
DELLDF_SUP_TON,DF091B,Q4,0.0
DELLDG_SUP_TON,DG521B,Q4,0.0
DELL4F_SUP_INK,4FE88B,Q4,705.2
HP8F_PC_LAPTOP,8F6C5PA,Q4,0.0
HP8H_PC_LAPTOP,8H438PA,Q4,0.0
HPCN_SUP_INK,CN053AA,Q4,0.0
HP8F_PC_LAPTOP,8F8Z5PA,Q4,0.0
HPW2_SUP_TON,W2313A,Q4,0.0
DELLDG_SUP_TON,DG344B,Q4,0.0
DELLY5_SUP_INK,Y5F86BB,Q4,0.0
DELLM1_SUP_INK,M1T34BB,Q4,0.0
DELL4K_SUP_INK,4KB80BB,Q4,0.0
DELL57_PC_LAPTOP,57E81QB,Q4,0.0
DELL29_PC_MONITOR,290U1BB,Q4,0.0
HPJ3_SUP_UNK,J3M70A,Q4,0.0
DELL8Q_PC_LAPTOP,8Q7A9QB,Q4,0.0
DELLDA_SUP_INK,DA247B,Q4,0.0
HPM0_SUP_INK,M0H51AA,Q4,0.0
HPC2_SUP_INK,C2P24AA,Q4,486.8
HPW2_SUP_TON,W2113X,Q4,0.0
HP4W_PH_IJ,4WF66A,Q4,0.0
HPCE_SUP_TON,CE311A,Q4,0.0
HP64_PC_MONITOR,64W51AA,Q4,0.0
DELL8L_PC_DESKTOP,8L772QB,Q4,0.0
HP65_PC_MONITOR,65P57A6,Q4,0.0
HP40_PH_IJ,405W2C,Q4,0.0
HP8L_PC_LAPTOP,8L129PA,Q4,0.0
HPCF_SUP_TON,CF512A,Q4,0.0
DELLDG_SUP_TON,DG622B,Q4,0.0
HPP2_SUP_INK,P2V27A,Q4,1771.2
DELL4Y_PH_IJ,4YC88B,Q4,0.0
HPZ7_SUP_TON,Z7Y91A,Q4,0.0
DELL0F_PC_LAPTOP,0F4L9QB,Q4,0.0
HPCZ_SUP_INK,CZ136A,Q4,0.0
HPCB_SUP_TON,CB543A,Q4,0.0
DELL85_PC_LAPTOP,854B2QB,Q4,0.0
DELL4X_SUP_INK,4XY47B,Q4,0.0
DELL08_PC_DESKTOP,088Q1QB,Q4,0.0
DELLK4_SUP_UNK,K4N70B,Q4,0.0
DELLDS_SUP_INK,DS423BB,Q4,0.0
DELLG0_SUP_INK,G0L26B,Q4,0.0
DELL8Q_PH_LJ,8QT95B,Q4,0.0
HP7Y_PC_LAPTOP,7Y6U8PA,Q4,0.0
DELLDG_SUP_TON,DG473Y,Q4,0.0
HPA0_PC_LAPTOP,A00PNPA,Q4,0.0
DELL9G_PC_LAPTOP,9G9A6QB,Q4,0.0
DELLDO_SUP_INK,DO736BB,Q4,0.0
DELLDF_SUP_TON,DF421B,Q4,0.0
HP9E_PC_LAPTOP,9E3K9PA,Q4,0.0
DELLM1_SUP_INK,M1T68BB,Q4,428.8
HPCN_SUP_INK,CN635A,Q4,1730.8
HPA4_PC_LAPTOP,A45Y6PA,Q4,0.0
DELL3Z_PH_IJ,3Z0I3B,Q4,0.0
DELLDA_SUP_INK,DA748BB,Q4,0.0
DELLX2_SUP_TON,X2214BE,Q4,0.0
HPZ7_SUP_TON,Z7Y80A,Q4,0.0
HPW1_SUP_TON,W1335X,Q4,0.0
DELL92_PC_LAPTOP,92C58QB,Q4,0.0
DELL8K_PC_DESKTOP,8K291QB,Q4,0.0
HP6G_PH_LJ,6GX06A,Q4,0.0
DELLDC_SUP_TON,DC653B,Q4,0.0
DELL9I_PC_LAPTOP,9I6E5QB,Q4,0.0
DELLD0_SUP_INK,D0491B,Q4,0.0
DELL0R_PC_LAPTOP,0R0N7QB,Q4,0.0
DELLM4_PH_IJ,M4V55B,Q4,0.0
HP6U_PH_IJ,6UU47A,Q4,0.0
DELL8X_PC_LAPTOP,8X586QB,Q4,0.0
HP67_PC_DESKTOP,67W19PA,Q4,0.0
DELL7G_PC_DESKTOP,7G078QB,Q4,0.0
DELLG7_SUP_INK,G7W37BB,Q4,0.0
HPCN_SUP_INK,CN625AA,Q4,0.0
DELLX2_SUP_TON,X2571B,Q4,0.0
HPT6_SUP_INK,T6L93AA,Q4,0.0
HP2E_PC_MONITOR,2E2Y4A6,Q4,0.0
HP9Z_PC_LAPTOP,9Z835PA,Q4,0.0
DELLDA_SUP_INK,DA245B,Q4,0.0
DELL9L_PC_LAPTOP,9L9K2QB,Q4,0.0
HPJ3_SUP_UNK,J3M69A,Q4,0.0
HP9T_PC_LAPTOP,9T8K6PA,Q4,0.0
DELLX3_SUP_TON,X3103B,Q4,0.0
DELLD5_SUP_INK,D5921B,Q4,0.0
DELLDO_SUP_INK,DO730B,Q4,0.0
DELLDF_SUP_TON,DF425B,Q4,0.0
DELLDG_SUP_TON,DG323B,Q4,0.0
DELLDO_SUP_INK,DO158BB,Q4,0.0
DELL7Y_PC_DESKTOP,7Y4X4QB,Q4,0.0
DELLM3_PH_SJ,M3874B,Q4,0.0
DELL3X_PC_DESKTOP,3X064QB,Q4,0.0
HP3W_SUP_INK,3WX35A,Q4,0.0
HPC9_SUP_INK,C9371A,Q4,0.0
HPCH_SUP_INK,CH647A,Q4,0.0
DELL7Y_PC_DESKTOP,7Y0R1QB,Q4,0.0
HP3E_SUP_INK,3ED79A,Q4,0.0
DELL8Q_PC_LAPTOP,8Q815QB,Q4,9749.25
DELLDG_SUP_TON,DG624B,Q4,0.0
HPQ5_SUP_TON,Q5949A,Q4,0.0
HPCE_SUP_TON,CE312A,Q4,0.0
DELLU9_PH_IJ,U9X29B,Q4,0.0
HP7L_PC_LAPTOP,7L377PA,Q4,0.0
DELLU9_PH_IJ,U9X26B,Q4,0.0
HP71_PH_LJ,714Z9A,Q4,0.0
HPQ7_SUP_TON,Q7553A,Q4,0.0
HP5C_PC_LAPTOP,5C5M4PA,Q4,0.0
HPX4_SUP_INK,X4E75AA,Q4,0.0
HP8F_PC_LAPTOP,8F8Z6PA,Q4,0.0
DELL0V_PC_LAPTOP,0V3D2QB,Q4,0.0
HP8F_PC_LAPTOP,8F8Z0PA,Q4,0.0
HPCB_SUP_TON,CB540A,Q4,0.0
HP7K_PC_DESKTOP,7K659PA,Q4,0.0
HP1P_PH_LJ,1PV87A,Q4,0.0
DELL49_PH_LJ,492V5B,Q4,0.0
DELLD3_SUP_INK,D3Q36BB,Q4,0.0
HP3Y_SUP_INK,3YP94AA,Q4,351.0
DELL55_PC_DESKTOP,55W95QB,Q4,0.0
HP70_PC_LAPTOP,701H5PA,Q4,0.0
DELLDA_SUP_INK,DA235BB,Q4,0.0
HP82_PC_LAPTOP,821P0PA,Q4,0.0
DELLDG_SUP_TON,DG474Y,Q4,0.0
HPCF_SUP_TON,CF352A,Q4,0.0
HPZ7_SUP_TON,Z7Y72A,Q4,0.0
HP64_PC_MONITOR,64X69AA,Q4,0.0
DELLB5_PC_LAPTOP,B56Z8QB,Q4,0.0
DELLB1_PC_LAPTOP,B11QOQB,Q4,0.0
DELL9G_PC_LAPTOP,9G9Z0QB,Q4,0.0
DELLC4_SUP_INK,C4Q20B,Q4,0.0
HP16_PC_MONITOR,169L0AA,Q4,0.0
DELLDG_SUP_TON,DG474B,Q4,0.0
DELL89_PC_DESKTOP,891B6QB,Q4,12428.55
HP6K_PH_IJ,6KD26A,Q4,0.0
HPCZ_SUP_INK,CZ638AA,Q4,0.0
HP7Q_PC_LAPTOP,7Q6Z3PA,Q4,0.0
HPCZ_SUP_INK,CZ134A,Q4,0.0
DELL93_PC_LAPTOP,932N4QB,Q4,0.0
HP9X_PC_LAPTOP,9X3L6PA,Q4,9266.4
HPCE_SUP_TON,CE390A,Q4,0.0
DELLDG_SUP_TON,DG511B,Q4,0.0
HP83_PC_LAPTOP,834T9PA,Q4,0.0
HP8L_PC_LAPTOP,8L152PA,Q4,0.0
HP6K_PC_LAPTOP,6K9C3PA,Q4,0.0
DELLM1_SUP_INK,M1T74BB,Q4,0.0
HP9W_PC_LAPTOP,9W6U6PA,Q4,0.0
DELLDI_SUP_INK,DI673AA,Q4,0.0
DELLDG_SUP_TON,DG463B,Q4,0.0
HPJ3_SUP_UNK,J3M71A,Q4,0.0
DELL8X_PH_IJ,8XR17C,Q4,0.0
DELLR8_SUP_TON,R8664B,Q4,0.0
HP3D_PH_IJ,3D4L3A,Q4,0.0
DELLDF_SUP_TON,DF513B,Q4,0.0
HP8C_PC_LAPTOP,8C5H5PA,Q4,0.0
HP7K_PC_DESKTOP,7K667PA,Q4,11951.85
HPCN_SUP_INK,CN629A,Q4,0.0
HPW2_SUP_TON,W2040A,Q4,0.0
HPW1_SUP_TON,W1520A,Q4,0.0
DELL9Y_PC_LAPTOP,9Y2U9QB,Q4,0.0
DELL92_PC_DESKTOP,92U91QB,Q4,0.0
HPW2_SUP_TON,W2111A,Q4,0.0
DELL61_PC_LAPTOP,61N73QB,Q4,0.0
HPCF_SUP_TON,CF341A,Q4,0.0
DELL74_PC_DESKTOP,746B5QB,Q4,0.0
DELL9M_PC_LAPTOP,9M263QB,Q4,0.0
DELL8Q_PC_LAPTOP,8Q814QB,Q4,0.0
HPL0_SUP_UNK,L0S03AA,Q4,0.0
DELLU7_SUP_INK,U7N12BB,Q4,0.0
DELLM1_SUP_UNK,M1T14BB,Q4,0.0
DELLDI_SUP_INK,DI758B,Q4,0.0
HP2Z_PH_LJ,2Z633A,Q4,0.0
DELL8L_PH_LJ,8LX67B,Q4,0.0
DELLDG_SUP_TON,DG367Y,Q4,0.0
DELLY5_SUP_INK,Y5F80BB,Q4,0.0
HP8U_PC_LAPTOP,8U6Y8PA,Q4,30652.5
HP84_PC_DESKTOP,843D2PA,Q4,0.0
HP6X_PC_DESKTOP,6X4B5PA,Q4,0.0
HPCF_SUP_TON,CF277A,Q4,0.0
HP3Y_SUP_INK,3YM76AA,Q4,0.0
DELLX3_SUP_TON,X3223B,Q4,0.0
HPCN_SUP_INK,CN692AA,Q4,0.0
DELL9G_PC_LAPTOP,9G7D5QB,Q4,0.0
HP5H_PH_IJ,5HB10A,Q4,0.0
DELL7E_PC_MONITOR,7E9H0B7,Q4,0.0
HP7J_PC_DESKTOP,7J174PA,Q4,0.0
DELL4Z_SUP_INK,4ZQ05BB,Q4,0.0
HPCF_SUP_TON,CF230A,Q4,0.0
DELL8M_PC_LAPTOP,8M144QB,Q4,0.0
DELL8T_PC_LAPTOP,8T5O8QB,Q4,0.0
DELLD0_SUP_INK,D0482B,Q4,0.0
DELLX3_SUP_TON,X3424B,Q4,0.0
DELL9M_PC_LAPTOP,9M257QB,Q4,0.0
HPA0_PC_LAPTOP,A0EH4PA,Q4,0.0
DELLM1_SUP_TON,M1I36B,Q4,0.0
DELL9G_PC_LAPTOP,9G7D6QB,Q4,0.0
DELL65_PH_IJ,65S61C,Q4,0.0
DELLX3_SUP_TON,X3421B,Q4,0.0
HPCE_SUP_TON,CE740A,Q4,0.0
HPCF_SUP_TON,CF403A,Q4,0.0
DELL8Q_PH_LJ,8QT93B,Q4,0.0
HPC9_SUP_INK,C9384A,Q4,0.0
DELLM1_SUP_UNK,M1T11BB,Q4,0.0
HP64_PC_MONITOR,64V81AA,Q4,0.0
HP3W_SUP_INK,3WX37A,Q4,0.0
DELL8L_PC_DESKTOP,8L3Q8QB,Q4,0.0
HPT6_SUP_INK,T6L97AA,Q4,0.0
HP49_SUP_INK,498P2A,Q4,0.0
HP3W_SUP_INK,3WX38A,Q4,0.0
DELLDI_SUP_INK,DI675AA,Q4,0.0
HP7K_PC_DESKTOP,7K1G3PA,Q4,0.0
HPL3_PH_IJ,L3U44A,Q4,0.0
DELL9V_PC_LAPTOP,9V2I7QB,Q4,0.0
HPCF_SUP_TON,CF232A,Q4,0.0
HP6C_PC_DESKTOP,6C3G2PA,Q4,0.0
HPCZ_SUP_INK,CZ107AA,Q4,0.0
DELL7M_PC_LAPTOP,7M1M2QB,Q4,0.0
DELL2G_PH_IJ,2G4X4B,Q4,0.0
HP6H_PC_DESKTOP,6H1X2PA,Q4,0.0
HPA0_PC_LAPTOP,A00PPPA,Q4,0.0
HPT6_SUP_INK,T6M13AA,Q4,0.0
DELL4Z_SUP_INK,4ZN83BB,Q4,0.0
DELL9D_PC_LAPTOP,9D5S0QB,Q4,0.0
HP8F_PC_LAPTOP,8F6D4PA,Q4,0.0
HP67_PC_LAPTOP,67V50PA,Q4,0.0
HP7K_PC_DESKTOP,7K2P7PA,Q4,0.0
DELLX3_SUP_TON,X3224Y,Q4,0.0
HPCE_SUP_TON,CE323A,Q4,0.0
DELLDG_SUP_TON,DG343B,Q4,0.0
HP8C_PC_LAPTOP,8C4R6PA,Q4,0.0
DELL98_PC_LAPTOP,98C68QB,Q4,0.0
DELLDG_SUP_TON,DG325B,Q4,0.0
DELLX3_SUP_TON,X3104B,Q4,0.0
DELL7V_PH_IJ,7VV59B,Q4,0.0
HP8U_PC_LAPTOP,8U6Z7PA,Q4,0.0
DELL7K_PC_DESKTOP,7K1Z0QB,Q4,0.0
DELLDI_SUP_INK,DI672AA,Q4,0.0
HPCF_SUP_TON,CF214A,Q4,0.0
HPC9_SUP_INK,C9373A,Q4,0.0
DELL4E_PH_IJ,4E5M4B,Q4,0.0
HPF9_SUP_INK,F9K05A,Q4,0.0
DELL7H_PH_LJ,7HX75B,Q4,0.0
HP3W_SUP_INK,3WX19A,Q4,0.0
HPW2_SUP_TON,W2093A,Q4,0.0
DELL8N_PC_LAPTOP,8N760QB,Q4,0.0
HP49_SUP_INK,498N6A,Q4,0.0
HPC9_SUP_INK,C9352AA,Q4,0.0
DELLX3_SUP_TON,X3411B,Q4,0.0
DELL51_PC_MONITOR,51A37BB,Q4,0.0
HP2H_PC_MONITOR,2H0N1AA,Q4,1871.85
HPCN_SUP_INK,CN048AA,Q4,0.0
HPT6_SUP_INK,T6M17AA,Q4,0.0
DELL80_PC_DESKTOP,80V95QB,Q4,0.0
HP3W_SUP_INK,3WX13A,Q4,0.0
DELL49_PC_DESKTOP,490B2QB,Q4,0.0
DELL91_PC_LAPTOP,916Y3QB,Q4,0.0
HPX4_SUP_INK,X4E78AA,Q4,0.0
HP71_PH_LJ,715A5A,Q4,0.0
HPL2_PH_SJ,L2763A,Q4,0.0
DELLD0_SUP_INK,D0569B,Q4,0.0
HP3Y_SUP_INK,3YM73AA,Q4,0.0
DELL4F_PH_IJ,4FL26B,Q4,0.0
HPF9_SUP_INK,F9K16A,Q4,0.0
DELLDG_SUP_TON,DG476B,Q4,0.0
HPW2_SUP_TON,W2300A,Q4,0.0
HP8F_PC_LAPTOP,8F6K1PA,Q4,0.0
DELLDG_SUP_TON,DG339B,Q4,0.0
HP6Z_SUP_UNK,6ZD61AA,Q4,0.0
DELL9V_PC_LAPTOP,9V7Z2QB,Q4,0.0
DELL2Q_PH_LJ,2QW98B,Q4,0.0
DELL8A_PC_LAPTOP,8A2Q0QB,Q4,0.0
HPW1_SUP_TON,W1460X,Q4,0.0
HP7L_PC_DESKTOP,7L856PA,Q4,0.0
DELL8K_PC_DESKTOP,8K2T6QB,Q4,0.0
DELL7M_PC_LAPTOP,7M1L0QB,Q4,0.0
HP6K_PC_LAPTOP,6K9C5PA,Q4,0.0
HP6F_PC_DESKTOP,6F967PA,Q4,0.0
DELL51_PH_IJ,515M8D,Q4,0.0
DELLDG_SUP_TON,DG380B,Q4,0.0
DELLX3_SUP_TON,X3412B,Q4,0.0
DELLX3_SUP_TON,X3102B,Q4,0.0
HPCF_SUP_TON,CF365A,Q4,0.0
DELL7D_PC_DESKTOP,7D4H3QB,Q4,0.0
HP2Z_PH_LJ,2Z634A,Q4,0.0
DELL2G_PH_IJ,2G4Z3B,Q4,0.0
HP8L_PC_LAPTOP,8L130PA,Q4,0.0
HPCF_SUP_TON,CF237A,Q4,0.0
HPB3_SUP_INK,B3P06A,Q4,0.0
DELL7O_PC_MONITOR,7O5F3BB,Q4,0.0
DELLB1_PC_LAPTOP,B14DIQB,Q4,0.0
HPF6_SUP_INK,F6V20AA,Q4,0.0
DELL5B_PH_IJ,5B9E5B,Q4,0.0
HPCF_SUP_TON,CF510A,Q4,0.0
HPP2_SUP_INK,P2V83A,Q4,1499.4
DELL0E_PC_LAPTOP,0E4O6QB,Q4,0.0
HP8L_PC_LAPTOP,8L8P2PA,Q4,0.0
DELL95_PC_DESKTOP,954C7QB,Q4,0.0
HP81_PC_LAPTOP,81H51PA,Q4,0.0
DELL8L_PC_DESKTOP,8L2I5QB,Q4,0.0
HP8L_PC_LAPTOP,8L146PA,Q4,34881.6
DELLQ3_SUP_INK,Q3W79B,Q4,0.0
DELL8R_PC_LAPTOP,8R7A3QB,Q4,0.0
HP2Z_PH_LJ,2Z613A,Q4,0.0
HP3Y_SUP_INK,3YP93AA,Q4,0.0
HP3E_SUP_INK,3ED43A,Q4,0.0
HPCN_SUP_INK,CN633A,Q4,0.0
DELL0V_PC_LAPTOP,0V211QB,Q4,0.0
HP1F_PH_IJ,1F3Y2A,Q4,0.0
HP4S_PH_IJ,4SB24A,Q4,0.0
DELL7Y_PC_DESKTOP,7Y5C6QB,Q4,6474.75
HP38_PH_LJ,381U2A,Q4,0.0
HPCF_SUP_TON,CF213A,Q4,0.0
DELL6I_PH_IJ,6IC17B,Q4,0.0
HPL0_SUP_UNK,L0S09AA,Q4,0.0
DELL8M_PC_DESKTOP,8M967QB,Q4,0.0
DELL4Z_SUP_INK,4ZN29BB,Q4,0.0
HP6X_PC_DESKTOP,6X9S0PA,Q4,0.0
DELLDG_SUP_TON,DG321B,Q4,0.0
HPL0_SUP_INK,L0S54AA,Q4,0.0
DELLDG_SUP_TON,DG398B,Q4,0.0
DELL5T_PH_IJ,5TC35B,Q4,0.0
DELL69_PH_IJ,699K9C,Q4,0.0
HPT8_PH_IJ,T8W16A,Q4,0.0
HP3E_SUP_INK,3ED68A,Q4,0.0
DELL4Z_SUP_INK,4ZN84BB,Q4,0.0
DELLDG_SUP_TON,DG345B,Q4,0.0
HPL0_SUP_UNK,L0R97AA,Q4,0.0
DELLDA_SUP_INK,DA241B,Q4,0.0
HP7J_PC_DESKTOP,7J2M3PA,Q4,0.0
HP3W_SUP_INK,3WX07A,Q4,0.0
HP38_PC_DESKTOP,389A1PA,Q4,0.0
HP5H_PH_LJ,5HH65A,Q4,0.0
HP8F_PC_DESKTOP,8F6D4PA,Q4,0.0
HP8L_PC_DESKTOP,8L107PA,Q4,7256.1
HP8L_PC_LAPTOP,8L8P5PA,Q4,0.0
DELL8Z_PC_LAPTOP,8Z7V7QB,Q4,0.0
DELLDG_SUP_TON,DG514B,Q4,0.0
DELL8I_PC_DESKTOP,8I1Z8QB,Q4,0.0
HP49_SUP_INK,498N7A,Q4,0.0
DELLB1_PC_LAPTOP,B1FI5QB,Q4,0.0
HPCF_SUP_TON,CF231A,Q4,0.0
DELL9G_PC_LAPTOP,9G7E4QB,Q4,19343.55
HP3W_SUP_INK,3WX21A,Q4,0.0
HP9D_PC_LAPTOP,9D3P1PA,Q4,0.0
HPW2_SUP_TON,W2092A,Q4,0.0
DELL4X_SUP_INK,4XY18B,Q4,0.0
HPCF_SUP_TON,CF380A,Q4,0.0
DELL3A_PH_LJ,3A743B,Q4,0.0
HPCF_SUP_TON,CF413A,Q4,0.0
HPZ7_SUP_TON,Z7Y88A,Q4,0.0
DELLX2_SUP_TON,X2446Y,Q4,0.0
HP92_PC_DESKTOP,92Z21PA,Q4,0.0
HP74_PC_LAPTOP,743A1PA,Q4,0.0
DELL0U_PC_LAPTOP,0U9L9QB,Q4,0.0
DELL4F_SUP_INK,4FE30B,Q4,0.0
HP3Y_SUP_INK,3YP17AA,Q4,0.0
HP88_PC_DESKTOP,88Z16PA,Q4,0.0
DELL9M_PC_LAPTOP,9M258QB,Q4,0.0
HPW3_PH_IJ,W3Z72A,Q4,0.0
HP7J_PC_DESKTOP,7J180PA,Q4,0.0
HP6K_PC_LAPTOP,6K7U2PA,Q4,0.0
DELL4Y_PH_IJ,4YC89B,Q4,0.0
DELL8L_SUP_INK,8L4X0BB,Q4,0.0
DELL6I_PH_LJ,6II76B,Q4,0.0
DELLY5_SUP_INK,Y5F89BB,Q4,334.4
DELLDA_SUP_INK,DA219BB,Q4,0.0
HP8U_PC_LAPTOP,8U6Z2PA,Q4,0.0
DELL61_PC_LAPTOP,61N74QB,Q4,0.0
DELLA0_SUP_TON,A0N18B,Q4,0.0
HP81_PC_LAPTOP,81H48PA,Q4,0.0
HPP2_SUP_INK,P2V62A,Q4,0.0
DELLM1_SUP_INK,M1T35BB,Q4,0.0
DELLDD_SUP_TON,DD499B,Q4,0.0
DELLG0_SUP_INK,G0K89B,Q4,0.0
DELL0X_PC_LAPTOP,0X7V7QB,Q4,0.0
HP3J_SUP_INK,3JA78AA,Q4,0.0
HPCE_SUP_TON,CE285A,Q4,0.0
DELLM1_SUP_UNK,M1S99BB,Q4,0.0
DELL9Y_PC_LAPTOP,9Y160QB,Q4,0.0
DELL5L_SUP_INK,5L1W0QB,Q4,0.0
HP8U_PC_LAPTOP,8U6Y1PA,Q4,0.0
HP9U_PC_LAPTOP,9U100PA,Q4,0.0
DELL5A_PH_LJ,5AC07B,Q4,0.0
HPL3_PH_IJ,L3U43A,Q4,0.0
HP7P_PC_LAPTOP,7P703PA,Q4,0.0
HPCF_SUP_TON,CF363X,Q4,0.0
DELL7D_PC_DESKTOP,7D4H2QB,Q4,0.0
HP67_PC_LAPTOP,678M8PA,Q4,0.0
HP5S_PH_IJ,5SE26B,Q4,0.0
DELLM1_SUP_UNK,M1T10BB,Q4,0.0
HP6L_PC_LAPTOP,6L0L0PA,Q4,0.0
DELL92_PC_LAPTOP,92I59QB,Q4,0.0
DELL7H_PC_DESKTOP,7H786QB,Q4,0.0
HP53_PH_IJ,537P5C,Q4,0.0
DELL8R_PC_LAPTOP,8R7Z0QB,Q4,0.0
HPC2_SUP_INK,C2P22AA,Q4,0.0
DELL92_PC_LAPTOP,92I62QB,Q4,0.0
DELLDF_SUP_TON,DF854B,Q4,0.0
HP1H_PC_MONITOR,1H849A6,Q4,0.0
HP6N_PC_MONITOR,6N4D6AA,Q4,0.0
DELL0E_PC_LAPTOP,0E1L8QB,Q4,0.0
HPC9_SUP_INK,C9406A,Q4,0.0
DELLD0_SUP_INK,D0515B,Q4,0.0
HP78_PC_DESKTOP,782M0PA,Q4,0.0
HPT6_SUP_INK,T6L89AA,Q4,0.0
DELL6I_PH_LJ,6II59B,Q4,0.0
HP7K_SUP_INK,7K3W9AA,Q4,0.0
HP78_PC_DESKTOP,782N1PA,Q4,0.0
HP4A_PH_IJ,4A8D9A,Q4,0.0
DELL9G_PC_DESKTOP,9G5D6QB,Q4,0.0
DELLD3_SUP_INK,D3Q16BB,Q4,0.0
HP3J_SUP_INK,3JA79AA,Q4,0.0
HP9Y_PC_LAPTOP,9Y0Y6PA,Q4,0.0
DELLM1_SUP_INK,M1T71BB,Q4,0.0
HP6N_PC_MONITOR,6N6E9AA,Q4,0.0
HPF9_SUP_INK,F9K15A,Q4,0.0
DELL8A_PC_LAPTOP,8A592QB,Q4,0.0
HPCH_SUP_INK,CH561ZZ,Q4,0.0
DELL9Z_PC_LAPTOP,9Z7A9QB,Q4,0.0
HP90_PC_LAPTOP,90N54PA,Q4,16042.35
DELL75_PC_MONITOR,75X52BB,Q4,0.0
DELL02_PC_LAPTOP,02S12QB,Q4,0.0
DELLX2_SUP_TON,X2215B,Q4,0.0
DELL7V_PH_IJ,7VV58B,Q4,0.0
HP3J_SUP_INK,3JA77AA,Q4,0.0
DELLD3_SUP_INK,D3Q35BB,Q4,0.0
HP3W_SUP_INK,3WX15A,Q4,0.0
DELLDA_PH_LJ,DA285B,Q4,0.0
HP8Y_PC_LAPTOP,8Y6Z8PA,Q4,0.0
HP84_PC_DESKTOP,843B6PA,Q4,0.0
HPL0_SUP_UNK,L0R94AA,Q4,0.0
DELLA0_SUP_TON,A0N12B,Q4,0.0
DELL8M_PC_LAPTOP,8M146QB,Q4,0.0
DELL9Z_PC_LAPTOP,9Z090QB,Q4,0.0
DELLDI_SUP_INK,DI676B,Q4,0.0
DELL92_PC_DESKTOP,92U80QB,Q4,0.0
DELLU7_SUP_INK,U7M04BB,Q4,0.0
DELL8R_PC_LAPTOP,8R7A4QB,Q4,0.0
HPC4_SUP_INK,C4810A,Q4,0.0
HPW2_SUP_TON,W2113A,Q4,0.0
DELLG0_SUP_INK,G0L27B,Q4,0.0
DELLDF_SUP_TON,DF852B,Q4,0.0
HPCE_SUP_TON,CE515A,Q4,0.0
HP9Q_PC_LAPTOP,9Q9M6PA,Q4,0.0
DELL8R_PC_LAPTOP,8R7A1QB,Q4,0.0
DELL7A_SUP_INK,7AE42BB,Q4,0.0
HP7Y_PC_LAPTOP,7Y6U6PA,Q4,0.0
HPCN_SUP_INK,CN047AA,Q4,741.6
HP3Y_SUP_INK,3YM70AA,Q4,0.0
HP7P_PC_LAPTOP,7P6Z8PA,Q4,0.0
HPCZ_SUP_INK,CZ135A,Q4,0.0
HP78_PC_DESKTOP,780A6PA,Q4,0.0
HP87_PC_DESKTOP,87G01PA,Q4,12689.85
DELL4Z_SUP_INK,4ZN33BB,Q4,0.0
HPCF_SUP_TON,CF279A,Q4,0.0
DELL0A_PC_LAPTOP,0A946QB,Q4,0.0
HP40_PC_MONITOR,40Z26AA,Q4,0.0
HPZ7_SUP_TON,Z7Y90A,Q4,0.0
DELL5T_SUP_INK,5T7Y6QB,Q4,0.0
DELLDF_SUP_TON,DF389BG,Q4,0.0
HP9W_PC_LAPTOP,9W6U8PA,Q4,0.0
HPL0_SUP_INK,L0S60AA,Q4,557.2
HP3E_SUP_INK,3ED49A,Q4,0.0
HPQ2_SUP_TON,Q2612A,Q4,0.0
DELL9B_PH_LJ,9BG56B,Q4,0.0
DELL95_PC_DESKTOP,95I64QB,Q4,0.0
HPZ7_SUP_TON,Z7Y85A,Q4,0.0
HPT6_SUP_INK,T6M09AA,Q4,0.0
DELLDO_SUP_INK,DO744B,Q4,0.0
DELLDI_SUP_INK,DI757B,Q4,0.0
HPC2_SUP_INK,C2P25AA,Q4,0.0
DELL4Z_SUP_INK,4ZN87BB,Q4,0.0
HP7Q_PC_LAPTOP,7Q6Z8PA,Q4,0.0
DELL4F_SUP_INK,4FE55B,Q4,0.0
DELL9R_PC_LAPTOP,9R4Y6QB,Q4,0.0
DELL9B_PH_LJ,9BG63B,Q4,0.0
DELL7D_PC_DESKTOP,7D4H7QB,Q4,0.0
DELL95_PC_DESKTOP,95K19QB,Q4,0.0
DELLD3_SUP_INK,D3Q32BB,Q4,0.0
DELL7K_PC_LAPTOP,7K3U9QB,Q4,0.0
HP7P_PC_DESKTOP,7P0W4PA,Q4,0.0
HP4K_SUP_INK,4K0V7PA,Q4,0.0
HP3E_PH_IJ,3EK13A,Q4,0.0
HPA0_PC_LAPTOP,A03CKPA,Q4,0.0
HP7Y_PC_LAPTOP,7Y6U1PA,Q4,0.0
DELL5Z_PC_LAPTOP,5Z1M3FD,Q4,0.0
HP9R_PC_DESKTOP,9R4N9PA,Q4,0.0
HP3W_SUP_INK,3WX06A,Q4,0.0
HP8F_PC_DESKTOP,8F4C9PA,Q4,0.0
HPW2_SUP_TON,W2302A,Q4,0.0
DELL7G_PH_SJ,7GX18B,Q4,0.0
HPCF_SUP_TON,CF411A,Q4,0.0
DELLG0_SUP_INK,G0K78B,Q4,0.0
HPCE_SUP_TON,CE313A,Q4,0.0
HPCH_SUP_INK,CH645A,Q4,2802.8
HPCE_SUP_TON,CE402A,Q4,0.0
HP8F_PC_LAPTOP,8F6K2PA,Q4,0.0
HP65_PC_MONITOR,65P59A6,Q4,0.0
HPCF_SUP_TON,CF351A,Q4,0.0
HPC9_SUP_INK,C9372A,Q4,0.0
DELL9G_PC_LAPTOP,9G7D9QB,Q4,0.0
DELLX2_SUP_TON,X2223B,Q4,0.0
DELL46_PC_MONITOR,467E7BB,Q4,0.0
DELLDD_SUP_INK,DD754AA,Q4,0.0
HPCR_SUP_INK,CR312AA,Q4,0.0
DELL9V_PC_LAPTOP,9V7A8QB,Q4,0.0
HP9C_PC_LAPTOP,9C9E1PA,Q4,0.0
DELLDG_SUP_TON,DG391B,Q4,0.0
DELL89_PC_DESKTOP,893O1QB,Q4,0.0
HP7K_PC_LAPTOP,7K5J8PA,Q4,0.0
DELL31_PH_SJ,31H16B,Q4,0.0
HPCZ_SUP_INK,CZ130A,Q4,0.0
DELL4F_SUP_INK,4FE80B,Q4,0.0
DELLB5_PC_LAPTOP,B56Z7QB,Q4,0.0
DELL99_PC_DESKTOP,99A27QB,Q4,0.0
HPCF_SUP_TON,CF362X,Q4,0.0
HP7Z_PC_LAPTOP,7Z1P8PA,Q4,0.0
DELLD3_SUP_INK,D3Q31BB,Q4,0.0
DELL31_PH_SJ,31H18B,Q4,0.0
HP67_PC_DESKTOP,67U65PA,Q4,0.0
HP6C_PC_DESKTOP,6C3G1PA,Q4,0.0
DELL4K_SUP_INK,4KB88BB,Q4,0.0
DELL8Y_PC_DESKTOP,8Y0L1QB,Q4,0.0
DELLX2_SUP_TON,X2771B,Q4,0.0
DELL3S_PH_IJ,3SN93B,Q4,0.0
HP6J_PC_DESKTOP,6J0Y9PA,Q4,0.0
HP7K_PH_LJ,7KW56A,Q4,10.0
DELLDF_SUP_TON,DF432B,Q4,0.0
HP4Y_PC_LAPTOP,4Y0L2EC,Q4,0.0
DELL8Z_PC_LAPTOP,8Z7V0QB,Q4,0.0
DELL7Q_PC_MONITOR,7QB61B5,Q4,0.0
DELLB1_PC_LAPTOP,B11QRQB,Q4,0.0
DELL4Z_SUP_INK,4ZN81BB,Q4,0.0
HP8F_PC_DESKTOP,8F4C5PA,Q4,0.0
DELL5A_PH_LJ,5AC06B,Q4,0.0
HPC2_SUP_INK,C2P06AA,Q4,0.0
DELL8Z_PC_LAPTOP,8Z7V2QB,Q4,0.0
HP9R_PC_LAPTOP,9R291PA,Q4,0.0
DELL9V_PC_LAPTOP,9V7Y9QB,Q4,0.0
DELL9V_PC_LAPTOP,9V7Z9QB,Q4,0.0
HPZ9_SUP_TON,Z9M01A,Q4,0.0
DELL69_PH_IJ,699M4E,Q4,0.0
DELL9M_PC_LAPTOP,9M256QB,Q4,0.0
HP7N_PC_LAPTOP,7N760PA,Q4,0.0
DELLX2_SUP_TON,X2214B,Q4,0.0
HP7Q_PC_LAPTOP,7Q6Z2PA,Q4,0.0
DELL4X_SUP_INK,4XY24B,Q4,0.0
HP6L_PC_LAPTOP,6L0K9PA,Q4,0.0
HPP2_SUP_INK,P2V25A,Q4,0.0
HPZ7_SUP_TON,Z7Y73A,Q4,0.0
HP8F_PC_LAPTOP,8F8Z3PA,Q4,35909.85
DELL9G_PC_LAPTOP,9G7L2QB,Q4,0.0
HP67_SUP_INK,676M6A,Q4,0.0
HP1F_PH_IJ,1F3Y4A,Q4,0.0
HPCF_SUP_TON,CF359A,Q4,0.0
HPZ9_SUP_TON,Z9M02A,Q4,0.0
DELLDO_SUP_INK,DO703BB,Q4,0.0
DELL7K_PC_DESKTOP,7K1Q6QB,Q4,0.0
HPM0_SUP_INK,M0H50AA,Q4,0.0
HPL0_SUP_INK,L0S57AA,Q4,0.0
HP3W_SUP_INK,3WX08A,Q4,0.0
DELL9I_PC_LAPTOP,9I549QB,Q4,0.0
DELL4X_SUP_INK,4XY26B,Q4,0.0
HP8F_PC_LAPTOP,8F6D3PA,Q4,0.0
DELLD3_SUP_INK,D3Q18BB,Q4,0.0
HP63_PC_DESKTOP,635X7PA,Q4,0.0
HPW1_SUP_TON,W1580X,Q4,0.0
HP77_PC_LAPTOP,77S54PA,Q4,11614.35
DELL0E_PC_LAPTOP,0E4N8QB,Q4,0.0
DELL4K_SUP_INK,4KB93BB,Q4,0.0
DELLX2_SUP_TON,X2231B,Q4,0.0
HPB3_SUP_INK,B3P21A,Q4,1373.6
DELL78_PC_DESKTOP,78X20QB,Q4,0.0
HPCF_SUP_TON,CF364A,Q4,0.0
