sku,PL
0X749QB,DELL0X_PC_Laptop
75X62BB,DELL75_PC_Monitor
DF627B,DELLDF_SUP_TON
4ZB96A,HP4Z_PH_LJ
0R0N0QB,DELL0R_PC_Laptop
7LE37B,DELL7L_PH_IJ
89Z55QB,DELL89_PC_Desktop
8C4R9PA,HP8C_PC_Laptop
G0L15B,DELLG0_SUP_INK
DF853B,DELLDF_SUP_TON
CN045AA,HPCN_SUP_INK
C2P23AA,HPC2_SUP_INK
C2P21AA,HPC2_SUP_INK
4FE79B,DELL4F_SUP_INK
DG460B,DELLDG_SUP_TON
8F6C9PA,HP8F_PC_Laptop
4K0V9PA,HP4K_SUP_INK
8F8Z8PA,HP8F_PC_Laptop
L0R91AA,HPL0_SUP_UNK
T8W15A,HPT8_PH_IJ
7N6V0PA,HP7N_PC_Desktop
7W475PA,HP7W_PC_Laptop
889G9PA,HP88_PC_Desktop
9E3Q6PA,HP9E_PC_Laptop
3ED28A,HP3E_SUP_INK
8L147PA,HP8L_PC_Laptop
6SE77BB,DELL6S_PC_Monitor
9D3N8PA,HP9D_PC_Laptop
4ZQ28BB,DELL4Z_SUP_INK
4ZN88BB,DELL4Z_SUP_INK
7M9Q1FD,DELL7M_PC_Laptop
DG514Y,DELLDG_SUP_TON
DE083BB,DELLDE_SUP_INK
4KB89BB,DELL4K_SUP_INK
7Y4R5QB,DELL7Y_PC_Desktop
8H5D4PA,HP8H_PC_Laptop
A8Z92B,DELLA8_SUP_TON
W1370X,HPW1_SUP_TON
0F4K7QB,DELL0F_PC_Laptop
9D3N3PA,HP9D_PC_Laptop
9M271QB,DELL9M_PC_Laptop
64W41AA,HP64_PC_Monitor
7I2Y3QB,DELL7I_PC_Desktop
DG321Y,DELLDG_SUP_TON
4XY11B,DELL4X_SUP_INK
CZ124AA,HPCZ_SUP_INK
C4Q17B,DELLC4_SUP_INK
4XY20B,DELL4X_SUP_INK
6D8G9A6,HP6D_PC_Monitor
9M266QB,DELL9M_PC_Laptop
CF210A,HPCF_SUP_TON
676M8A,HP67_SUP_INK
DO745B,DELLDO_SUP_INK
7Y4T6QB,DELL7Y_PC_Desktop
588J8B,HP58_PH_IJ
CE980A,HPCE_SUP_TON
DE086BB,DELLDE_SUP_INK
4ZN31BB,DELL4Z_SUP_INK
9J6K8PA,HP9J_PC_Laptop
4ZN28BB,DELL4Z_SUP_INK
4K0V8PA,HP4K_SUP_INK
78W61QB,DELL78_PC_Laptop
4ZQ04BB,DELL4Z_SUP_INK
X2631B,DELLX2_SUP_TON
9A8X6QB,DELL9A_PC_Laptop
385Z7PA,HP38_PC_Desktop
W1520X,HPW1_SUP_TON
A8Z89B,DELLA8_SUP_TON
R6050B,DELLR6_SUP_TON
9G5D0QB,DELL9G_PC_Desktop
C9404A,HPC9_SUP_INK
DG324B,DELLDG_SUP_TON
7WQ06B,HP7W_PH_IJ
6X3W3PA,HP6X_PC_Desktop
CN628AA,HPCN_SUP_INK
T6M05AA,HPT6_SUP_INK
8L778QB,DELL8L_PC_Desktop
4ZN82BB,DELL4Z_SUP_INK
P2V69A,HPP2_SUP_INK
954E3QB,DELL95_PC_Desktop
3F3Z4B7,DELL3F_PC_Monitor
3JA85AA,HP3J_SUP_INK
4ZB95A,HP4Z_PH_LJ
7J4Y1PA,HP7J_PC_Desktop
CD951A,HPCD_SUP_INK
X2B35B,DELLX2_PH_LJ
6GX04A,HP6G_PH_LJ
4XY25B,DELL4X_SUP_INK
60K34B,HP60_PH_IJ
4XY19B,DELL4X_SUP_INK
8L6X3QB,DELL8L_PC_Desktop
N1I66BB,DELLN1_SUP_INK
0R073QB,DELL0R_PC_Laptop
804L1PA,HP80_PC_Laptop
7AE72BB,DELL7A_SUP_UNK
DD499Y,DELLDD_SUP_TON
2Z615A,HP2Z_PH_LJ
6L8P0EC,HP6L_PC_Laptop
7O141QB,DELL7O_PC_Laptop
X3422B,DELLX3_SUP_TON
X2691Y,DELLX2_SUP_TON
4ZN26BB,DELL4Z_SUP_INK
DF431B,DELLDF_SUP_TON
4XY46B,DELL4X_SUP_INK
821J4PA,HP82_PC_Laptop
B14DOQB,DELLB1_PC_Laptop
W2043A,HPW2_SUP_TON
C4Q32B,DELLC4_SUP_INK
03V96QB,DELL03_PC_Laptop
8L8P4PA,HP8L_PC_Laptop
9G7D0QB,DELL9G_PC_Laptop
509O6B,DELL50_SUP_INK
92U76PA,HP92_PC_Laptop
84H53PA,HP84_PC_Desktop
M1T65BB,DELLM1_SUP_INK
31H19B,DELL31_PH_SJ
8Y989PA,HP8Y_PC_Laptop
78Y44PA,HP78_PC_Desktop
8R7A8QB,DELL8R_PC_Laptop
7WN44D,HP7W_PH_IJ
3WX14A,HP3W_SUP_INK
M0H55AA,HPM0_SUP_INK
7P2C5PA,HP7P_PC_Desktop
3YM77AA,HP3Y_SUP_INK
DI759B,DELLDI_SUP_INK
CB541A,HPCB_SUP_TON
8Z7W5PA,HP8Z_PC_Laptop
CF362A,HPCF_SUP_TON
715A3A,HP71_PH_LJ
3YM72AA,HP3Y_SUP_INK
8L120PA,HP8L_PC_Laptop
CZ186A,HPCZ_PH_LJ
51645AA,HP51_SUP_INK
P2V63A,HPP2_SUP_INK
8X1T8PA,HP8X_PC_Laptop
B3P20A,HPB3_SUP_INK
7Y6U9PA,HP7Y_PC_Laptop
3ED69A,HP3E_SUP_INK
9G7K9QB,DELL9G_PC_Laptop
DO737BB,DELLDO_SUP_INK
CF500A,HPCF_SUP_TON
9T8L0PA,HP9T_PC_Desktop
CC643ZZ,HPCC_SUP_INK
9D5S9QB,DELL9D_PC_Laptop
9G9A2QB,DELL9G_PC_Laptop
6X3Q4PA,HP6X_PC_Desktop
3ED29A,HP3E_SUP_INK
DG491B,DELLDG_SUP_TON
64Q52B,DELL64_PH_LJ
C2P04AA,HPC2_SUP_INK
D0483B,DELLD0_SUP_INK
8C4R7PA,HP8C_PC_Laptop
404L7C,HP40_PH_IJ
893O2QB,DELL89_PC_Desktop
A45Y7PA,HPA4_PC_Laptop
F9K04A,HPF9_SUP_INK
6II78B,DELL6I_PH_LJ
CH564ZZ,HPCH_SUP_INK
952X8QB,DELL95_PC_Laptop
Q3W36B,DELLQ3_SUP_INK
8K3N4QB,DELL8K_PC_Desktop
CN627AA,HPCN_SUP_INK
1VV21AA,HP1V_SUP_INK
CF257A,HPCF_SUP_TON
DG621B,DELLDG_SUP_TON
DO157BB,DELLDO_SUP_INK
DF396B,DELLDF_SUP_TON
8L160PA,HP8L_PC_Laptop
X2571Y,DELLX2_SUP_TON
7Y0T1QB,DELL7Y_PC_Desktop
0E4Q2QB,DELL0E_PC_Laptop
DG475B,DELLDG_SUP_TON
3YM20AA,HP3Y_SUP_INK
CE516A,HPCE_SUP_TON
W1470A,HPW1_SUP_TON
6G675PA,HP6G_PC_Desktop
C2P20AA,HPC2_SUP_INK
R3723BG,DELLR3_SUP_TON
0Z1Z7QB,DELL0Z_PC_Laptop
CC388A,HPCC_SUP_TON
CF412A,HPCF_SUP_TON
6X4B9PA,HP6X_PC_Desktop
CF287A,HPCF_SUP_TON
54R58B,HP54_PH_IJ
CF211A,HPCF_SUP_TON
0F4L5QB,DELL0F_PC_Laptop
B14DLQB,DELLB1_PC_Laptop
9G5A6QB,DELL9G_PC_Laptop
7Y4X5QB,DELL7Y_PC_Desktop
3A726B,DELL3A_PH_LJ
3YM22AA,HP3Y_SUP_INK
4ZN32BB,DELL4Z_SUP_INK
F9J67A,HPF9_SUP_INK
8F6J8PA,HP8F_PC_Laptop
3ED50A,HP3E_SUP_INK
Q3W74B,DELLQ3_SUP_INK
8H9G6PA,HP8H_PC_Laptop
X4A83B,DELLX4_PH_IJ
3YM71AA,HP3Y_SUP_INK
W2310A,HPW2_SUP_TON
381V6A,HP38_PH_LJ
780A5PA,HP78_PC_Desktop
CF403X,HPCF_SUP_TON
B11QNQB,DELLB1_PC_Laptop
50M63PA,HP50_PC_Laptop
9Q932PA,HP9Q_PC_Desktop
7GX17B,DELL7G_PH_SJ
5HB08A,HP5H_PH_IJ
787N7B,DELL78_SUP_INK
0X7V9QB,DELL0X_PC_Laptop
DG342B,DELLDG_SUP_TON
CD973AA,HPCD_SUP_INK
A03CHPA,HPA0_PC_Laptop
76Q68B7,DELL76_PC_Monitor
CE741A,HPCE_SUP_TON
5RD66AA,HP5R_PC_Monitor
DG613B,DELLDG_SUP_TON
X2581B,DELLX2_SUP_TON
81M38AA,HP81_PC_Laptop
W2041A,HPW2_SUP_TON
92C20QB,DELL92_PC_Laptop
CZ637AA,HPCZ_SUP_INK
8C527PA,HP8C_PC_Laptop
4K5D5PA,HP4K_PC_Laptop
8H7I2QB,DELL8H_PC_Laptop
7AE30BB,DELL7A_SUP_INK
4FE61B,DELL4F_SUP_INK
4FE62B,DELL4F_SUP_INK
X3101B,DELLX3_SUP_TON
3Z0I1B,DELL3Z_PH_IJ
9Y0Z1PA,HP9Y_PC_Laptop
094O7QB,DELL09_PC_Desktop
2Z614A,HP2Z_PH_LJ
D3Q34BB,DELLD3_SUP_INK
8K5Z2QB,DELL8K_PC_Desktop
K4N82B,DELLK4_SUP_UNK
4S6X8PA,HP4S_SUP_INK
W2303A,HPW2_SUP_TON
CE322A,HPCE_SUP_TON
4XY41B,DELL4X_SUP_INK
G0L12B,DELLG0_SUP_INK
935M7QB,DELL93_PC_Laptop
DF389B,DELLDF_SUP_TON
A8Z01B,DELLA8_SUP_TON
DO164BB,DELLDO_SUP_INK
8O860QB,DELL8O_PC_Laptop
D3Q37BB,DELLD3_SUP_INK
588L3D,HP58_PH_IJ
8L164PA,HP8L_PC_Laptop
DO741B,DELLDO_SUP_INK
6ZD32AA,HP6Z_SUP_INK
CF401A,HPCF_SUP_TON
A03CNPA,HPA0_PC_Laptop
X3222B,DELLX3_SUP_TON
6J0P5PA,HP6J_PC_Desktop
832Q8PA,HP83_PC_Laptop
2Y9H0A,HP2Y_PH_IJ
66A37QB,DELL66_PC_Desktop
780A2PA,HP78_PC_Desktop
891K6BB,DELL89_PC_Monitor
DF626B,DELLDF_SUP_TON
7Y0N4QB,DELL7Y_PC_Desktop
787N8B,DELL78_SUP_INK
3G636A,HP3G_PH_LJ
54R50B,HP54_PH_IJ
9M250QB,DELL9M_PC_Laptop
3WX20A,HP3W_SUP_INK
P2V68A,HPP2_SUP_INK
DG464B,DELLDG_SUP_TON
Z7Y69A,HPZ7_SUP_TON
C9458A,HPC9_SUP_INK
DO747B,DELLDO_SUP_INK
0Z1A2QB,DELL0Z_PC_Laptop
75W92BB,DELL75_PC_Monitor
8L1M0QB,DELL8L_PC_Laptop
N1I67BB,DELLN1_SUP_INK
2Y9H2A,HP2Y_PH_IJ
DO156BB,DELLDO_SUP_INK
W1A24A,HPW1_PH_LJ
B2OX4QB,DELLB2_PC_Laptop
N1I61BB,DELLN1_SUP_INK
55Z26PA,HP55_PC_Desktop
0F4K5QB,DELL0F_PC_Laptop
98H12QB,DELL98_PC_Desktop
4XY37B,DELL4X_SUP_INK
CH565A,HPCH_SUP_INK
5T7Y7QB,DELL5T_SUP_INK
8F4Z5PA,HP8F_PC_Laptop
5HH48A,HP5H_PH_LJ
J3M68A,HPJ3_SUP_UNK
DG513B,DELLDG_SUP_TON
990H0QB,DELL99_PC_Desktop
Z7Y83A,HPZ7_SUP_TON
054T2QB,DELL05_PC_Laptop
Q3W38B,DELLQ3_SUP_INK
81T80PA,HP81_PC_Desktop
D3Q17BB,DELLD3_SUP_INK
9Z0E5QB,DELL9Z_PC_Desktop
Z7Y76A,HPZ7_SUP_TON
3ED67A,HP3E_SUP_INK
CF289A,HPCF_SUP_TON
CF501A,HPCF_SUP_TON
87B57PA,HP87_PC_Laptop
8LX75B,DELL8L_PH_LJ
7G6H1PA,HP7G_PC_Laptop
932K5QB,DELL93_PC_Laptop
DF512B,DELLDF_SUP_TON
8G148PA,HP8G_PC_Laptop
64X66AA,HP64_PC_Monitor
8Z7V4QB,DELL8Z_PC_Laptop
C2P07AA,HPC2_SUP_INK
A8Z84B,DELLA8_SUP_TON
6N4E8AA,HP6N_PC_Monitor
8U1H3PA,HP8U_PC_Laptop
4XY12B,DELL4X_SUP_INK
3WX01A,HP3W_SUP_INK
6X9Q0PA,HP6X_PC_Desktop
7Y6T9PA,HP7Y_PC_Laptop
0Y6K4QB,DELL0Y_PC_Laptop
U7N24BB,DELLU7_SUP_INK
G7W38BB,DELLG7_SUP_INK
9D3N5PA,HP9D_PC_Laptop
CF513A,HPCF_SUP_TON
4FE89B,DELL4F_SUP_INK
3A744B,DELL3A_PH_LJ
893N1QB,DELL89_PC_Desktop
0U9M1QB,DELL0U_PC_Desktop
A8Z81B,DELLA8_SUP_TON
X3153B,DELLX3_SUP_TON
U7N16BB,DELLU7_SUP_INK
4ZN27BB,DELL4Z_SUP_INK
6IC19B,DELL6I_PH_IJ
7M659PA,HP7M_PC_Laptop
CD972AA,HPCD_SUP_INK
46D70PA,HP46_PC_Laptop
A8Z02B,DELLA8_SUP_TON
03A32QB,DELL03_PC_Desktop
Q3W81B,DELLQ3_SUP_INK
C2P19AA,HPC2_SUP_INK
DD499BE,DELLDD_SUP_TON
9U2C4PA,HP9U_PC_Laptop
7PS84A,HP7P_PH_LJ
M1S05BB,DELLM1_SUP_UNK
7M656PA,HP7M_PC_Laptop
D0495B,DELLD0_SUP_INK
4XY31B,DELL4X_SUP_INK
7L035PA,HP7L_PC_Laptop
7K2P3PA,HP7K_PC_Desktop
G0K88B,DELLG0_SUP_INK
C9351AA,HPC9_SUP_INK
0E4Q1QB,DELL0E_PC_Laptop
U9X27B,DELLU9_PH_IJ
9M233QB,DELL9M_PC_Laptop
CF502A,HPCF_SUP_TON
8L149PA,HP8L_PC_Laptop
648Q6D,DELL64_PH_IJ
6UU48A,HP6U_PH_IJ
7K3Z3PA,HP7K_PC_Desktop
0V3D5QB,DELL0V_PC_Laptop
U7N28BB,DELLU7_SUP_INK
DG320B,DELLDG_SUP_TON
A8Z87B,DELLA8_SUP_TON
2E2Y3A6,HP2E_PC_Monitor
44V84PA,HP44_PC_Desktop
M4V54B,DELLM4_PH_IJ
Q3W73B,DELLQ3_SUP_INK
DD751AA,DELLDD_SUP_INK
D0517B,DELLD0_SUP_INK
840G6PA,HP84_PC_Laptop
L0S66AA,HPL0_SUP_INK
7GX10B,DELL7G_PH_SJ
DG368B,DELLDG_SUP_TON
L0S06AA,HPL0_SUP_UNK
9X5J3PA,HP9X_PC_Laptop
W1660A,HPW1_SUP_TON
2C0Y3BB,DELL2C_PC_Monitor
8F6D5PA,HP8F_PC_Laptop
CD975AA,HPCD_SUP_INK
A1QV2PA,HPA1_PC_Laptop
X3221B,DELLX3_SUP_TON
492V1B,DELL49_PH_LJ
3YM16AA,HP3Y_SUP_INK
W2090A,HPW2_SUP_TON
8XO55E,DELL8X_PH_IJ
W1103AD,HPW1_SUP_TON
A8Z70B,DELLA8_SUP_TON
CF511A,HPCF_SUP_TON
A0N16B,DELLA0_SUP_TON
CF350A,HPCF_SUP_TON
7Q6Y9PA,HP7Q_PC_Laptop
9T8K8PA,HP9T_PC_Laptop
CZ132A,HPCZ_SUP_INK
W2312A,HPW2_SUP_TON
CZ122AA,HPCZ_SUP_INK
509O7B,DELL50_SUP_INK
4KB91BB,DELL4K_SUP_INK
CE742A,HPCE_SUP_TON
A8Z79B,DELLA8_SUP_TON
F6V27AA,HPF6_SUP_INK
4RA89A,HP4R_PH_LJ
DO166BB,DELLDO_SUP_INK
F9K17A,HPF9_SUP_INK
CF360A,HPCF_SUP_TON
689U2PA,HP68_PC_Laptop
DF511B,DELLDF_SUP_TON
676M7A,HP67_SUP_INK
6TF37C,DELL6T_PH_IJ
CE410A,HPCE_SUP_TON
W1370A,HPW1_SUP_TON
8F8Z1PA,HP8F_PC_Laptop
945V6QB,DELL94_PC_Laptop
A05H9PA,HPA0_PC_Desktop
9E3J4PA,HP9E_PC_Laptop
3XB78A,HP3X_PH_IJ
7L8V3QB,DELL7L_PC_Laptop
9D5S8QB,DELL9D_PC_Laptop
79U84PA,HP79_PC_Desktop
3JA80AA,HP3J_SUP_INK
CZ108AA,HPCZ_SUP_INK
C9383A,HPC9_SUP_INK
8L2H4QB,DELL8L_PC_Desktop
X3423B,DELLX3_SUP_TON
A8Z99B,DELLA8_SUP_TON
3WX42A,HP3W_SUP_INK
31H17B,DELL31_PH_SJ
3JA81AA,HP3J_SUP_INK
B14DKQB,DELLB1_PC_Laptop
4XY17B,DELL4X_SUP_INK
24M93BB,DELL24_PC_Monitor
8Z7V9QB,DELL8Z_PC_Laptop
7L0D7QB,DELL7L_PC_Laptop
72K10PA,HP72_PC_Laptop
9D3P0PA,HP9D_PC_Laptop
790V3QB,DELL79_PC_Laptop
CF361A,HPCF_SUP_TON
9M277QB,DELL9M_PC_Laptop
DO739BB,DELLDO_SUP_INK
983N6PA,HP98_PC_Desktop
M1T83BB,DELLM1_SUP_INK
189T0AA,HP18_PC_Monitor
CF280A,HPCF_SUP_TON
R3723B,DELLR3_SUP_TON
A9X63B,DELLA9_SUP_TON
805X2PA,HP80_PC_Laptop
CZ174A,HPCZ_PH_LJ
W2112A,HPW2_SUP_TON
0E4O8QB,DELL0E_PC_Laptop
7WN46D,HP7W_PH_IJ
0E4O4QB,DELL0E_PC_Laptop
9G7L3QB,DELL9G_PC_Laptop
4ZN20BB,DELL4Z_SUP_INK
9E3K8PA,HP9E_PC_Laptop
DC651B,DELLDC_SUP_TON
W2301A,HPW2_SUP_TON
6FW07A,HP6F_PH_SJ
G0L14B,DELLG0_SUP_INK
A00PMPA,HPA0_PC_Laptop
4XY53B,DELL4X_SUP_INK
DG322B,DELLDG_SUP_TON
W1120A,HPW1_SUP_TON
Z7Y79A,HPZ7_SUP_TON
5L1W9QB,DELL5L_SUP_INK
9M218QB,DELL9M_PC_Desktop
3WX30A,HP3W_SUP_INK
DA243B,DELLDA_SUP_INK
9W638PA,HP9W_PC_Laptop
3JA83AA,HP3J_SUP_INK
3ED77A,HP3E_SUP_INK
U7M08BB,DELLU7_SUP_INK
CF228A,HPCF_SUP_TON
CE401A,HPCE_SUP_TON
L0S23AA,HPL0_SUP_INK
4KC17BB,DELL4K_SUP_INK
7K661PA,HP7K_PC_Desktop
509O8B,DELL50_SUP_INK
356D6AA,HP35_PC_Monitor
F9K06A,HPF9_SUP_INK
5L1W7QB,DELL5L_SUP_INK
7J9W4PA,HP7J_PC_Desktop
G0K76B,DELLG0_SUP_INK
W1112A,HPW1_SUP_TON
8AF52A,HP8A_PH_LJ
8L129PA,HP8L_PC_Desktop
DG469B,DELLDG_SUP_TON
D3Q15BB,DELLD3_SUP_INK
4XY32B,DELL4X_SUP_INK
CF363A,HPCF_SUP_TON
CN630A,HPCN_SUP_INK
5HB06A,HP5H_PH_IJ
62756BB,DELL62_SUP_INK
8M488QB,DELL8M_PC_Laptop
DI756B,DELLDI_SUP_INK
0U9L7QB,DELL0U_PC_Laptop
8R7A9QB,DELL8R_PC_Laptop
CH646A,HPCH_SUP_INK
N1I65BB,DELLN1_SUP_INK
4FE50B,DELL4F_SUP_INK
977P0PA,HP97_PC_Desktop
M0H56AA,HPM0_SUP_INK
945U0QB,DELL94_PC_Laptop
DG452B,DELLDG_SUP_TON
9U867PA,HP9U_PC_Laptop
6N4E2AA,HP6N_PC_Monitor
7J1S5PA,HP7J_PC_Desktop
3JB06AA,HP3J_SUP_INK
4F8S0QB,DELL4F_PC_Desktop
7N759PA,HP7N_PC_Laptop
DG473B,DELLDG_SUP_TON
CF353A,HPCF_SUP_TON
M1T62BB,DELLM1_SUP_INK
3YM21AA,HP3Y_SUP_INK
824L6PA,HP82_PC_Laptop
492W7B,DELL49_PH_LJ
4KB96BB,DELL4K_SUP_INK
7S4P3PA,HP7S_PC_Laptop
83L21QB,DELL83_PC_Laptop
5L6E6QB,DELL5L_PC_Laptop
6FW09A,HP6F_PH_SJ
X4E79AA,HPX4_SUP_INK
9G7E6QB,DELL9G_PC_Laptop
951U8QB,DELL95_PC_Laptop
A8Z93B,DELLA8_SUP_TON
7L0D4QB,DELL7L_PC_Laptop
0D0F2QB,DELL0D_PC_Laptop
DO738BB,DELLDO_SUP_INK
P2V64A,HPP2_SUP_INK
4S6X6PA,HP4S_SUP_INK
4KB92BB,DELL4K_SUP_INK
3F3Z5B7,DELL3F_PC_Monitor
7K0L9PA,HP7K_PC_Laptop
X2691B,DELLX2_SUP_TON
381U0A,HP38_PH_LJ
G0B39F,DELLG0_PH_IJ
F9J78A,HPF9_SUP_INK
0V978QB,DELL0V_PC_Laptop
9K1T6QB,DELL9K_PC_Laptop
DA232BB,DELLDA_SUP_INK
CN055AA,HPCN_SUP_INK
D0462BB,DELLD0_SUP_INK
20G07A,HP20_PH_SJ
9VJ40AA,HP9V_PC_Monitor
8D667PA,HP8D_PC_Laptop
00U01QB,DELL00_PC_Laptop
2W953PA,HP2W_PC_Desktop
Q2612X,HPQ2_SUP_TON
DG612B,DELLDG_SUP_TON
9V2I4QB,DELL9V_PC_Laptop
CF400A,HPCF_SUP_TON
9E3K5PA,HP9E_PC_Laptop
0F4L0QB,DELL0F_PC_Laptop
9H259QB,DELL9H_PC_Laptop
8F6C8PA,HP8F_PC_Laptop
B3P19A,HPB3_SUP_INK
7K5W2PA,HP7K_PC_Desktop
CE400A,HPCE_SUP_TON
7L0D6QB,DELL7L_PC_Laptop
4J0N0PA,HP4J_PC_Laptop
Z7Y81A,HPZ7_SUP_TON
DG348B,DELLDG_SUP_TON
34Y23AA,HP34_PC_Monitor
DO159BB,DELLDO_SUP_INK
U7M90BB,DELLU7_SUP_INK
6FW10A,HP6F_PH_SJ
3I1O2BB,DELL3I_PC_Monitor
5T7Y8QB,DELL5T_SUP_INK
DG611B,DELLDG_SUP_TON
0WK51BB,DELL0W_PC_Monitor
2Z632A,HP2Z_PH_LJ
8F4C2PA,HP8F_PC_Desktop
92U85PA,HP92_PC_Laptop
W1104A,HPW1_SUP_TON
9G9A4QB,DELL9G_PC_Laptop
9E778QB,DELL9E_PC_Laptop
F6V26AA,HPF6_SUP_INK
F9J66A,HPF9_SUP_INK
5HH67A,HP5H_PH_LJ
DG390Y,DELLDG_SUP_TON
DF423B,DELLDF_SUP_TON
951H7QB,DELL95_PC_Laptop
DG513Y,DELLDG_SUP_TON
84J08PA,HP84_PC_Desktop
6L0L1PA,HP6L_PC_Laptop
DG523B,DELLDG_SUP_TON
A46C9PA,HPA4_PC_Laptop
4FE70B,DELL4F_SUP_INK
F6V23AA,HPF6_SUP_INK
8Q3D6QB,DELL8Q_PC_Desktop
Z7Y82A,HPZ7_SUP_TON
7W474PA,HP7W_PC_Laptop
G0L17B,DELLG0_SUP_INK
CF210X,HPCF_SUP_TON
DI674AA,DELLDI_SUP_INK
0R043QB,DELL0R_PC_Desktop
9Y2V1QB,DELL9Y_PC_Laptop
99T90PA,HP99_PC_Laptop
9G9A1QB,DELL9G_PC_Laptop
841W6PA,HP84_PC_Laptop
9I0H7QB,DELL9I_PC_Laptop
DF422B,DELLDF_SUP_TON
943R9QB,DELL94_PC_Laptop
6K9C6PA,HP6K_PC_Laptop
5B9E0B,DELL5B_PH_IJ
6J2T8PA,HP6J_PC_Laptop
DG511Y,DELLDG_SUP_TON
0U9L8QB,DELL0U_PC_Laptop
8L3Q4QB,DELL8L_PC_Desktop
DG614B,DELLDG_SUP_TON
Z8W52A,HPZ8_SUP_TON
7S4N7PA,HP7S_PC_Laptop
3XB77A,HP3X_PH_IJ
Q3W94B,DELLQ3_SUP_INK
5K1O1QB,DELL5K_PC_Laptop
8F6C4PA,HP8F_PC_Laptop
DO165BB,DELLDO_SUP_INK
840T7PA,HP84_PC_Laptop
CH562ZZ,HPCH_SUP_INK
A45Y5PA,HPA4_PC_Laptop
6FW08A,HP6F_PH_SJ
0F4R7QB,DELL0F_PC_Laptop
DO167BB,DELLDO_SUP_INK
8L4A4QB,DELL8L_PC_Desktop
3JA84AA,HP3J_SUP_INK
9D3M7PA,HP9D_PC_Laptop
7O5F9BB,DELL7O_PC_Monitor
DF851B,DELLDF_SUP_TON
81B19PA,HP81_PC_Laptop
95R98PA,HP95_PC_Laptop
8N765QB,DELL8N_PC_Laptop
T8W18A,HPT8_PH_IJ
2RM82A,HP2R_PH_IJ
G7W31BB,DELLG7_SUP_INK
R3723Y,DELLR3_SUP_TON
8O7W1QB,DELL8O_PC_Desktop
DA297B,DELLDA_PH_LJ
B57D0QB,DELLB5_PC_Laptop
CN046AA,HPCN_SUP_INK
M1T17BB,DELLM1_SUP_UNK
DG471Y,DELLDG_SUP_TON
9G9A9QB,DELL9G_PC_Laptop
CD974AA,HPCD_SUP_INK
L0R88AA,HPL0_SUP_UNK
4K0V6PA,HP4K_SUP_INK
CF402A,HPCF_SUP_TON
8L145PA,HP8L_PC_Laptop
7O7F0BB,DELL7O_PC_Monitor
CF358A,HPCF_SUP_TON
A1NW3PA,HPA1_PC_Laptop
D2R21B,DELLD2_SUP_INK
9T8K7PA,HP9T_PC_Laptop
9D3N6PA,HP9D_PC_Laptop
D3Q20BB,DELLD3_SUP_INK
N1I62BB,DELLN1_SUP_INK
D3Q33BB,DELLD3_SUP_INK
891B3QB,DELL89_PC_Desktop
Z7Y78A,HPZ7_SUP_TON
L0S69AA,HPL0_SUP_INK
39D23B,DELL39_PH_IJ
7X9K0PA,HP7X_PC_Desktop
7J035AA,HP7J_PC_Laptop
CZ131A,HPCZ_SUP_INK
8C4R8PA,HP8C_PC_Laptop
CC388AD,HPCC_SUP_TON
821M3PA,HP82_PC_Laptop
F9K01A,HPF9_SUP_INK
M0H54AA,HPM0_SUP_INK
X3224B,DELLX3_SUP_TON
DA233BB,DELLDA_SUP_INK
CB542A,HPCB_SUP_TON
06T70QB,DELL06_PC_Laptop
51A43BB,DELL51_PC_Monitor
5T7Y9QB,DELL5T_SUP_INK
3ED45A,HP3E_SUP_INK
DE084BB,DELLDE_SUP_INK
B11QQQB,DELLB1_PC_Laptop
7PS82A,HP7P_PH_LJ
X3221Y,DELLX3_SUP_TON
CF233A,HPCF_SUP_TON
8Y9D4PA,HP8Y_PC_Desktop
CE278AF,HPCE_SUP_TON
3A725B,DELL3A_PH_LJ
CN693AA,HPCN_SUP_INK
DA246B,DELLDA_SUP_INK
4FE56B,DELL4F_SUP_INK
826B5B,DELL82_PH_LJ
7GX21B,DELL7G_PH_SJ
20G05A,HP20_PH_SJ
8Z7V3QB,DELL8Z_PC_Laptop
9E3J6PA,HP9E_PC_Laptop
7L0K3QB,DELL7L_PC_Laptop
6D6N5QB,DELL6D_PC_Laptop
DC654B,DELLDC_SUP_TON
0E4O7QB,DELL0E_PC_Laptop
CF256X,HPCF_SUP_TON
CN634A,HPCN_SUP_INK
9G5D3QB,DELL9G_PC_Desktop
CF401X,HPCF_SUP_TON
270M1BB,DELL27_PC_Monitor
8K285QB,DELL8K_PC_Desktop
G0K77B,DELLG0_SUP_INK
CF234A,HPCF_SUP_TON
X3151B,DELLX3_SUP_TON
7M1M1QB,DELL7M_PC_Laptop
W2042A,HPW2_SUP_TON
8O010BU,DELL8O_PC_Monitor
CE255A,HPCE_SUP_TON
CC388X,HPCC_SUP_TON
76Q60B7,DELL76_PC_Monitor
7HY17B,DELL7H_PH_LJ
W2110A,HPW2_SUP_TON
DO704BB,DELLDO_SUP_INK
CF289X,HPCF_SUP_TON
X2481B,DELLX2_SUP_TON
826B4B,DELL82_PH_LJ
826B6B,DELL82_PH_LJ
Z9M05A,HPZ9_SUP_TON
4KB94BB,DELL4K_SUP_INK
0F4L6QB,DELL0F_PC_Laptop
780J5AA,HP78_PC_Monitor
CF400X,HPCF_SUP_TON
9M9Q6QB,DELL9M_PC_Laptop
CN626AA,HPCN_SUP_INK
M1T77BB,DELLM1_SUP_INK
DO746B,DELLDO_SUP_INK
7L033PA,HP7L_PC_Laptop
DG390B,DELLDG_SUP_TON
5SB90B,DELL5S_PH_LJ
X3413B,DELLX3_SUP_TON
6GW64A,HP6G_PH_LJ
9Q9M9PA,HP9Q_PC_Laptop
A0N13B,DELLA0_SUP_TON
50M62PA,HP50_PC_Laptop
932Q1QB,DELL93_PC_Laptop
G7W34BB,DELLG7_SUP_INK
6PA50A4,HP6P_PC_Monitor
3WX26A,HP3W_SUP_INK
DG341B,DELLDG_SUP_TON
W2111X,HPW2_SUP_TON
D0463BB,DELLD0_SUP_INK
8F8Y9PA,HP8F_PC_Laptop
81B47PA,HP81_PC_Laptop
8L168PA,HP8L_PC_Laptop
20G06A,HP20_PH_SJ
8L122PA,HP8L_PC_Laptop
DG472B,DELLDG_SUP_TON
Z7Y70A,HPZ7_SUP_TON
DF421BE,DELLDF_SUP_TON
4FE39B,DELL4F_SUP_INK
9D638QB,DELL9D_PC_Laptop
635A4PA,HP63_PC_Desktop
8K8J1PA,HP8K_PC_Laptop
W2110X,HPW2_SUP_TON
8U6X8PA,HP8U_PC_Laptop
91R01PA,HP91_PC_Laptop
CN056AA,HPCN_SUP_INK
DG462B,DELLDG_SUP_TON
DG522B,DELLDG_SUP_TON
6IC21B,DELL6I_PH_IJ
0Y4M7QB,DELL0Y_PC_Laptop
4FL24B,DELL4F_PH_IJ
DA234BB,DELLDA_SUP_INK
381U4A,HP38_PH_LJ
CE743A,HPCE_SUP_TON
9M279QB,DELL9M_PC_Laptop
DG367B,DELLDG_SUP_TON
8O871QB,DELL8O_PC_Laptop
DG461B,DELLDG_SUP_TON
DG329B,DELLDG_SUP_TON
C4Q31B,DELLC4_SUP_INK
DA286B,DELLDA_PH_LJ
Q3W70B,DELLQ3_SUP_INK
W2311A,HPW2_SUP_TON
DF521B,DELLDF_SUP_TON
DG623B,DELLDG_SUP_TON
DG392B,DELLDG_SUP_TON
8J0S5PA,HP8J_PC_Laptop
45Z34BB,DELL45_PC_Monitor
8L760QB,DELL8L_PC_Desktop
40Z32AA,HP40_PC_Monitor
7Q6Z0PA,HP7Q_PC_Laptop
8X1U0PA,HP8X_PC_Laptop
9U2C1PA,HP9U_PC_Laptop
81T79PA,HP81_PC_Desktop
7Y6U3PA,HP7Y_PC_Laptop
DA749BB,DELLDA_SUP_INK
841W7PA,HP84_PC_Laptop
0Z1A3QB,DELL0Z_PC_Laptop
K4N79B,DELLK4_SUP_UNK
3A745B,DELL3A_PH_LJ
9E3K4PA,HP9E_PC_Laptop
4S6X5PA,HP4S_SUP_INK
CE320A,HPCE_SUP_TON
CE314A,HPCE_SUP_TON
6N030PA,HP6N_PC_Laptop
W2091A,HPW2_SUP_TON
CF402X,HPCF_SUP_TON
9D0K7PA,HP9D_PC_Laptop
L0S72AA,HPL0_SUP_INK
95S69PA,HP95_PC_Laptop
A8Z83B,DELLA8_SUP_TON
7GX19B,DELL7G_PH_SJ
DE062B,DELLDE_SUP_INK
7KW64A,HP7K_PH_LJ
71L45C,DELL71_PH_IJ
F9A28E,HPF9_PH_IJ
06S09QB,DELL06_PC_Laptop
X3414B,DELLX3_SUP_TON
9V7A3QB,DELL9V_PC_Laptop
8N769QB,DELL8N_PC_Laptop
4XY48B,DELL4X_SUP_INK
C1Q10A,HPC1_SUP_INK
0S5O0QB,DELL0S_PC_Desktop
CE310A,HPCE_SUP_TON
B56Z6QB,DELLB5_PC_Laptop
W1580A,HPW1_SUP_TON
01O65QB,DELL01_PC_Laptop
715A4A,HP71_PH_LJ
8Q1X5QB,DELL8Q_PC_Desktop
Q3W75B,DELLQ3_SUP_INK
8R974QB,DELL8R_PC_Desktop
W1460A,HPW1_SUP_TON
8L144PA,HP8L_PC_Laptop
CZ192A,HPCZ_SUP_TON
891B8QB,DELL89_PC_Desktop
DG471B,DELLDG_SUP_TON
Z7Y68A,HPZ7_SUP_TON
L0S63AA,HPL0_SUP_INK
20G08A,HP20_PH_SJ
L0S51AA,HPL0_SUP_INK
834U5PA,HP83_PC_Laptop
5B9S0B,DELL5B_PH_IJ
DA203B,DELLDA_SUP_TON
7O5G2BB,DELL7O_PC_Monitor
X3222Y,DELLX3_SUP_TON
W1103A,HPW1_SUP_TON
492V3B,DELL49_PH_LJ
Q2612AF,HPQ2_SUP_TON
9U7H2PA,HP9U_PC_Laptop
88T65QB,DELL88_PC_Laptop
7M658PA,HP7M_PC_Laptop
X2631Y,DELLX2_SUP_TON
6X3W4PA,HP6X_PC_Desktop
CZ121AA,HPCZ_SUP_INK
9D5S7QB,DELL9D_PC_Laptop
812I6QB,DELL81_PC_Laptop
8K146BB,DELL8K_PC_Laptop
A8Z94B,DELLA8_SUP_TON
7K1H4PA,HP7K_PC_Desktop
787N9B,DELL78_SUP_INK
A8Z80B,DELLA8_SUP_TON
92N49BB,DELL92_PC_Laptop
9D3N7PA,HP9D_PC_Laptop
DA218BB,DELLDA_SUP_INK
9Y0Z2PA,HP9Y_PC_Laptop
782N0PA,HP78_PC_Desktop
0U791QB,DELL0U_PC_Desktop
B2RW3QB,DELLB2_PC_Laptop
4A8R9A,HP4A_PH_IJ
3WX00A,HP3W_SUP_INK
8L166PA,HP8L_PC_Laptop
03V87QB,DELL03_PC_Laptop
4KB95BB,DELL4K_SUP_INK
DE085BB,DELLDE_SUP_INK
D0494B,DELLD0_SUP_INK
8XO57E,DELL8X_PH_IJ
8Q3X5PA,HP8Q_PC_Laptop
3YM18AA,HP3Y_SUP_INK
A0N15B,DELLA0_SUP_TON
M1S02BB,DELLM1_SUP_UNK
DG388B,DELLDG_SUP_TON
8AF45A,HP8A_PH_LJ
A8Z91B,DELLA8_SUP_TON
CF218A,HPCF_SUP_TON
6N4F1AA,HP6N_PC_Monitor
0V8I3QB,DELL0V_PC_Laptop
CZ175A,HPCZ_PH_LJ
8X585QB,DELL8X_PC_Laptop
7Z1P9PA,HP7Z_PC_Laptop
4H747B,DELL4H_PH_LJ
A00PQPA,HPA0_PC_Laptop
0F4L4QB,DELL0F_PC_Laptop
4S6X7PA,HP4S_SUP_INK
X3154B,DELLX3_SUP_TON
9D3N9PA,HP9D_PC_Laptop
516X3D,DELL51_PH_IJ
C2P05AA,HPC2_SUP_INK
CN054AA,HPCN_SUP_INK
1B9X2AA,HP1B_PC_Monitor
891B7QB,DELL89_PC_Desktop
7Y5C0QB,DELL7Y_PC_Desktop
6ZD31AA,HP6Z_SUP_INK
A03CJPA,HPA0_PC_Laptop
9G9A7QB,DELL9G_PC_Laptop
CE310AD,HPCE_SUP_TON
F9J77A,HPF9_SUP_INK
78V76QB,DELL78_PC_Desktop
0F4L8QB,DELL0F_PC_Laptop
3YM17AA,HP3Y_SUP_INK
4FE78B,DELL4F_SUP_INK
498N5A,HP49_SUP_INK
G0L28B,DELLG0_SUP_INK
8L130PA,HP8L_PC_Desktop
DG524B,DELLDG_SUP_TON
T6M01AA,HPT6_SUP_INK
U7N10BB,DELLU7_SUP_INK
8I6E4QB,DELL8I_PC_Laptop
7H5D3PA,HP7H_PC_Laptop
13L82AA,HP13_PC_Monitor
1F3W3A,HP1F_PH_IJ
4A8D4A,HP4A_PH_IJ
7O5E7BB,DELL7O_PC_Monitor
9Q962PA,HP9Q_PC_Laptop
C2P26AA,HPC2_SUP_INK
8Z7U0QB,DELL8Z_PC_Laptop
DG512Y,DELLDG_SUP_TON
7Q6Z7PA,HP7Q_PC_Laptop
825A0B,DELL82_PH_LJ
0E4O9QB,DELL0E_PC_Laptop
8N767QB,DELL8N_PC_Laptop
9E3K7PA,HP9E_PC_Laptop
9M9Q5QB,DELL9M_PC_Laptop
9M275QB,DELL9M_PC_Laptop
952X7QB,DELL95_PC_Laptop
678M6PA,HP67_PC_Laptop
CF360X,HPCF_SUP_TON
CF410A,HPCF_SUP_TON
CH563ZZ,HPCH_SUP_INK
7HY15B,DELL7H_PH_LJ
3ED78A,HP3E_SUP_INK
9M9Q3QB,DELL9M_PC_Laptop
CE278A,HPCE_SUP_TON
3ED44A,HP3E_SUP_INK
7Z481PA,HP7Z_PC_Laptop
6C3G6PA,HP6C_PC_Desktop
CF256A,HPCF_SUP_TON
8A2Q9QB,DELL8A_PC_Laptop
496A8QB,DELL49_PC_Desktop
P2V70A,HPP2_SUP_INK
7M654PA,HP7M_PC_Laptop
28C12A,HP28_PH_IJ
75Y77BB,DELL75_PC_Monitor
DF424B,DELLDF_SUP_TON
2I950B7,DELL2I_PC_Monitor
CC640ZZ,HPCC_SUP_INK
943S1PA,HP94_PC_Laptop
9D6I6QB,DELL9D_PC_Laptop
0K7L9QB,DELL0K_PC_Laptop
6K9J2PA,HP6K_PC_Laptop
8K0X5QB,DELL8K_PC_Desktop
DF434B,DELLDF_SUP_TON
DF433B,DELLDF_SUP_TON
6ZD21AA,HP6Z_SUP_UNK
Z9M04A,HPZ9_SUP_TON
8T5Q4QB,DELL8T_PC_Laptop
3YM15AA,HP3Y_SUP_INK
915M2QB,DELL91_PC_Laptop
G0L16B,DELLG0_SUP_INK
L0H25A,HPL0_SUP_TON
780A7PA,HP78_PC_Desktop
CZ123AA,HPCZ_SUP_INK
65S69C,DELL65_PH_IJ
3JA82AA,HP3J_SUP_INK
Z9M07A,HPZ9_SUP_TON
CF219A,HPCF_SUP_TON
7Y6U2PA,HP7Y_PC_Laptop
CE321A,HPCE_SUP_TON
4FE54B,DELL4F_SUP_INK
CH648A,HPCH_SUP_INK
9E3K3PA,HP9E_PC_Laptop
DG512B,DELLDG_SUP_TON
0E4O0QB,DELL0E_PC_Laptop
M1S08BB,DELLM1_SUP_UNK
7AE43BB,DELL7A_SUP_INK
6X3S5PA,HP6X_PC_Desktop
D0484B,DELLD0_SUP_INK
2WW32BB,DELL2W_SUP_INK
3WX36A,HP3W_SUP_INK
7AE32BB,DELL7A_SUP_UNK
509Q3B,DELL50_SUP_INK
6ZD29AA,HP6Z_SUP_INK
8L155PA,HP8L_PC_Laptop
X2481Y,DELLX2_SUP_TON
A8Z96B,DELLA8_SUP_TON
F9J65A,HPF9_SUP_INK
7N909AT,HP7N_PC_Monitor
746Y8QB,DELL74_PC_Desktop
9M255QB,DELL9M_PC_Laptop
B16I0QB,DELLB1_PC_Desktop
DC652B,DELLDC_SUP_TON
6X9M3PA,HP6X_PC_Desktop
M1T70BB,DELLM1_SUP_INK
CN636A,HPCN_SUP_INK
9T680PA,HP9T_PC_Desktop
3ED51A,HP3E_SUP_INK
DA242B,DELLDA_SUP_INK
789N9QB,DELL78_PC_Laptop
L0S24AA,HPL0_SUP_INK
DF401B,DELLDF_SUP_TON
CZ184A,HPCZ_PH_LJ
7H0Y7PA,HP7H_PC_Desktop
F9K02A,HPF9_SUP_INK
5L1W8QB,DELL5L_SUP_INK
2G4Z5B,DELL2G_PH_IJ
789N7QB,DELL78_PC_Laptop
3YM19AA,HP3Y_SUP_INK
8X059PA,HP8X_PC_Laptop
8U1H6PA,HP8U_PC_Laptop
6FW06A,HP6F_PH_SJ
CF503A,HPCF_SUP_TON
53P41A,HP53_PH_LJ
CF212A,HPCF_SUP_TON
G0L13B,DELLG0_SUP_INK
3A724B,DELL3A_PH_LJ
75Y70BB,DELL75_PC_Monitor
K4N81B,DELLK4_SUP_UNK
8L6K9QB,DELL8L_PC_Laptop
DA295B,DELLDA_PH_LJ
F9K03A,HPF9_SUP_INK
L0S00AA,HPL0_SUP_UNK
3E7R9PA,HP3E_PC_Desktop
X3152B,DELLX3_SUP_TON
5XG77B,DELL5X_PH_IJ
3EK15A,HP3E_PH_IJ
CF281A,HPCF_SUP_TON
8L120PA,HP8L_PC_Desktop
7P704PA,HP7P_PC_Laptop
7Q863PA,HP7Q_PC_Desktop
0S302QB,DELL0S_PC_Laptop
4XY49B,DELL4X_SUP_INK
DF366B,DELLDF_SUP_TON
C9380A,HPC9_SUP_INK
DF091B,DELLDF_SUP_TON
DG521B,DELLDG_SUP_TON
4FE88B,DELL4F_SUP_INK
8F6C5PA,HP8F_PC_Laptop
8H438PA,HP8H_PC_Laptop
CN053AA,HPCN_SUP_INK
8F8Z5PA,HP8F_PC_Laptop
W2313A,HPW2_SUP_TON
DG344B,DELLDG_SUP_TON
Y5F86BB,DELLY5_SUP_INK
M1T34BB,DELLM1_SUP_INK
4KB80BB,DELL4K_SUP_INK
57E81QB,DELL57_PC_Laptop
290U1BB,DELL29_PC_Monitor
J3M70A,HPJ3_SUP_UNK
8Q7A9QB,DELL8Q_PC_Laptop
DA247B,DELLDA_SUP_INK
M0H51AA,HPM0_SUP_INK
C2P24AA,HPC2_SUP_INK
W2113X,HPW2_SUP_TON
4WF66A,HP4W_PH_IJ
CE311A,HPCE_SUP_TON
64W51AA,HP64_PC_Monitor
8L772QB,DELL8L_PC_Desktop
65P57A6,HP65_PC_Monitor
405W2C,HP40_PH_IJ
8L129PA,HP8L_PC_Laptop
CF512A,HPCF_SUP_TON
DG622B,DELLDG_SUP_TON
P2V27A,HPP2_SUP_INK
4YC88B,DELL4Y_PH_IJ
Z7Y91A,HPZ7_SUP_TON
0F4L9QB,DELL0F_PC_Laptop
CZ136A,HPCZ_SUP_INK
CB543A,HPCB_SUP_TON
854B2QB,DELL85_PC_Laptop
4XY47B,DELL4X_SUP_INK
088Q1QB,DELL08_PC_Desktop
K4N70B,DELLK4_SUP_UNK
DS423BB,DELLDS_SUP_INK
G0L26B,DELLG0_SUP_INK
8QT95B,DELL8Q_PH_LJ
7Y6U8PA,HP7Y_PC_Laptop
DG473Y,DELLDG_SUP_TON
A00PNPA,HPA0_PC_Laptop
9G9A6QB,DELL9G_PC_Laptop
DO736BB,DELLDO_SUP_INK
DF421B,DELLDF_SUP_TON
9E3K9PA,HP9E_PC_Laptop
M1T68BB,DELLM1_SUP_INK
CN635A,HPCN_SUP_INK
A45Y6PA,HPA4_PC_Laptop
3Z0I3B,DELL3Z_PH_IJ
DA748BB,DELLDA_SUP_INK
X2214BE,DELLX2_SUP_TON
Z7Y80A,HPZ7_SUP_TON
W1335X,HPW1_SUP_TON
92C58QB,DELL92_PC_Laptop
8K291QB,DELL8K_PC_Desktop
6GX06A,HP6G_PH_LJ
DC653B,DELLDC_SUP_TON
9I6E5QB,DELL9I_PC_Laptop
D0491B,DELLD0_SUP_INK
0R0N7QB,DELL0R_PC_Laptop
M4V55B,DELLM4_PH_IJ
6UU47A,HP6U_PH_IJ
8X586QB,DELL8X_PC_Laptop
67W19PA,HP67_PC_Desktop
7G078QB,DELL7G_PC_Desktop
G7W37BB,DELLG7_SUP_INK
CN625AA,HPCN_SUP_INK
X2571B,DELLX2_SUP_TON
T6L93AA,HPT6_SUP_INK
2E2Y4A6,HP2E_PC_Monitor
9Z835PA,HP9Z_PC_Laptop
DA245B,DELLDA_SUP_INK
9L9K2QB,DELL9L_PC_Laptop
J3M69A,HPJ3_SUP_UNK
9T8K6PA,HP9T_PC_Laptop
X3103B,DELLX3_SUP_TON
D5921B,DELLD5_SUP_INK
DO730B,DELLDO_SUP_INK
DF425B,DELLDF_SUP_TON
DG323B,DELLDG_SUP_TON
DO158BB,DELLDO_SUP_INK
7Y4X4QB,DELL7Y_PC_Desktop
M3874B,DELLM3_PH_SJ
3X064QB,DELL3X_PC_Desktop
3WX35A,HP3W_SUP_INK
C9371A,HPC9_SUP_INK
CH647A,HPCH_SUP_INK
7Y0R1QB,DELL7Y_PC_Desktop
3ED79A,HP3E_SUP_INK
8Q815QB,DELL8Q_PC_Laptop
DG624B,DELLDG_SUP_TON
Q5949A,HPQ5_SUP_TON
CE312A,HPCE_SUP_TON
U9X29B,DELLU9_PH_IJ
7L377PA,HP7L_PC_Laptop
U9X26B,DELLU9_PH_IJ
714Z9A,HP71_PH_LJ
Q7553A,HPQ7_SUP_TON
5C5M4PA,HP5C_PC_Laptop
X4E75AA,HPX4_SUP_INK
8F8Z6PA,HP8F_PC_Laptop
0V3D2QB,DELL0V_PC_Laptop
8F8Z0PA,HP8F_PC_Laptop
CB540A,HPCB_SUP_TON
7K659PA,HP7K_PC_Desktop
1PV87A,HP1P_PH_LJ
492V5B,DELL49_PH_LJ
D3Q36BB,DELLD3_SUP_INK
3YP94AA,HP3Y_SUP_INK
55W95QB,DELL55_PC_Desktop
701H5PA,HP70_PC_Laptop
DA235BB,DELLDA_SUP_INK
821P0PA,HP82_PC_Laptop
DG474Y,DELLDG_SUP_TON
CF352A,HPCF_SUP_TON
Z7Y72A,HPZ7_SUP_TON
64X69AA,HP64_PC_Monitor
B56Z8QB,DELLB5_PC_Laptop
B11QOQB,DELLB1_PC_Laptop
9G9Z0QB,DELL9G_PC_Laptop
C4Q20B,DELLC4_SUP_INK
169L0AA,HP16_PC_Monitor
DG474B,DELLDG_SUP_TON
891B6QB,DELL89_PC_Desktop
6KD26A,HP6K_PH_IJ
CZ638AA,HPCZ_SUP_INK
7Q6Z3PA,HP7Q_PC_Laptop
CZ134A,HPCZ_SUP_INK
932N4QB,DELL93_PC_Laptop
9X3L6PA,HP9X_PC_Laptop
CE390A,HPCE_SUP_TON
DG511B,DELLDG_SUP_TON
834T9PA,HP83_PC_Laptop
8L152PA,HP8L_PC_Laptop
6K9C3PA,HP6K_PC_Laptop
M1T74BB,DELLM1_SUP_INK
9W6U6PA,HP9W_PC_Laptop
DI673AA,DELLDI_SUP_INK
DG463B,DELLDG_SUP_TON
J3M71A,HPJ3_SUP_UNK
8XR17C,DELL8X_PH_IJ
R8664B,DELLR8_SUP_TON
3D4L3A,HP3D_PH_IJ
DF513B,DELLDF_SUP_TON
8C5H5PA,HP8C_PC_Laptop
7K667PA,HP7K_PC_Desktop
CN629A,HPCN_SUP_INK
W2040A,HPW2_SUP_TON
W1520A,HPW1_SUP_TON
9Y2U9QB,DELL9Y_PC_Laptop
92U91QB,DELL92_PC_Desktop
W2111A,HPW2_SUP_TON
61N73QB,DELL61_PC_Laptop
CF341A,HPCF_SUP_TON
746B5QB,DELL74_PC_Desktop
9M263QB,DELL9M_PC_Laptop
8Q814QB,DELL8Q_PC_Laptop
L0S03AA,HPL0_SUP_UNK
U7N12BB,DELLU7_SUP_INK
M1T14BB,DELLM1_SUP_UNK
DI758B,DELLDI_SUP_INK
2Z633A,HP2Z_PH_LJ
8LX67B,DELL8L_PH_LJ
DG367Y,DELLDG_SUP_TON
Y5F80BB,DELLY5_SUP_INK
8U6Y8PA,HP8U_PC_Laptop
843D2PA,HP84_PC_Desktop
6X4B5PA,HP6X_PC_Desktop
CF277A,HPCF_SUP_TON
3YM76AA,HP3Y_SUP_INK
X3223B,DELLX3_SUP_TON
CN692AA,HPCN_SUP_INK
9G7D5QB,DELL9G_PC_Laptop
5HB10A,HP5H_PH_IJ
7E9H0B7,DELL7E_PC_Monitor
7J174PA,HP7J_PC_Desktop
4ZQ05BB,DELL4Z_SUP_INK
CF230A,HPCF_SUP_TON
8M144QB,DELL8M_PC_Laptop
8T5O8QB,DELL8T_PC_Laptop
D0482B,DELLD0_SUP_INK
X3424B,DELLX3_SUP_TON
9M257QB,DELL9M_PC_Laptop
A0EH4PA,HPA0_PC_Laptop
M1I36B,DELLM1_SUP_TON
9G7D6QB,DELL9G_PC_Laptop
65S61C,DELL65_PH_IJ
X3421B,DELLX3_SUP_TON
CE740A,HPCE_SUP_TON
CF403A,HPCF_SUP_TON
8QT93B,DELL8Q_PH_LJ
C9384A,HPC9_SUP_INK
M1T11BB,DELLM1_SUP_UNK
64V81AA,HP64_PC_Monitor
3WX37A,HP3W_SUP_INK
8L3Q8QB,DELL8L_PC_Desktop
T6L97AA,HPT6_SUP_INK
498P2A,HP49_SUP_INK
3WX38A,HP3W_SUP_INK
DI675AA,DELLDI_SUP_INK
7K1G3PA,HP7K_PC_Desktop
L3U44A,HPL3_PH_IJ
9V2I7QB,DELL9V_PC_Laptop
CF232A,HPCF_SUP_TON
6C3G2PA,HP6C_PC_Desktop
CZ107AA,HPCZ_SUP_INK
7M1M2QB,DELL7M_PC_Laptop
2G4X4B,DELL2G_PH_IJ
6H1X2PA,HP6H_PC_Desktop
A00PPPA,HPA0_PC_Laptop
T6M13AA,HPT6_SUP_INK
4ZN83BB,DELL4Z_SUP_INK
9D5S0QB,DELL9D_PC_Laptop
8F6D4PA,HP8F_PC_Laptop
67V50PA,HP67_PC_Laptop
7K2P7PA,HP7K_PC_Desktop
X3224Y,DELLX3_SUP_TON
CE323A,HPCE_SUP_TON
DG343B,DELLDG_SUP_TON
8C4R6PA,HP8C_PC_Laptop
98C68QB,DELL98_PC_Laptop
DG325B,DELLDG_SUP_TON
X3104B,DELLX3_SUP_TON
7VV59B,DELL7V_PH_IJ
8U6Z7PA,HP8U_PC_Laptop
7K1Z0QB,DELL7K_PC_Desktop
DI672AA,DELLDI_SUP_INK
CF214A,HPCF_SUP_TON
C9373A,HPC9_SUP_INK
4E5M4B,DELL4E_PH_IJ
F9K05A,HPF9_SUP_INK
7HX75B,DELL7H_PH_LJ
3WX19A,HP3W_SUP_INK
W2093A,HPW2_SUP_TON
8N760QB,DELL8N_PC_Laptop
498N6A,HP49_SUP_INK
C9352AA,HPC9_SUP_INK
X3411B,DELLX3_SUP_TON
51A37BB,DELL51_PC_Monitor
2H0N1AA,HP2H_PC_Monitor
CN048AA,HPCN_SUP_INK
T6M17AA,HPT6_SUP_INK
80V95QB,DELL80_PC_Desktop
3WX13A,HP3W_SUP_INK
490B2QB,DELL49_PC_Desktop
916Y3QB,DELL91_PC_Laptop
X4E78AA,HPX4_SUP_INK
715A5A,HP71_PH_LJ
L2763A,HPL2_PH_SJ
D0569B,DELLD0_SUP_INK
3YM73AA,HP3Y_SUP_INK
4FL26B,DELL4F_PH_IJ
F9K16A,HPF9_SUP_INK
DG476B,DELLDG_SUP_TON
W2300A,HPW2_SUP_TON
8F6K1PA,HP8F_PC_Laptop
DG339B,DELLDG_SUP_TON
6ZD61AA,HP6Z_SUP_UNK
9V7Z2QB,DELL9V_PC_Laptop
2QW98B,DELL2Q_PH_LJ
8A2Q0QB,DELL8A_PC_Laptop
W1460X,HPW1_SUP_TON
7L856PA,HP7L_PC_Desktop
8K2T6QB,DELL8K_PC_Desktop
7M1L0QB,DELL7M_PC_Laptop
6K9C5PA,HP6K_PC_Laptop
6F967PA,HP6F_PC_Desktop
515M8D,DELL51_PH_IJ
DG380B,DELLDG_SUP_TON
X3412B,DELLX3_SUP_TON
X3102B,DELLX3_SUP_TON
CF365A,HPCF_SUP_TON
7D4H3QB,DELL7D_PC_Desktop
2Z634A,HP2Z_PH_LJ
2G4Z3B,DELL2G_PH_IJ
8L130PA,HP8L_PC_Laptop
CF237A,HPCF_SUP_TON
B3P06A,HPB3_SUP_INK
7O5F3BB,DELL7O_PC_Monitor
B14DIQB,DELLB1_PC_Laptop
F6V20AA,HPF6_SUP_INK
5B9E5B,DELL5B_PH_IJ
CF510A,HPCF_SUP_TON
P2V83A,HPP2_SUP_INK
0E4O6QB,DELL0E_PC_Laptop
8L8P2PA,HP8L_PC_Laptop
954C7QB,DELL95_PC_Desktop
81H51PA,HP81_PC_Laptop
8L2I5QB,DELL8L_PC_Desktop
8L146PA,HP8L_PC_Laptop
Q3W79B,DELLQ3_SUP_INK
8R7A3QB,DELL8R_PC_Laptop
2Z613A,HP2Z_PH_LJ
3YP93AA,HP3Y_SUP_INK
3ED43A,HP3E_SUP_INK
CN633A,HPCN_SUP_INK
0V211QB,DELL0V_PC_Laptop
1F3Y2A,HP1F_PH_IJ
4SB24A,HP4S_PH_IJ
7Y5C6QB,DELL7Y_PC_Desktop
381U2A,HP38_PH_LJ
CF213A,HPCF_SUP_TON
6IC17B,DELL6I_PH_IJ
L0S09AA,HPL0_SUP_UNK
8M967QB,DELL8M_PC_Desktop
4ZN29BB,DELL4Z_SUP_INK
6X9S0PA,HP6X_PC_Desktop
DG321B,DELLDG_SUP_TON
L0S54AA,HPL0_SUP_INK
DG398B,DELLDG_SUP_TON
5TC35B,DELL5T_PH_IJ
699K9C,DELL69_PH_IJ
T8W16A,HPT8_PH_IJ
3ED68A,HP3E_SUP_INK
4ZN84BB,DELL4Z_SUP_INK
DG345B,DELLDG_SUP_TON
L0R97AA,HPL0_SUP_UNK
DA241B,DELLDA_SUP_INK
7J2M3PA,HP7J_PC_Desktop
3WX07A,HP3W_SUP_INK
389A1PA,HP38_PC_Desktop
5HH65A,HP5H_PH_LJ
8F6D4PA,HP8F_PC_Desktop
8L107PA,HP8L_PC_Desktop
8L8P5PA,HP8L_PC_Laptop
8Z7V7QB,DELL8Z_PC_Laptop
DG514B,DELLDG_SUP_TON
8I1Z8QB,DELL8I_PC_Desktop
498N7A,HP49_SUP_INK
B1FI5QB,DELLB1_PC_Laptop
CF231A,HPCF_SUP_TON
9G7E4QB,DELL9G_PC_Laptop
3WX21A,HP3W_SUP_INK
9D3P1PA,HP9D_PC_Laptop
W2092A,HPW2_SUP_TON
4XY18B,DELL4X_SUP_INK
CF380A,HPCF_SUP_TON
3A743B,DELL3A_PH_LJ
CF413A,HPCF_SUP_TON
Z7Y88A,HPZ7_SUP_TON
X2446Y,DELLX2_SUP_TON
92Z21PA,HP92_PC_Desktop
743A1PA,HP74_PC_Laptop
0U9L9QB,DELL0U_PC_Laptop
4FE30B,DELL4F_SUP_INK
3YP17AA,HP3Y_SUP_INK
88Z16PA,HP88_PC_Desktop
9M258QB,DELL9M_PC_Laptop
W3Z72A,HPW3_PH_IJ
7J180PA,HP7J_PC_Desktop
6K7U2PA,HP6K_PC_Laptop
4YC89B,DELL4Y_PH_IJ
8L4X0BB,DELL8L_SUP_INK
6II76B,DELL6I_PH_LJ
Y5F89BB,DELLY5_SUP_INK
DA219BB,DELLDA_SUP_INK
8U6Z2PA,HP8U_PC_Laptop
61N74QB,DELL61_PC_Laptop
A0N18B,DELLA0_SUP_TON
81H48PA,HP81_PC_Laptop
P2V62A,HPP2_SUP_INK
M1T35BB,DELLM1_SUP_INK
DD499B,DELLDD_SUP_TON
G0K89B,DELLG0_SUP_INK
0X7V7QB,DELL0X_PC_Laptop
3JA78AA,HP3J_SUP_INK
CE285A,HPCE_SUP_TON
M1S99BB,DELLM1_SUP_UNK
9Y160QB,DELL9Y_PC_Laptop
5L1W0QB,DELL5L_SUP_INK
8U6Y1PA,HP8U_PC_Laptop
9U100PA,HP9U_PC_Laptop
5AC07B,DELL5A_PH_LJ
L3U43A,HPL3_PH_IJ
7P703PA,HP7P_PC_Laptop
CF363X,HPCF_SUP_TON
7D4H2QB,DELL7D_PC_Desktop
678M8PA,HP67_PC_Laptop
5SE26B,HP5S_PH_IJ
M1T10BB,DELLM1_SUP_UNK
6L0L0PA,HP6L_PC_Laptop
92I59QB,DELL92_PC_Laptop
7H786QB,DELL7H_PC_Desktop
537P5C,HP53_PH_IJ
8R7Z0QB,DELL8R_PC_Laptop
C2P22AA,HPC2_SUP_INK
92I62QB,DELL92_PC_Laptop
DF854B,DELLDF_SUP_TON
1H849A6,HP1H_PC_Monitor
6N4D6AA,HP6N_PC_Monitor
0E1L8QB,DELL0E_PC_Laptop
C9406A,HPC9_SUP_INK
D0515B,DELLD0_SUP_INK
782M0PA,HP78_PC_Desktop
T6L89AA,HPT6_SUP_INK
6II59B,DELL6I_PH_LJ
7K3W9AA,HP7K_SUP_INK
782N1PA,HP78_PC_Desktop
4A8D9A,HP4A_PH_IJ
9G5D6QB,DELL9G_PC_Desktop
D3Q16BB,DELLD3_SUP_INK
3JA79AA,HP3J_SUP_INK
9Y0Y6PA,HP9Y_PC_Laptop
M1T71BB,DELLM1_SUP_INK
6N6E9AA,HP6N_PC_Monitor
F9K15A,HPF9_SUP_INK
8A592QB,DELL8A_PC_Laptop
CH561ZZ,HPCH_SUP_INK
9Z7A9QB,DELL9Z_PC_Laptop
90N54PA,HP90_PC_Laptop
75X52BB,DELL75_PC_Monitor
02S12QB,DELL02_PC_Laptop
X2215B,DELLX2_SUP_TON
7VV58B,DELL7V_PH_IJ
3JA77AA,HP3J_SUP_INK
D3Q35BB,DELLD3_SUP_INK
3WX15A,HP3W_SUP_INK
DA285B,DELLDA_PH_LJ
8Y6Z8PA,HP8Y_PC_Laptop
843B6PA,HP84_PC_Desktop
L0R94AA,HPL0_SUP_UNK
A0N12B,DELLA0_SUP_TON
8M146QB,DELL8M_PC_Laptop
9Z090QB,DELL9Z_PC_Laptop
DI676B,DELLDI_SUP_INK
92U80QB,DELL92_PC_Desktop
U7M04BB,DELLU7_SUP_INK
8R7A4QB,DELL8R_PC_Laptop
C4810A,HPC4_SUP_INK
W2113A,HPW2_SUP_TON
G0L27B,DELLG0_SUP_INK
DF852B,DELLDF_SUP_TON
CE515A,HPCE_SUP_TON
9Q9M6PA,HP9Q_PC_Laptop
8R7A1QB,DELL8R_PC_Laptop
7AE42BB,DELL7A_SUP_INK
7Y6U6PA,HP7Y_PC_Laptop
CN047AA,HPCN_SUP_INK
3YM70AA,HP3Y_SUP_INK
7P6Z8PA,HP7P_PC_Laptop
CZ135A,HPCZ_SUP_INK
780A6PA,HP78_PC_Desktop
87G01PA,HP87_PC_Desktop
4ZN33BB,DELL4Z_SUP_INK
CF279A,HPCF_SUP_TON
0A946QB,DELL0A_PC_Laptop
40Z26AA,HP40_PC_Monitor
Z7Y90A,HPZ7_SUP_TON
5T7Y6QB,DELL5T_SUP_INK
DF389BG,DELLDF_SUP_TON
9W6U8PA,HP9W_PC_Laptop
L0S60AA,HPL0_SUP_INK
3ED49A,HP3E_SUP_INK
Q2612A,HPQ2_SUP_TON
9BG56B,DELL9B_PH_LJ
95I64QB,DELL95_PC_Desktop
Z7Y85A,HPZ7_SUP_TON
T6M09AA,HPT6_SUP_INK
DO744B,DELLDO_SUP_INK
DI757B,DELLDI_SUP_INK
C2P25AA,HPC2_SUP_INK
4ZN87BB,DELL4Z_SUP_INK
7Q6Z8PA,HP7Q_PC_Laptop
4FE55B,DELL4F_SUP_INK
9R4Y6QB,DELL9R_PC_Laptop
9BG63B,DELL9B_PH_LJ
7D4H7QB,DELL7D_PC_Desktop
95K19QB,DELL95_PC_Desktop
D3Q32BB,DELLD3_SUP_INK
7K3U9QB,DELL7K_PC_Laptop
7P0W4PA,HP7P_PC_Desktop
4K0V7PA,HP4K_SUP_INK
3EK13A,HP3E_PH_IJ
A03CKPA,HPA0_PC_Laptop
7Y6U1PA,HP7Y_PC_Laptop
5Z1M3FD,DELL5Z_PC_Laptop
9R4N9PA,HP9R_PC_Desktop
3WX06A,HP3W_SUP_INK
8F4C9PA,HP8F_PC_Desktop
W2302A,HPW2_SUP_TON
7GX18B,DELL7G_PH_SJ
CF411A,HPCF_SUP_TON
G0K78B,DELLG0_SUP_INK
CE313A,HPCE_SUP_TON
CH645A,HPCH_SUP_INK
CE402A,HPCE_SUP_TON
8F6K2PA,HP8F_PC_Laptop
65P59A6,HP65_PC_Monitor
CF351A,HPCF_SUP_TON
C9372A,HPC9_SUP_INK
9G7D9QB,DELL9G_PC_Laptop
X2223B,DELLX2_SUP_TON
467E7BB,DELL46_PC_Monitor
DD754AA,DELLDD_SUP_INK
CR312AA,HPCR_SUP_INK
9V7A8QB,DELL9V_PC_Laptop
9C9E1PA,HP9C_PC_Laptop
DG391B,DELLDG_SUP_TON
893O1QB,DELL89_PC_Desktop
7K5J8PA,HP7K_PC_Laptop
31H16B,DELL31_PH_SJ
CZ130A,HPCZ_SUP_INK
4FE80B,DELL4F_SUP_INK
B56Z7QB,DELLB5_PC_Laptop
99A27QB,DELL99_PC_Desktop
CF362X,HPCF_SUP_TON
7Z1P8PA,HP7Z_PC_Laptop
D3Q31BB,DELLD3_SUP_INK
31H18B,DELL31_PH_SJ
67U65PA,HP67_PC_Desktop
6C3G1PA,HP6C_PC_Desktop
4KB88BB,DELL4K_SUP_INK
8Y0L1QB,DELL8Y_PC_Desktop
X2771B,DELLX2_SUP_TON
3SN93B,DELL3S_PH_IJ
6J0Y9PA,HP6J_PC_Desktop
7KW56A,HP7K_PH_LJ
DF432B,DELLDF_SUP_TON
4Y0L2EC,HP4Y_PC_Laptop
8Z7V0QB,DELL8Z_PC_Laptop
7QB61B5,DELL7Q_PC_Monitor
B11QRQB,DELLB1_PC_Laptop
4ZN81BB,DELL4Z_SUP_INK
8F4C5PA,HP8F_PC_Desktop
5AC06B,DELL5A_PH_LJ
C2P06AA,HPC2_SUP_INK
8Z7V2QB,DELL8Z_PC_Laptop
9R291PA,HP9R_PC_Laptop
9V7Y9QB,DELL9V_PC_Laptop
9V7Z9QB,DELL9V_PC_Laptop
Z9M01A,HPZ9_SUP_TON
699M4E,DELL69_PH_IJ
9M256QB,DELL9M_PC_Laptop
7N760PA,HP7N_PC_Laptop
X2214B,DELLX2_SUP_TON
7Q6Z2PA,HP7Q_PC_Laptop
4XY24B,DELL4X_SUP_INK
6L0K9PA,HP6L_PC_Laptop
P2V25A,HPP2_SUP_INK
Z7Y73A,HPZ7_SUP_TON
8F8Z3PA,HP8F_PC_Laptop
9G7L2QB,DELL9G_PC_Laptop
676M6A,HP67_SUP_INK
1F3Y4A,HP1F_PH_IJ
CF359A,HPCF_SUP_TON
Z9M02A,HPZ9_SUP_TON
DO703BB,DELLDO_SUP_INK
7K1Q6QB,DELL7K_PC_Desktop
M0H50AA,HPM0_SUP_INK
L0S57AA,HPL0_SUP_INK
3WX08A,HP3W_SUP_INK
9I549QB,DELL9I_PC_Laptop
4XY26B,DELL4X_SUP_INK
8F6D3PA,HP8F_PC_Laptop
D3Q18BB,DELLD3_SUP_INK
635X7PA,HP63_PC_Desktop
W1580X,HPW1_SUP_TON
77S54PA,HP77_PC_Laptop
0E4N8QB,DELL0E_PC_Laptop
4KB93BB,DELL4K_SUP_INK
X2231B,DELLX2_SUP_TON
B3P21A,HPB3_SUP_INK
78X20QB,DELL78_PC_Desktop
CF364A,HPCF_SUP_TON
