PL,sku
DELL0X_PC_Laptop,0X749QB
DELL75_PC_Monitor,75X62BB
DELLDF_SUP_TON,DF627B
HP4Z_PH_LJ,4ZB96A
DELL0R_PC_Laptop,0R0N0QB
DELL7L_PH_IJ,7LE37B
DELL89_PC_Desktop,89Z55QB
HP8C_PC_Laptop,8C4R9PA
DELLG0_SUP_INK,G0L15B
DELLDF_SUP_TON,DF853B
HPCN_SUP_INK,CN045AA
HPC2_SUP_INK,C2P23AA
HPC2_SUP_INK,C2P21AA
DELL4F_SUP_INK,4FE79B
DELLDG_SUP_TON,DG460B
HP8F_PC_Laptop,8F6C9PA
HP4K_SUP_INK,4K0V9PA
HP8F_PC_Laptop,8F8Z8PA
HPL0_SUP_UNK,L0R91AA
HPT8_PH_IJ,T8W15A
HP7N_PC_Desktop,7N6V0PA
HP7W_PC_Laptop,7W475PA
HP88_PC_Desktop,889G9PA
HP9E_PC_Laptop,9E3Q6PA
HP3E_SUP_INK,3ED28A
HP8L_PC_Laptop,8L147PA
DELL6S_PC_Monitor,6SE77BB
HP9D_PC_Laptop,9D3N8PA
DELL4Z_SUP_INK,4ZQ28BB
DELL4Z_SUP_INK,4ZN88BB
DELL7M_PC_Laptop,7M9Q1FD
DELLDG_SUP_TON,DG514Y
DELLDE_SUP_INK,DE083BB
DELL4K_SUP_INK,4KB89BB
DELL7Y_PC_Desktop,7Y4R5QB
HP8H_PC_Laptop,8H5D4PA
DELLA8_SUP_TON,A8Z92B
HPW1_SUP_TON,W1370X
DELL0F_PC_Laptop,0F4K7QB
HP9D_PC_Laptop,9D3N3PA
DELL9M_PC_Laptop,9M271QB
HP64_PC_Monitor,64W41AA
DELL7I_PC_Desktop,7I2Y3QB
DELLDG_SUP_TON,DG321Y
DELL4X_SUP_INK,4XY11B
HPCZ_SUP_INK,CZ124AA
DELLC4_SUP_INK,C4Q17B
DELL4X_SUP_INK,4XY20B
HP6D_PC_Monitor,6D8G9A6
DELL9M_PC_Laptop,9M266QB
HPCF_SUP_TON,CF210A
HP67_SUP_INK,676M8A
DELLDO_SUP_INK,DO745B
DELL7Y_PC_Desktop,7Y4T6QB
HP58_PH_IJ,588J8B
HPCE_SUP_TON,CE980A
DELLDE_SUP_INK,DE086BB
DELL4Z_SUP_INK,4ZN31BB
HP9J_PC_Laptop,9J6K8PA
DELL4Z_SUP_INK,4ZN28BB
HP4K_SUP_INK,4K0V8PA
DELL78_PC_Laptop,78W61QB
DELL4Z_SUP_INK,4ZQ04BB
DELLX2_SUP_TON,X2631B
DELL9A_PC_Laptop,9A8X6QB
HP38_PC_Desktop,385Z7PA
HPW1_SUP_TON,W1520X
DELLA8_SUP_TON,A8Z89B
DELLR6_SUP_TON,R6050B
DELL9G_PC_Desktop,9G5D0QB
HPC9_SUP_INK,C9404A
DELLDG_SUP_TON,DG324B
HP7W_PH_IJ,7WQ06B
HP6X_PC_Desktop,6X3W3PA
HPCN_SUP_INK,CN628AA
HPT6_SUP_INK,T6M05AA
DELL8L_PC_Desktop,8L778QB
DELL4Z_SUP_INK,4ZN82BB
HPP2_SUP_INK,P2V69A
DELL95_PC_Desktop,954E3QB
DELL3F_PC_Monitor,3F3Z4B7
HP3J_SUP_INK,3JA85AA
HP4Z_PH_LJ,4ZB95A
HP7J_PC_Desktop,7J4Y1PA
HPCD_SUP_INK,CD951A
DELLX2_PH_LJ,X2B35B
HP6G_PH_LJ,6GX04A
DELL4X_SUP_INK,4XY25B
HP60_PH_IJ,60K34B
DELL4X_SUP_INK,4XY19B
DELL8L_PC_Desktop,8L6X3QB
DELLN1_SUP_INK,N1I66BB
DELL0R_PC_Laptop,0R073QB
HP80_PC_Laptop,804L1PA
DELL7A_SUP_UNK,7AE72BB
DELLDD_SUP_TON,DD499Y
HP2Z_PH_LJ,2Z615A
HP6L_PC_Laptop,6L8P0EC
DELL7O_PC_Laptop,7O141QB
DELLX3_SUP_TON,X3422B
DELLX2_SUP_TON,X2691Y
DELL4Z_SUP_INK,4ZN26BB
DELLDF_SUP_TON,DF431B
DELL4X_SUP_INK,4XY46B
HP82_PC_Laptop,821J4PA
DELLB1_PC_Laptop,B14DOQB
HPW2_SUP_TON,W2043A
DELLC4_SUP_INK,C4Q32B
DELL03_PC_Laptop,03V96QB
HP8L_PC_Laptop,8L8P4PA
DELL9G_PC_Laptop,9G7D0QB
DELL50_SUP_INK,509O6B
HP92_PC_Laptop,92U76PA
HP84_PC_Desktop,84H53PA
DELLM1_SUP_INK,M1T65BB
DELL31_PH_SJ,31H19B
HP8Y_PC_Laptop,8Y989PA
HP78_PC_Desktop,78Y44PA
DELL8R_PC_Laptop,8R7A8QB
HP7W_PH_IJ,7WN44D
HP3W_SUP_INK,3WX14A
HPM0_SUP_INK,M0H55AA
HP7P_PC_Desktop,7P2C5PA
HP3Y_SUP_INK,3YM77AA
DELLDI_SUP_INK,DI759B
HPCB_SUP_TON,CB541A
HP8Z_PC_Laptop,8Z7W5PA
HPCF_SUP_TON,CF362A
HP71_PH_LJ,715A3A
HP3Y_SUP_INK,3YM72AA
HP8L_PC_Laptop,8L120PA
HPCZ_PH_LJ,CZ186A
HP51_SUP_INK,51645AA
HPP2_SUP_INK,P2V63A
HP8X_PC_Laptop,8X1T8PA
HPB3_SUP_INK,B3P20A
HP7Y_PC_Laptop,7Y6U9PA
HP3E_SUP_INK,3ED69A
DELL9G_PC_Laptop,9G7K9QB
DELLDO_SUP_INK,DO737BB
HPCF_SUP_TON,CF500A
HP9T_PC_Desktop,9T8L0PA
HPCC_SUP_INK,CC643ZZ
DELL9D_PC_Laptop,9D5S9QB
DELL9G_PC_Laptop,9G9A2QB
HP6X_PC_Desktop,6X3Q4PA
HP3E_SUP_INK,3ED29A
DELLDG_SUP_TON,DG491B
DELL64_PH_LJ,64Q52B
HPC2_SUP_INK,C2P04AA
DELLD0_SUP_INK,D0483B
HP8C_PC_Laptop,8C4R7PA
HP40_PH_IJ,404L7C
DELL89_PC_Desktop,893O2QB
HPA4_PC_Laptop,A45Y7PA
HPF9_SUP_INK,F9K04A
DELL6I_PH_LJ,6II78B
HPCH_SUP_INK,CH564ZZ
DELL95_PC_Laptop,952X8QB
DELLQ3_SUP_INK,Q3W36B
DELL8K_PC_Desktop,8K3N4QB
HPCN_SUP_INK,CN627AA
HP1V_SUP_INK,1VV21AA
HPCF_SUP_TON,CF257A
DELLDG_SUP_TON,DG621B
DELLDO_SUP_INK,DO157BB
DELLDF_SUP_TON,DF396B
HP8L_PC_Laptop,8L160PA
DELLX2_SUP_TON,X2571Y
DELL7Y_PC_Desktop,7Y0T1QB
DELL0E_PC_Laptop,0E4Q2QB
DELLDG_SUP_TON,DG475B
HP3Y_SUP_INK,3YM20AA
HPCE_SUP_TON,CE516A
HPW1_SUP_TON,W1470A
HP6G_PC_Desktop,6G675PA
HPC2_SUP_INK,C2P20AA
DELLR3_SUP_TON,R3723BG
DELL0Z_PC_Laptop,0Z1Z7QB
HPCC_SUP_TON,CC388A
HPCF_SUP_TON,CF412A
HP6X_PC_Desktop,6X4B9PA
HPCF_SUP_TON,CF287A
HP54_PH_IJ,54R58B
HPCF_SUP_TON,CF211A
DELL0F_PC_Laptop,0F4L5QB
DELLB1_PC_Laptop,B14DLQB
DELL9G_PC_Laptop,9G5A6QB
DELL7Y_PC_Desktop,7Y4X5QB
DELL3A_PH_LJ,3A726B
HP3Y_SUP_INK,3YM22AA
DELL4Z_SUP_INK,4ZN32BB
HPF9_SUP_INK,F9J67A
HP8F_PC_Laptop,8F6J8PA
HP3E_SUP_INK,3ED50A
DELLQ3_SUP_INK,Q3W74B
HP8H_PC_Laptop,8H9G6PA
DELLX4_PH_IJ,X4A83B
HP3Y_SUP_INK,3YM71AA
HPW2_SUP_TON,W2310A
HP38_PH_LJ,381V6A
HP78_PC_Desktop,780A5PA
HPCF_SUP_TON,CF403X
DELLB1_PC_Laptop,B11QNQB
HP50_PC_Laptop,50M63PA
HP9Q_PC_Desktop,9Q932PA
DELL7G_PH_SJ,7GX17B
HP5H_PH_IJ,5HB08A
DELL78_SUP_INK,787N7B
DELL0X_PC_Laptop,0X7V9QB
DELLDG_SUP_TON,DG342B
HPCD_SUP_INK,CD973AA
HPA0_PC_Laptop,A03CHPA
DELL76_PC_Monitor,76Q68B7
HPCE_SUP_TON,CE741A
HP5R_PC_Monitor,5RD66AA
DELLDG_SUP_TON,DG613B
DELLX2_SUP_TON,X2581B
HP81_PC_Laptop,81M38AA
HPW2_SUP_TON,W2041A
DELL92_PC_Laptop,92C20QB
HPCZ_SUP_INK,CZ637AA
HP8C_PC_Laptop,8C527PA
HP4K_PC_Laptop,4K5D5PA
DELL8H_PC_Laptop,8H7I2QB
DELL7A_SUP_INK,7AE30BB
DELL4F_SUP_INK,4FE61B
DELL4F_SUP_INK,4FE62B
DELLX3_SUP_TON,X3101B
DELL3Z_PH_IJ,3Z0I1B
HP9Y_PC_Laptop,9Y0Z1PA
DELL09_PC_Desktop,094O7QB
HP2Z_PH_LJ,2Z614A
DELLD3_SUP_INK,D3Q34BB
DELL8K_PC_Desktop,8K5Z2QB
DELLK4_SUP_UNK,K4N82B
HP4S_SUP_INK,4S6X8PA
HPW2_SUP_TON,W2303A
HPCE_SUP_TON,CE322A
DELL4X_SUP_INK,4XY41B
DELLG0_SUP_INK,G0L12B
DELL93_PC_Laptop,935M7QB
DELLDF_SUP_TON,DF389B
DELLA8_SUP_TON,A8Z01B
DELLDO_SUP_INK,DO164BB
DELL8O_PC_Laptop,8O860QB
DELLD3_SUP_INK,D3Q37BB
HP58_PH_IJ,588L3D
HP8L_PC_Laptop,8L164PA
DELLDO_SUP_INK,DO741B
HP6Z_SUP_INK,6ZD32AA
HPCF_SUP_TON,CF401A
HPA0_PC_Laptop,A03CNPA
DELLX3_SUP_TON,X3222B
HP6J_PC_Desktop,6J0P5PA
HP83_PC_Laptop,832Q8PA
HP2Y_PH_IJ,2Y9H0A
DELL66_PC_Desktop,66A37QB
HP78_PC_Desktop,780A2PA
DELL89_PC_Monitor,891K6BB
DELLDF_SUP_TON,DF626B
DELL7Y_PC_Desktop,7Y0N4QB
DELL78_SUP_INK,787N8B
HP3G_PH_LJ,3G636A
HP54_PH_IJ,54R50B
DELL9M_PC_Laptop,9M250QB
HP3W_SUP_INK,3WX20A
HPP2_SUP_INK,P2V68A
DELLDG_SUP_TON,DG464B
HPZ7_SUP_TON,Z7Y69A
HPC9_SUP_INK,C9458A
DELLDO_SUP_INK,DO747B
DELL0Z_PC_Laptop,0Z1A2QB
DELL75_PC_Monitor,75W92BB
DELL8L_PC_Laptop,8L1M0QB
DELLN1_SUP_INK,N1I67BB
HP2Y_PH_IJ,2Y9H2A
DELLDO_SUP_INK,DO156BB
HPW1_PH_LJ,W1A24A
DELLB2_PC_Laptop,B2OX4QB
DELLN1_SUP_INK,N1I61BB
HP55_PC_Desktop,55Z26PA
DELL0F_PC_Laptop,0F4K5QB
DELL98_PC_Desktop,98H12QB
DELL4X_SUP_INK,4XY37B
HPCH_SUP_INK,CH565A
DELL5T_SUP_INK,5T7Y7QB
HP8F_PC_Laptop,8F4Z5PA
HP5H_PH_LJ,5HH48A
HPJ3_SUP_UNK,J3M68A
DELLDG_SUP_TON,DG513B
DELL99_PC_Desktop,990H0QB
HPZ7_SUP_TON,Z7Y83A
DELL05_PC_Laptop,054T2QB
DELLQ3_SUP_INK,Q3W38B
HP81_PC_Desktop,81T80PA
DELLD3_SUP_INK,D3Q17BB
DELL9Z_PC_Desktop,9Z0E5QB
HPZ7_SUP_TON,Z7Y76A
HP3E_SUP_INK,3ED67A
HPCF_SUP_TON,CF289A
HPCF_SUP_TON,CF501A
HP87_PC_Laptop,87B57PA
DELL8L_PH_LJ,8LX75B
HP7G_PC_Laptop,7G6H1PA
DELL93_PC_Laptop,932K5QB
DELLDF_SUP_TON,DF512B
HP8G_PC_Laptop,8G148PA
HP64_PC_Monitor,64X66AA
DELL8Z_PC_Laptop,8Z7V4QB
HPC2_SUP_INK,C2P07AA
DELLA8_SUP_TON,A8Z84B
HP6N_PC_Monitor,6N4E8AA
HP8U_PC_Laptop,8U1H3PA
DELL4X_SUP_INK,4XY12B
HP3W_SUP_INK,3WX01A
HP6X_PC_Desktop,6X9Q0PA
HP7Y_PC_Laptop,7Y6T9PA
DELL0Y_PC_Laptop,0Y6K4QB
DELLU7_SUP_INK,U7N24BB
DELLG7_SUP_INK,G7W38BB
HP9D_PC_Laptop,9D3N5PA
HPCF_SUP_TON,CF513A
DELL4F_SUP_INK,4FE89B
DELL3A_PH_LJ,3A744B
DELL89_PC_Desktop,893N1QB
DELL0U_PC_Desktop,0U9M1QB
DELLA8_SUP_TON,A8Z81B
DELLX3_SUP_TON,X3153B
DELLU7_SUP_INK,U7N16BB
DELL4Z_SUP_INK,4ZN27BB
DELL6I_PH_IJ,6IC19B
HP7M_PC_Laptop,7M659PA
HPCD_SUP_INK,CD972AA
HP46_PC_Laptop,46D70PA
DELLA8_SUP_TON,A8Z02B
DELL03_PC_Desktop,03A32QB
DELLQ3_SUP_INK,Q3W81B
HPC2_SUP_INK,C2P19AA
DELLDD_SUP_TON,DD499BE
HP9U_PC_Laptop,9U2C4PA
HP7P_PH_LJ,7PS84A
DELLM1_SUP_UNK,M1S05BB
HP7M_PC_Laptop,7M656PA
DELLD0_SUP_INK,D0495B
DELL4X_SUP_INK,4XY31B
HP7L_PC_Laptop,7L035PA
HP7K_PC_Desktop,7K2P3PA
DELLG0_SUP_INK,G0K88B
HPC9_SUP_INK,C9351AA
DELL0E_PC_Laptop,0E4Q1QB
DELLU9_PH_IJ,U9X27B
DELL9M_PC_Laptop,9M233QB
HPCF_SUP_TON,CF502A
HP8L_PC_Laptop,8L149PA
DELL64_PH_IJ,648Q6D
HP6U_PH_IJ,6UU48A
HP7K_PC_Desktop,7K3Z3PA
DELL0V_PC_Laptop,0V3D5QB
DELLU7_SUP_INK,U7N28BB
DELLDG_SUP_TON,DG320B
DELLA8_SUP_TON,A8Z87B
HP2E_PC_Monitor,2E2Y3A6
HP44_PC_Desktop,44V84PA
DELLM4_PH_IJ,M4V54B
DELLQ3_SUP_INK,Q3W73B
DELLDD_SUP_INK,DD751AA
DELLD0_SUP_INK,D0517B
HP84_PC_Laptop,840G6PA
HPL0_SUP_INK,L0S66AA
DELL7G_PH_SJ,7GX10B
DELLDG_SUP_TON,DG368B
HPL0_SUP_UNK,L0S06AA
HP9X_PC_Laptop,9X5J3PA
HPW1_SUP_TON,W1660A
DELL2C_PC_Monitor,2C0Y3BB
HP8F_PC_Laptop,8F6D5PA
HPCD_SUP_INK,CD975AA
HPA1_PC_Laptop,A1QV2PA
DELLX3_SUP_TON,X3221B
DELL49_PH_LJ,492V1B
HP3Y_SUP_INK,3YM16AA
HPW2_SUP_TON,W2090A
DELL8X_PH_IJ,8XO55E
HPW1_SUP_TON,W1103AD
DELLA8_SUP_TON,A8Z70B
HPCF_SUP_TON,CF511A
DELLA0_SUP_TON,A0N16B
HPCF_SUP_TON,CF350A
HP7Q_PC_Laptop,7Q6Y9PA
HP9T_PC_Laptop,9T8K8PA
HPCZ_SUP_INK,CZ132A
HPW2_SUP_TON,W2312A
HPCZ_SUP_INK,CZ122AA
DELL50_SUP_INK,509O7B
DELL4K_SUP_INK,4KB91BB
HPCE_SUP_TON,CE742A
DELLA8_SUP_TON,A8Z79B
HPF6_SUP_INK,F6V27AA
HP4R_PH_LJ,4RA89A
DELLDO_SUP_INK,DO166BB
HPF9_SUP_INK,F9K17A
HPCF_SUP_TON,CF360A
HP68_PC_Laptop,689U2PA
DELLDF_SUP_TON,DF511B
HP67_SUP_INK,676M7A
DELL6T_PH_IJ,6TF37C
HPCE_SUP_TON,CE410A
HPW1_SUP_TON,W1370A
HP8F_PC_Laptop,8F8Z1PA
DELL94_PC_Laptop,945V6QB
HPA0_PC_Desktop,A05H9PA
HP9E_PC_Laptop,9E3J4PA
HP3X_PH_IJ,3XB78A
DELL7L_PC_Laptop,7L8V3QB
DELL9D_PC_Laptop,9D5S8QB
HP79_PC_Desktop,79U84PA
HP3J_SUP_INK,3JA80AA
HPCZ_SUP_INK,CZ108AA
HPC9_SUP_INK,C9383A
DELL8L_PC_Desktop,8L2H4QB
DELLX3_SUP_TON,X3423B
DELLA8_SUP_TON,A8Z99B
HP3W_SUP_INK,3WX42A
DELL31_PH_SJ,31H17B
HP3J_SUP_INK,3JA81AA
DELLB1_PC_Laptop,B14DKQB
DELL4X_SUP_INK,4XY17B
DELL24_PC_Monitor,24M93BB
DELL8Z_PC_Laptop,8Z7V9QB
DELL7L_PC_Laptop,7L0D7QB
HP72_PC_Laptop,72K10PA
HP9D_PC_Laptop,9D3P0PA
DELL79_PC_Laptop,790V3QB
HPCF_SUP_TON,CF361A
DELL9M_PC_Laptop,9M277QB
DELLDO_SUP_INK,DO739BB
HP98_PC_Desktop,983N6PA
DELLM1_SUP_INK,M1T83BB
HP18_PC_Monitor,189T0AA
HPCF_SUP_TON,CF280A
DELLR3_SUP_TON,R3723B
DELLA9_SUP_TON,A9X63B
HP80_PC_Laptop,805X2PA
HPCZ_PH_LJ,CZ174A
HPW2_SUP_TON,W2112A
DELL0E_PC_Laptop,0E4O8QB
HP7W_PH_IJ,7WN46D
DELL0E_PC_Laptop,0E4O4QB
DELL9G_PC_Laptop,9G7L3QB
DELL4Z_SUP_INK,4ZN20BB
HP9E_PC_Laptop,9E3K8PA
DELLDC_SUP_TON,DC651B
HPW2_SUP_TON,W2301A
HP6F_PH_SJ,6FW07A
DELLG0_SUP_INK,G0L14B
HPA0_PC_Laptop,A00PMPA
DELL4X_SUP_INK,4XY53B
DELLDG_SUP_TON,DG322B
HPW1_SUP_TON,W1120A
HPZ7_SUP_TON,Z7Y79A
DELL5L_SUP_INK,5L1W9QB
DELL9M_PC_Desktop,9M218QB
HP3W_SUP_INK,3WX30A
DELLDA_SUP_INK,DA243B
HP9W_PC_Laptop,9W638PA
HP3J_SUP_INK,3JA83AA
HP3E_SUP_INK,3ED77A
DELLU7_SUP_INK,U7M08BB
HPCF_SUP_TON,CF228A
HPCE_SUP_TON,CE401A
HPL0_SUP_INK,L0S23AA
DELL4K_SUP_INK,4KC17BB
HP7K_PC_Desktop,7K661PA
DELL50_SUP_INK,509O8B
HP35_PC_Monitor,356D6AA
HPF9_SUP_INK,F9K06A
DELL5L_SUP_INK,5L1W7QB
HP7J_PC_Desktop,7J9W4PA
DELLG0_SUP_INK,G0K76B
HPW1_SUP_TON,W1112A
HP8A_PH_LJ,8AF52A
HP8L_PC_Desktop,8L129PA
DELLDG_SUP_TON,DG469B
DELLD3_SUP_INK,D3Q15BB
DELL4X_SUP_INK,4XY32B
HPCF_SUP_TON,CF363A
HPCN_SUP_INK,CN630A
HP5H_PH_IJ,5HB06A
DELL62_SUP_INK,62756BB
DELL8M_PC_Laptop,8M488QB
DELLDI_SUP_INK,DI756B
DELL0U_PC_Laptop,0U9L7QB
DELL8R_PC_Laptop,8R7A9QB
HPCH_SUP_INK,CH646A
DELLN1_SUP_INK,N1I65BB
DELL4F_SUP_INK,4FE50B
HP97_PC_Desktop,977P0PA
HPM0_SUP_INK,M0H56AA
DELL94_PC_Laptop,945U0QB
DELLDG_SUP_TON,DG452B
HP9U_PC_Laptop,9U867PA
HP6N_PC_Monitor,6N4E2AA
HP7J_PC_Desktop,7J1S5PA
HP3J_SUP_INK,3JB06AA
DELL4F_PC_Desktop,4F8S0QB
HP7N_PC_Laptop,7N759PA
DELLDG_SUP_TON,DG473B
HPCF_SUP_TON,CF353A
DELLM1_SUP_INK,M1T62BB
HP3Y_SUP_INK,3YM21AA
HP82_PC_Laptop,824L6PA
DELL49_PH_LJ,492W7B
DELL4K_SUP_INK,4KB96BB
HP7S_PC_Laptop,7S4P3PA
DELL83_PC_Laptop,83L21QB
DELL5L_PC_Laptop,5L6E6QB
HP6F_PH_SJ,6FW09A
HPX4_SUP_INK,X4E79AA
DELL9G_PC_Laptop,9G7E6QB
DELL95_PC_Laptop,951U8QB
DELLA8_SUP_TON,A8Z93B
DELL7L_PC_Laptop,7L0D4QB
DELL0D_PC_Laptop,0D0F2QB
DELLDO_SUP_INK,DO738BB
HPP2_SUP_INK,P2V64A
HP4S_SUP_INK,4S6X6PA
DELL4K_SUP_INK,4KB92BB
DELL3F_PC_Monitor,3F3Z5B7
HP7K_PC_Laptop,7K0L9PA
DELLX2_SUP_TON,X2691B
HP38_PH_LJ,381U0A
DELLG0_PH_IJ,G0B39F
HPF9_SUP_INK,F9J78A
DELL0V_PC_Laptop,0V978QB
DELL9K_PC_Laptop,9K1T6QB
DELLDA_SUP_INK,DA232BB
HPCN_SUP_INK,CN055AA
DELLD0_SUP_INK,D0462BB
HP20_PH_SJ,20G07A
HP9V_PC_Monitor,9VJ40AA
HP8D_PC_Laptop,8D667PA
DELL00_PC_Laptop,00U01QB
HP2W_PC_Desktop,2W953PA
HPQ2_SUP_TON,Q2612X
DELLDG_SUP_TON,DG612B
DELL9V_PC_Laptop,9V2I4QB
HPCF_SUP_TON,CF400A
HP9E_PC_Laptop,9E3K5PA
DELL0F_PC_Laptop,0F4L0QB
DELL9H_PC_Laptop,9H259QB
HP8F_PC_Laptop,8F6C8PA
HPB3_SUP_INK,B3P19A
HP7K_PC_Desktop,7K5W2PA
HPCE_SUP_TON,CE400A
DELL7L_PC_Laptop,7L0D6QB
HP4J_PC_Laptop,4J0N0PA
HPZ7_SUP_TON,Z7Y81A
DELLDG_SUP_TON,DG348B
HP34_PC_Monitor,34Y23AA
DELLDO_SUP_INK,DO159BB
DELLU7_SUP_INK,U7M90BB
HP6F_PH_SJ,6FW10A
DELL3I_PC_Monitor,3I1O2BB
DELL5T_SUP_INK,5T7Y8QB
DELLDG_SUP_TON,DG611B
DELL0W_PC_Monitor,0WK51BB
HP2Z_PH_LJ,2Z632A
HP8F_PC_Desktop,8F4C2PA
HP92_PC_Laptop,92U85PA
HPW1_SUP_TON,W1104A
DELL9G_PC_Laptop,9G9A4QB
DELL9E_PC_Laptop,9E778QB
HPF6_SUP_INK,F6V26AA
HPF9_SUP_INK,F9J66A
HP5H_PH_LJ,5HH67A
DELLDG_SUP_TON,DG390Y
DELLDF_SUP_TON,DF423B
DELL95_PC_Laptop,951H7QB
DELLDG_SUP_TON,DG513Y
HP84_PC_Desktop,84J08PA
HP6L_PC_Laptop,6L0L1PA
DELLDG_SUP_TON,DG523B
HPA4_PC_Laptop,A46C9PA
DELL4F_SUP_INK,4FE70B
HPF6_SUP_INK,F6V23AA
DELL8Q_PC_Desktop,8Q3D6QB
HPZ7_SUP_TON,Z7Y82A
HP7W_PC_Laptop,7W474PA
DELLG0_SUP_INK,G0L17B
HPCF_SUP_TON,CF210X
DELLDI_SUP_INK,DI674AA
DELL0R_PC_Desktop,0R043QB
DELL9Y_PC_Laptop,9Y2V1QB
HP99_PC_Laptop,99T90PA
DELL9G_PC_Laptop,9G9A1QB
HP84_PC_Laptop,841W6PA
DELL9I_PC_Laptop,9I0H7QB
DELLDF_SUP_TON,DF422B
DELL94_PC_Laptop,943R9QB
HP6K_PC_Laptop,6K9C6PA
DELL5B_PH_IJ,5B9E0B
HP6J_PC_Laptop,6J2T8PA
DELLDG_SUP_TON,DG511Y
DELL0U_PC_Laptop,0U9L8QB
DELL8L_PC_Desktop,8L3Q4QB
DELLDG_SUP_TON,DG614B
HPZ8_SUP_TON,Z8W52A
HP7S_PC_Laptop,7S4N7PA
HP3X_PH_IJ,3XB77A
DELLQ3_SUP_INK,Q3W94B
DELL5K_PC_Laptop,5K1O1QB
HP8F_PC_Laptop,8F6C4PA
DELLDO_SUP_INK,DO165BB
HP84_PC_Laptop,840T7PA
HPCH_SUP_INK,CH562ZZ
HPA4_PC_Laptop,A45Y5PA
HP6F_PH_SJ,6FW08A
DELL0F_PC_Laptop,0F4R7QB
DELLDO_SUP_INK,DO167BB
DELL8L_PC_Desktop,8L4A4QB
HP3J_SUP_INK,3JA84AA
HP9D_PC_Laptop,9D3M7PA
DELL7O_PC_Monitor,7O5F9BB
DELLDF_SUP_TON,DF851B
HP81_PC_Laptop,81B19PA
HP95_PC_Laptop,95R98PA
DELL8N_PC_Laptop,8N765QB
HPT8_PH_IJ,T8W18A
HP2R_PH_IJ,2RM82A
DELLG7_SUP_INK,G7W31BB
DELLR3_SUP_TON,R3723Y
DELL8O_PC_Desktop,8O7W1QB
DELLDA_PH_LJ,DA297B
DELLB5_PC_Laptop,B57D0QB
HPCN_SUP_INK,CN046AA
DELLM1_SUP_UNK,M1T17BB
DELLDG_SUP_TON,DG471Y
DELL9G_PC_Laptop,9G9A9QB
HPCD_SUP_INK,CD974AA
HPL0_SUP_UNK,L0R88AA
HP4K_SUP_INK,4K0V6PA
HPCF_SUP_TON,CF402A
HP8L_PC_Laptop,8L145PA
DELL7O_PC_Monitor,7O7F0BB
HPCF_SUP_TON,CF358A
HPA1_PC_Laptop,A1NW3PA
DELLD2_SUP_INK,D2R21B
HP9T_PC_Laptop,9T8K7PA
HP9D_PC_Laptop,9D3N6PA
DELLD3_SUP_INK,D3Q20BB
DELLN1_SUP_INK,N1I62BB
DELLD3_SUP_INK,D3Q33BB
DELL89_PC_Desktop,891B3QB
HPZ7_SUP_TON,Z7Y78A
HPL0_SUP_INK,L0S69AA
DELL39_PH_IJ,39D23B
HP7X_PC_Desktop,7X9K0PA
HP7J_PC_Laptop,7J035AA
HPCZ_SUP_INK,CZ131A
HP8C_PC_Laptop,8C4R8PA
HPCC_SUP_TON,CC388AD
HP82_PC_Laptop,821M3PA
HPF9_SUP_INK,F9K01A
HPM0_SUP_INK,M0H54AA
DELLX3_SUP_TON,X3224B
DELLDA_SUP_INK,DA233BB
HPCB_SUP_TON,CB542A
DELL06_PC_Laptop,06T70QB
DELL51_PC_Monitor,51A43BB
DELL5T_SUP_INK,5T7Y9QB
HP3E_SUP_INK,3ED45A
DELLDE_SUP_INK,DE084BB
DELLB1_PC_Laptop,B11QQQB
HP7P_PH_LJ,7PS82A
DELLX3_SUP_TON,X3221Y
HPCF_SUP_TON,CF233A
HP8Y_PC_Desktop,8Y9D4PA
HPCE_SUP_TON,CE278AF
DELL3A_PH_LJ,3A725B
HPCN_SUP_INK,CN693AA
DELLDA_SUP_INK,DA246B
DELL4F_SUP_INK,4FE56B
DELL82_PH_LJ,826B5B
DELL7G_PH_SJ,7GX21B
HP20_PH_SJ,20G05A
DELL8Z_PC_Laptop,8Z7V3QB
HP9E_PC_Laptop,9E3J6PA
DELL7L_PC_Laptop,7L0K3QB
DELL6D_PC_Laptop,6D6N5QB
DELLDC_SUP_TON,DC654B
DELL0E_PC_Laptop,0E4O7QB
HPCF_SUP_TON,CF256X
HPCN_SUP_INK,CN634A
DELL9G_PC_Desktop,9G5D3QB
HPCF_SUP_TON,CF401X
DELL27_PC_Monitor,270M1BB
DELL8K_PC_Desktop,8K285QB
DELLG0_SUP_INK,G0K77B
HPCF_SUP_TON,CF234A
DELLX3_SUP_TON,X3151B
DELL7M_PC_Laptop,7M1M1QB
HPW2_SUP_TON,W2042A
DELL8O_PC_Monitor,8O010BU
HPCE_SUP_TON,CE255A
HPCC_SUP_TON,CC388X
DELL76_PC_Monitor,76Q60B7
DELL7H_PH_LJ,7HY17B
HPW2_SUP_TON,W2110A
DELLDO_SUP_INK,DO704BB
HPCF_SUP_TON,CF289X
DELLX2_SUP_TON,X2481B
DELL82_PH_LJ,826B4B
DELL82_PH_LJ,826B6B
HPZ9_SUP_TON,Z9M05A
DELL4K_SUP_INK,4KB94BB
DELL0F_PC_Laptop,0F4L6QB
HP78_PC_Monitor,780J5AA
HPCF_SUP_TON,CF400X
DELL9M_PC_Laptop,9M9Q6QB
HPCN_SUP_INK,CN626AA
DELLM1_SUP_INK,M1T77BB
DELLDO_SUP_INK,DO746B
HP7L_PC_Laptop,7L033PA
DELLDG_SUP_TON,DG390B
DELL5S_PH_LJ,5SB90B
DELLX3_SUP_TON,X3413B
HP6G_PH_LJ,6GW64A
HP9Q_PC_Laptop,9Q9M9PA
DELLA0_SUP_TON,A0N13B
HP50_PC_Laptop,50M62PA
DELL93_PC_Laptop,932Q1QB
DELLG7_SUP_INK,G7W34BB
HP6P_PC_Monitor,6PA50A4
HP3W_SUP_INK,3WX26A
DELLDG_SUP_TON,DG341B
HPW2_SUP_TON,W2111X
DELLD0_SUP_INK,D0463BB
HP8F_PC_Laptop,8F8Y9PA
HP81_PC_Laptop,81B47PA
HP8L_PC_Laptop,8L168PA
HP20_PH_SJ,20G06A
HP8L_PC_Laptop,8L122PA
DELLDG_SUP_TON,DG472B
HPZ7_SUP_TON,Z7Y70A
DELLDF_SUP_TON,DF421BE
DELL4F_SUP_INK,4FE39B
DELL9D_PC_Laptop,9D638QB
HP63_PC_Desktop,635A4PA
HP8K_PC_Laptop,8K8J1PA
HPW2_SUP_TON,W2110X
HP8U_PC_Laptop,8U6X8PA
HP91_PC_Laptop,91R01PA
HPCN_SUP_INK,CN056AA
DELLDG_SUP_TON,DG462B
DELLDG_SUP_TON,DG522B
DELL6I_PH_IJ,6IC21B
DELL0Y_PC_Laptop,0Y4M7QB
DELL4F_PH_IJ,4FL24B
DELLDA_SUP_INK,DA234BB
HP38_PH_LJ,381U4A
HPCE_SUP_TON,CE743A
DELL9M_PC_Laptop,9M279QB
DELLDG_SUP_TON,DG367B
DELL8O_PC_Laptop,8O871QB
DELLDG_SUP_TON,DG461B
DELLDG_SUP_TON,DG329B
DELLC4_SUP_INK,C4Q31B
DELLDA_PH_LJ,DA286B
DELLQ3_SUP_INK,Q3W70B
HPW2_SUP_TON,W2311A
DELLDF_SUP_TON,DF521B
DELLDG_SUP_TON,DG623B
DELLDG_SUP_TON,DG392B
HP8J_PC_Laptop,8J0S5PA
DELL45_PC_Monitor,45Z34BB
DELL8L_PC_Desktop,8L760QB
HP40_PC_Monitor,40Z32AA
HP7Q_PC_Laptop,7Q6Z0PA
HP8X_PC_Laptop,8X1U0PA
HP9U_PC_Laptop,9U2C1PA
HP81_PC_Desktop,81T79PA
HP7Y_PC_Laptop,7Y6U3PA
DELLDA_SUP_INK,DA749BB
HP84_PC_Laptop,841W7PA
DELL0Z_PC_Laptop,0Z1A3QB
DELLK4_SUP_UNK,K4N79B
DELL3A_PH_LJ,3A745B
HP9E_PC_Laptop,9E3K4PA
HP4S_SUP_INK,4S6X5PA
HPCE_SUP_TON,CE320A
HPCE_SUP_TON,CE314A
HP6N_PC_Laptop,6N030PA
HPW2_SUP_TON,W2091A
HPCF_SUP_TON,CF402X
HP9D_PC_Laptop,9D0K7PA
HPL0_SUP_INK,L0S72AA
HP95_PC_Laptop,95S69PA
DELLA8_SUP_TON,A8Z83B
DELL7G_PH_SJ,7GX19B
DELLDE_SUP_INK,DE062B
HP7K_PH_LJ,7KW64A
DELL71_PH_IJ,71L45C
HPF9_PH_IJ,F9A28E
DELL06_PC_Laptop,06S09QB
DELLX3_SUP_TON,X3414B
DELL9V_PC_Laptop,9V7A3QB
DELL8N_PC_Laptop,8N769QB
DELL4X_SUP_INK,4XY48B
HPC1_SUP_INK,C1Q10A
DELL0S_PC_Desktop,0S5O0QB
HPCE_SUP_TON,CE310A
DELLB5_PC_Laptop,B56Z6QB
HPW1_SUP_TON,W1580A
DELL01_PC_Laptop,01O65QB
HP71_PH_LJ,715A4A
DELL8Q_PC_Desktop,8Q1X5QB
DELLQ3_SUP_INK,Q3W75B
DELL8R_PC_Desktop,8R974QB
HPW1_SUP_TON,W1460A
HP8L_PC_Laptop,8L144PA
HPCZ_SUP_TON,CZ192A
DELL89_PC_Desktop,891B8QB
DELLDG_SUP_TON,DG471B
HPZ7_SUP_TON,Z7Y68A
HPL0_SUP_INK,L0S63AA
HP20_PH_SJ,20G08A
HPL0_SUP_INK,L0S51AA
HP83_PC_Laptop,834U5PA
DELL5B_PH_IJ,5B9S0B
DELLDA_SUP_TON,DA203B
DELL7O_PC_Monitor,7O5G2BB
DELLX3_SUP_TON,X3222Y
HPW1_SUP_TON,W1103A
DELL49_PH_LJ,492V3B
HPQ2_SUP_TON,Q2612AF
HP9U_PC_Laptop,9U7H2PA
DELL88_PC_Laptop,88T65QB
HP7M_PC_Laptop,7M658PA
DELLX2_SUP_TON,X2631Y
HP6X_PC_Desktop,6X3W4PA
HPCZ_SUP_INK,CZ121AA
DELL9D_PC_Laptop,9D5S7QB
DELL81_PC_Laptop,812I6QB
DELL8K_PC_Laptop,8K146BB
DELLA8_SUP_TON,A8Z94B
HP7K_PC_Desktop,7K1H4PA
DELL78_SUP_INK,787N9B
DELLA8_SUP_TON,A8Z80B
DELL92_PC_Laptop,92N49BB
HP9D_PC_Laptop,9D3N7PA
DELLDA_SUP_INK,DA218BB
HP9Y_PC_Laptop,9Y0Z2PA
HP78_PC_Desktop,782N0PA
DELL0U_PC_Desktop,0U791QB
DELLB2_PC_Laptop,B2RW3QB
HP4A_PH_IJ,4A8R9A
HP3W_SUP_INK,3WX00A
HP8L_PC_Laptop,8L166PA
DELL03_PC_Laptop,03V87QB
DELL4K_SUP_INK,4KB95BB
DELLDE_SUP_INK,DE085BB
DELLD0_SUP_INK,D0494B
DELL8X_PH_IJ,8XO57E
HP8Q_PC_Laptop,8Q3X5PA
HP3Y_SUP_INK,3YM18AA
DELLA0_SUP_TON,A0N15B
DELLM1_SUP_UNK,M1S02BB
DELLDG_SUP_TON,DG388B
HP8A_PH_LJ,8AF45A
DELLA8_SUP_TON,A8Z91B
HPCF_SUP_TON,CF218A
HP6N_PC_Monitor,6N4F1AA
DELL0V_PC_Laptop,0V8I3QB
HPCZ_PH_LJ,CZ175A
DELL8X_PC_Laptop,8X585QB
HP7Z_PC_Laptop,7Z1P9PA
DELL4H_PH_LJ,4H747B
HPA0_PC_Laptop,A00PQPA
DELL0F_PC_Laptop,0F4L4QB
HP4S_SUP_INK,4S6X7PA
DELLX3_SUP_TON,X3154B
HP9D_PC_Laptop,9D3N9PA
DELL51_PH_IJ,516X3D
HPC2_SUP_INK,C2P05AA
HPCN_SUP_INK,CN054AA
HP1B_PC_Monitor,1B9X2AA
DELL89_PC_Desktop,891B7QB
DELL7Y_PC_Desktop,7Y5C0QB
HP6Z_SUP_INK,6ZD31AA
HPA0_PC_Laptop,A03CJPA
DELL9G_PC_Laptop,9G9A7QB
HPCE_SUP_TON,CE310AD
HPF9_SUP_INK,F9J77A
DELL78_PC_Desktop,78V76QB
DELL0F_PC_Laptop,0F4L8QB
HP3Y_SUP_INK,3YM17AA
DELL4F_SUP_INK,4FE78B
HP49_SUP_INK,498N5A
DELLG0_SUP_INK,G0L28B
HP8L_PC_Desktop,8L130PA
DELLDG_SUP_TON,DG524B
HPT6_SUP_INK,T6M01AA
DELLU7_SUP_INK,U7N10BB
DELL8I_PC_Laptop,8I6E4QB
HP7H_PC_Laptop,7H5D3PA
HP13_PC_Monitor,13L82AA
HP1F_PH_IJ,1F3W3A
HP4A_PH_IJ,4A8D4A
DELL7O_PC_Monitor,7O5E7BB
HP9Q_PC_Laptop,9Q962PA
HPC2_SUP_INK,C2P26AA
DELL8Z_PC_Laptop,8Z7U0QB
DELLDG_SUP_TON,DG512Y
HP7Q_PC_Laptop,7Q6Z7PA
DELL82_PH_LJ,825A0B
DELL0E_PC_Laptop,0E4O9QB
DELL8N_PC_Laptop,8N767QB
HP9E_PC_Laptop,9E3K7PA
DELL9M_PC_Laptop,9M9Q5QB
DELL9M_PC_Laptop,9M275QB
DELL95_PC_Laptop,952X7QB
HP67_PC_Laptop,678M6PA
HPCF_SUP_TON,CF360X
HPCF_SUP_TON,CF410A
HPCH_SUP_INK,CH563ZZ
DELL7H_PH_LJ,7HY15B
HP3E_SUP_INK,3ED78A
DELL9M_PC_Laptop,9M9Q3QB
HPCE_SUP_TON,CE278A
HP3E_SUP_INK,3ED44A
HP7Z_PC_Laptop,7Z481PA
HP6C_PC_Desktop,6C3G6PA
HPCF_SUP_TON,CF256A
DELL8A_PC_Laptop,8A2Q9QB
DELL49_PC_Desktop,496A8QB
HPP2_SUP_INK,P2V70A
HP7M_PC_Laptop,7M654PA
HP28_PH_IJ,28C12A
DELL75_PC_Monitor,75Y77BB
DELLDF_SUP_TON,DF424B
DELL2I_PC_Monitor,2I950B7
HPCC_SUP_INK,CC640ZZ
HP94_PC_Laptop,943S1PA
DELL9D_PC_Laptop,9D6I6QB
DELL0K_PC_Laptop,0K7L9QB
HP6K_PC_Laptop,6K9J2PA
DELL8K_PC_Desktop,8K0X5QB
DELLDF_SUP_TON,DF434B
DELLDF_SUP_TON,DF433B
HP6Z_SUP_UNK,6ZD21AA
HPZ9_SUP_TON,Z9M04A
DELL8T_PC_Laptop,8T5Q4QB
HP3Y_SUP_INK,3YM15AA
DELL91_PC_Laptop,915M2QB
DELLG0_SUP_INK,G0L16B
HPL0_SUP_TON,L0H25A
HP78_PC_Desktop,780A7PA
HPCZ_SUP_INK,CZ123AA
DELL65_PH_IJ,65S69C
HP3J_SUP_INK,3JA82AA
HPZ9_SUP_TON,Z9M07A
HPCF_SUP_TON,CF219A
HP7Y_PC_Laptop,7Y6U2PA
HPCE_SUP_TON,CE321A
DELL4F_SUP_INK,4FE54B
HPCH_SUP_INK,CH648A
HP9E_PC_Laptop,9E3K3PA
DELLDG_SUP_TON,DG512B
DELL0E_PC_Laptop,0E4O0QB
DELLM1_SUP_UNK,M1S08BB
DELL7A_SUP_INK,7AE43BB
HP6X_PC_Desktop,6X3S5PA
DELLD0_SUP_INK,D0484B
DELL2W_SUP_INK,2WW32BB
HP3W_SUP_INK,3WX36A
DELL7A_SUP_UNK,7AE32BB
DELL50_SUP_INK,509Q3B
HP6Z_SUP_INK,6ZD29AA
HP8L_PC_Laptop,8L155PA
DELLX2_SUP_TON,X2481Y
DELLA8_SUP_TON,A8Z96B
HPF9_SUP_INK,F9J65A
HP7N_PC_Monitor,7N909AT
DELL74_PC_Desktop,746Y8QB
DELL9M_PC_Laptop,9M255QB
DELLB1_PC_Desktop,B16I0QB
DELLDC_SUP_TON,DC652B
HP6X_PC_Desktop,6X9M3PA
DELLM1_SUP_INK,M1T70BB
HPCN_SUP_INK,CN636A
HP9T_PC_Desktop,9T680PA
HP3E_SUP_INK,3ED51A
DELLDA_SUP_INK,DA242B
DELL78_PC_Laptop,789N9QB
HPL0_SUP_INK,L0S24AA
DELLDF_SUP_TON,DF401B
HPCZ_PH_LJ,CZ184A
HP7H_PC_Desktop,7H0Y7PA
HPF9_SUP_INK,F9K02A
DELL5L_SUP_INK,5L1W8QB
DELL2G_PH_IJ,2G4Z5B
DELL78_PC_Laptop,789N7QB
HP3Y_SUP_INK,3YM19AA
HP8X_PC_Laptop,8X059PA
HP8U_PC_Laptop,8U1H6PA
HP6F_PH_SJ,6FW06A
HPCF_SUP_TON,CF503A
HP53_PH_LJ,53P41A
HPCF_SUP_TON,CF212A
DELLG0_SUP_INK,G0L13B
DELL3A_PH_LJ,3A724B
DELL75_PC_Monitor,75Y70BB
DELLK4_SUP_UNK,K4N81B
DELL8L_PC_Laptop,8L6K9QB
DELLDA_PH_LJ,DA295B
HPF9_SUP_INK,F9K03A
HPL0_SUP_UNK,L0S00AA
HP3E_PC_Desktop,3E7R9PA
DELLX3_SUP_TON,X3152B
DELL5X_PH_IJ,5XG77B
HP3E_PH_IJ,3EK15A
HPCF_SUP_TON,CF281A
HP8L_PC_Desktop,8L120PA
HP7P_PC_Laptop,7P704PA
HP7Q_PC_Desktop,7Q863PA
DELL0S_PC_Laptop,0S302QB
DELL4X_SUP_INK,4XY49B
DELLDF_SUP_TON,DF366B
HPC9_SUP_INK,C9380A
DELLDF_SUP_TON,DF091B
DELLDG_SUP_TON,DG521B
DELL4F_SUP_INK,4FE88B
HP8F_PC_Laptop,8F6C5PA
HP8H_PC_Laptop,8H438PA
HPCN_SUP_INK,CN053AA
HP8F_PC_Laptop,8F8Z5PA
HPW2_SUP_TON,W2313A
DELLDG_SUP_TON,DG344B
DELLY5_SUP_INK,Y5F86BB
DELLM1_SUP_INK,M1T34BB
DELL4K_SUP_INK,4KB80BB
DELL57_PC_Laptop,57E81QB
DELL29_PC_Monitor,290U1BB
HPJ3_SUP_UNK,J3M70A
DELL8Q_PC_Laptop,8Q7A9QB
DELLDA_SUP_INK,DA247B
HPM0_SUP_INK,M0H51AA
HPC2_SUP_INK,C2P24AA
HPW2_SUP_TON,W2113X
HP4W_PH_IJ,4WF66A
HPCE_SUP_TON,CE311A
HP64_PC_Monitor,64W51AA
DELL8L_PC_Desktop,8L772QB
HP65_PC_Monitor,65P57A6
HP40_PH_IJ,405W2C
HP8L_PC_Laptop,8L129PA
HPCF_SUP_TON,CF512A
DELLDG_SUP_TON,DG622B
HPP2_SUP_INK,P2V27A
DELL4Y_PH_IJ,4YC88B
HPZ7_SUP_TON,Z7Y91A
DELL0F_PC_Laptop,0F4L9QB
HPCZ_SUP_INK,CZ136A
HPCB_SUP_TON,CB543A
DELL85_PC_Laptop,854B2QB
DELL4X_SUP_INK,4XY47B
DELL08_PC_Desktop,088Q1QB
DELLK4_SUP_UNK,K4N70B
DELLDS_SUP_INK,DS423BB
DELLG0_SUP_INK,G0L26B
DELL8Q_PH_LJ,8QT95B
HP7Y_PC_Laptop,7Y6U8PA
DELLDG_SUP_TON,DG473Y
HPA0_PC_Laptop,A00PNPA
DELL9G_PC_Laptop,9G9A6QB
DELLDO_SUP_INK,DO736BB
DELLDF_SUP_TON,DF421B
HP9E_PC_Laptop,9E3K9PA
DELLM1_SUP_INK,M1T68BB
HPCN_SUP_INK,CN635A
HPA4_PC_Laptop,A45Y6PA
DELL3Z_PH_IJ,3Z0I3B
DELLDA_SUP_INK,DA748BB
DELLX2_SUP_TON,X2214BE
HPZ7_SUP_TON,Z7Y80A
HPW1_SUP_TON,W1335X
DELL92_PC_Laptop,92C58QB
DELL8K_PC_Desktop,8K291QB
HP6G_PH_LJ,6GX06A
DELLDC_SUP_TON,DC653B
DELL9I_PC_Laptop,9I6E5QB
DELLD0_SUP_INK,D0491B
DELL0R_PC_Laptop,0R0N7QB
DELLM4_PH_IJ,M4V55B
HP6U_PH_IJ,6UU47A
DELL8X_PC_Laptop,8X586QB
HP67_PC_Desktop,67W19PA
DELL7G_PC_Desktop,7G078QB
DELLG7_SUP_INK,G7W37BB
HPCN_SUP_INK,CN625AA
DELLX2_SUP_TON,X2571B
HPT6_SUP_INK,T6L93AA
HP2E_PC_Monitor,2E2Y4A6
HP9Z_PC_Laptop,9Z835PA
DELLDA_SUP_INK,DA245B
DELL9L_PC_Laptop,9L9K2QB
HPJ3_SUP_UNK,J3M69A
HP9T_PC_Laptop,9T8K6PA
DELLX3_SUP_TON,X3103B
DELLD5_SUP_INK,D5921B
DELLDO_SUP_INK,DO730B
DELLDF_SUP_TON,DF425B
DELLDG_SUP_TON,DG323B
DELLDO_SUP_INK,DO158BB
DELL7Y_PC_Desktop,7Y4X4QB
DELLM3_PH_SJ,M3874B
DELL3X_PC_Desktop,3X064QB
HP3W_SUP_INK,3WX35A
HPC9_SUP_INK,C9371A
HPCH_SUP_INK,CH647A
DELL7Y_PC_Desktop,7Y0R1QB
HP3E_SUP_INK,3ED79A
DELL8Q_PC_Laptop,8Q815QB
DELLDG_SUP_TON,DG624B
HPQ5_SUP_TON,Q5949A
HPCE_SUP_TON,CE312A
DELLU9_PH_IJ,U9X29B
HP7L_PC_Laptop,7L377PA
DELLU9_PH_IJ,U9X26B
HP71_PH_LJ,714Z9A
HPQ7_SUP_TON,Q7553A
HP5C_PC_Laptop,5C5M4PA
HPX4_SUP_INK,X4E75AA
HP8F_PC_Laptop,8F8Z6PA
DELL0V_PC_Laptop,0V3D2QB
HP8F_PC_Laptop,8F8Z0PA
HPCB_SUP_TON,CB540A
HP7K_PC_Desktop,7K659PA
HP1P_PH_LJ,1PV87A
DELL49_PH_LJ,492V5B
DELLD3_SUP_INK,D3Q36BB
HP3Y_SUP_INK,3YP94AA
DELL55_PC_Desktop,55W95QB
HP70_PC_Laptop,701H5PA
DELLDA_SUP_INK,DA235BB
HP82_PC_Laptop,821P0PA
DELLDG_SUP_TON,DG474Y
HPCF_SUP_TON,CF352A
HPZ7_SUP_TON,Z7Y72A
HP64_PC_Monitor,64X69AA
DELLB5_PC_Laptop,B56Z8QB
DELLB1_PC_Laptop,B11QOQB
DELL9G_PC_Laptop,9G9Z0QB
DELLC4_SUP_INK,C4Q20B
HP16_PC_Monitor,169L0AA
DELLDG_SUP_TON,DG474B
DELL89_PC_Desktop,891B6QB
HP6K_PH_IJ,6KD26A
HPCZ_SUP_INK,CZ638AA
HP7Q_PC_Laptop,7Q6Z3PA
HPCZ_SUP_INK,CZ134A
DELL93_PC_Laptop,932N4QB
HP9X_PC_Laptop,9X3L6PA
HPCE_SUP_TON,CE390A
DELLDG_SUP_TON,DG511B
HP83_PC_Laptop,834T9PA
HP8L_PC_Laptop,8L152PA
HP6K_PC_Laptop,6K9C3PA
DELLM1_SUP_INK,M1T74BB
HP9W_PC_Laptop,9W6U6PA
DELLDI_SUP_INK,DI673AA
DELLDG_SUP_TON,DG463B
HPJ3_SUP_UNK,J3M71A
DELL8X_PH_IJ,8XR17C
DELLR8_SUP_TON,R8664B
HP3D_PH_IJ,3D4L3A
DELLDF_SUP_TON,DF513B
HP8C_PC_Laptop,8C5H5PA
HP7K_PC_Desktop,7K667PA
HPCN_SUP_INK,CN629A
HPW2_SUP_TON,W2040A
HPW1_SUP_TON,W1520A
DELL9Y_PC_Laptop,9Y2U9QB
DELL92_PC_Desktop,92U91QB
HPW2_SUP_TON,W2111A
DELL61_PC_Laptop,61N73QB
HPCF_SUP_TON,CF341A
DELL74_PC_Desktop,746B5QB
DELL9M_PC_Laptop,9M263QB
DELL8Q_PC_Laptop,8Q814QB
HPL0_SUP_UNK,L0S03AA
DELLU7_SUP_INK,U7N12BB
DELLM1_SUP_UNK,M1T14BB
DELLDI_SUP_INK,DI758B
HP2Z_PH_LJ,2Z633A
DELL8L_PH_LJ,8LX67B
DELLDG_SUP_TON,DG367Y
DELLY5_SUP_INK,Y5F80BB
HP8U_PC_Laptop,8U6Y8PA
HP84_PC_Desktop,843D2PA
HP6X_PC_Desktop,6X4B5PA
HPCF_SUP_TON,CF277A
HP3Y_SUP_INK,3YM76AA
DELLX3_SUP_TON,X3223B
HPCN_SUP_INK,CN692AA
DELL9G_PC_Laptop,9G7D5QB
HP5H_PH_IJ,5HB10A
DELL7E_PC_Monitor,7E9H0B7
HP7J_PC_Desktop,7J174PA
DELL4Z_SUP_INK,4ZQ05BB
HPCF_SUP_TON,CF230A
DELL8M_PC_Laptop,8M144QB
DELL8T_PC_Laptop,8T5O8QB
DELLD0_SUP_INK,D0482B
DELLX3_SUP_TON,X3424B
DELL9M_PC_Laptop,9M257QB
HPA0_PC_Laptop,A0EH4PA
DELLM1_SUP_TON,M1I36B
DELL9G_PC_Laptop,9G7D6QB
DELL65_PH_IJ,65S61C
DELLX3_SUP_TON,X3421B
HPCE_SUP_TON,CE740A
HPCF_SUP_TON,CF403A
DELL8Q_PH_LJ,8QT93B
HPC9_SUP_INK,C9384A
DELLM1_SUP_UNK,M1T11BB
HP64_PC_Monitor,64V81AA
HP3W_SUP_INK,3WX37A
DELL8L_PC_Desktop,8L3Q8QB
HPT6_SUP_INK,T6L97AA
HP49_SUP_INK,498P2A
HP3W_SUP_INK,3WX38A
DELLDI_SUP_INK,DI675AA
HP7K_PC_Desktop,7K1G3PA
HPL3_PH_IJ,L3U44A
DELL9V_PC_Laptop,9V2I7QB
HPCF_SUP_TON,CF232A
HP6C_PC_Desktop,6C3G2PA
HPCZ_SUP_INK,CZ107AA
DELL7M_PC_Laptop,7M1M2QB
DELL2G_PH_IJ,2G4X4B
HP6H_PC_Desktop,6H1X2PA
HPA0_PC_Laptop,A00PPPA
HPT6_SUP_INK,T6M13AA
DELL4Z_SUP_INK,4ZN83BB
DELL9D_PC_Laptop,9D5S0QB
HP8F_PC_Laptop,8F6D4PA
HP67_PC_Laptop,67V50PA
HP7K_PC_Desktop,7K2P7PA
DELLX3_SUP_TON,X3224Y
HPCE_SUP_TON,CE323A
DELLDG_SUP_TON,DG343B
HP8C_PC_Laptop,8C4R6PA
DELL98_PC_Laptop,98C68QB
DELLDG_SUP_TON,DG325B
DELLX3_SUP_TON,X3104B
DELL7V_PH_IJ,7VV59B
HP8U_PC_Laptop,8U6Z7PA
DELL7K_PC_Desktop,7K1Z0QB
DELLDI_SUP_INK,DI672AA
HPCF_SUP_TON,CF214A
HPC9_SUP_INK,C9373A
DELL4E_PH_IJ,4E5M4B
HPF9_SUP_INK,F9K05A
DELL7H_PH_LJ,7HX75B
HP3W_SUP_INK,3WX19A
HPW2_SUP_TON,W2093A
DELL8N_PC_Laptop,8N760QB
HP49_SUP_INK,498N6A
HPC9_SUP_INK,C9352AA
DELLX3_SUP_TON,X3411B
DELL51_PC_Monitor,51A37BB
HP2H_PC_Monitor,2H0N1AA
HPCN_SUP_INK,CN048AA
HPT6_SUP_INK,T6M17AA
DELL80_PC_Desktop,80V95QB
HP3W_SUP_INK,3WX13A
DELL49_PC_Desktop,490B2QB
DELL91_PC_Laptop,916Y3QB
HPX4_SUP_INK,X4E78AA
HP71_PH_LJ,715A5A
HPL2_PH_SJ,L2763A
DELLD0_SUP_INK,D0569B
HP3Y_SUP_INK,3YM73AA
DELL4F_PH_IJ,4FL26B
HPF9_SUP_INK,F9K16A
DELLDG_SUP_TON,DG476B
HPW2_SUP_TON,W2300A
HP8F_PC_Laptop,8F6K1PA
DELLDG_SUP_TON,DG339B
HP6Z_SUP_UNK,6ZD61AA
DELL9V_PC_Laptop,9V7Z2QB
DELL2Q_PH_LJ,2QW98B
DELL8A_PC_Laptop,8A2Q0QB
HPW1_SUP_TON,W1460X
HP7L_PC_Desktop,7L856PA
DELL8K_PC_Desktop,8K2T6QB
DELL7M_PC_Laptop,7M1L0QB
HP6K_PC_Laptop,6K9C5PA
HP6F_PC_Desktop,6F967PA
DELL51_PH_IJ,515M8D
DELLDG_SUP_TON,DG380B
DELLX3_SUP_TON,X3412B
DELLX3_SUP_TON,X3102B
HPCF_SUP_TON,CF365A
DELL7D_PC_Desktop,7D4H3QB
HP2Z_PH_LJ,2Z634A
DELL2G_PH_IJ,2G4Z3B
HP8L_PC_Laptop,8L130PA
HPCF_SUP_TON,CF237A
HPB3_SUP_INK,B3P06A
DELL7O_PC_Monitor,7O5F3BB
DELLB1_PC_Laptop,B14DIQB
HPF6_SUP_INK,F6V20AA
DELL5B_PH_IJ,5B9E5B
HPCF_SUP_TON,CF510A
HPP2_SUP_INK,P2V83A
DELL0E_PC_Laptop,0E4O6QB
HP8L_PC_Laptop,8L8P2PA
DELL95_PC_Desktop,954C7QB
HP81_PC_Laptop,81H51PA
DELL8L_PC_Desktop,8L2I5QB
HP8L_PC_Laptop,8L146PA
DELLQ3_SUP_INK,Q3W79B
DELL8R_PC_Laptop,8R7A3QB
HP2Z_PH_LJ,2Z613A
HP3Y_SUP_INK,3YP93AA
HP3E_SUP_INK,3ED43A
HPCN_SUP_INK,CN633A
DELL0V_PC_Laptop,0V211QB
HP1F_PH_IJ,1F3Y2A
HP4S_PH_IJ,4SB24A
DELL7Y_PC_Desktop,7Y5C6QB
HP38_PH_LJ,381U2A
HPCF_SUP_TON,CF213A
DELL6I_PH_IJ,6IC17B
HPL0_SUP_UNK,L0S09AA
DELL8M_PC_Desktop,8M967QB
DELL4Z_SUP_INK,4ZN29BB
HP6X_PC_Desktop,6X9S0PA
DELLDG_SUP_TON,DG321B
HPL0_SUP_INK,L0S54AA
DELLDG_SUP_TON,DG398B
DELL5T_PH_IJ,5TC35B
DELL69_PH_IJ,699K9C
HPT8_PH_IJ,T8W16A
HP3E_SUP_INK,3ED68A
DELL4Z_SUP_INK,4ZN84BB
DELLDG_SUP_TON,DG345B
HPL0_SUP_UNK,L0R97AA
DELLDA_SUP_INK,DA241B
HP7J_PC_Desktop,7J2M3PA
HP3W_SUP_INK,3WX07A
HP38_PC_Desktop,389A1PA
HP5H_PH_LJ,5HH65A
HP8F_PC_Desktop,8F6D4PA
HP8L_PC_Desktop,8L107PA
HP8L_PC_Laptop,8L8P5PA
DELL8Z_PC_Laptop,8Z7V7QB
DELLDG_SUP_TON,DG514B
DELL8I_PC_Desktop,8I1Z8QB
HP49_SUP_INK,498N7A
DELLB1_PC_Laptop,B1FI5QB
HPCF_SUP_TON,CF231A
DELL9G_PC_Laptop,9G7E4QB
HP3W_SUP_INK,3WX21A
HP9D_PC_Laptop,9D3P1PA
HPW2_SUP_TON,W2092A
DELL4X_SUP_INK,4XY18B
HPCF_SUP_TON,CF380A
DELL3A_PH_LJ,3A743B
HPCF_SUP_TON,CF413A
HPZ7_SUP_TON,Z7Y88A
DELLX2_SUP_TON,X2446Y
HP92_PC_Desktop,92Z21PA
HP74_PC_Laptop,743A1PA
DELL0U_PC_Laptop,0U9L9QB
DELL4F_SUP_INK,4FE30B
HP3Y_SUP_INK,3YP17AA
HP88_PC_Desktop,88Z16PA
DELL9M_PC_Laptop,9M258QB
HPW3_PH_IJ,W3Z72A
HP7J_PC_Desktop,7J180PA
HP6K_PC_Laptop,6K7U2PA
DELL4Y_PH_IJ,4YC89B
DELL8L_SUP_INK,8L4X0BB
DELL6I_PH_LJ,6II76B
DELLY5_SUP_INK,Y5F89BB
DELLDA_SUP_INK,DA219BB
HP8U_PC_Laptop,8U6Z2PA
DELL61_PC_Laptop,61N74QB
DELLA0_SUP_TON,A0N18B
HP81_PC_Laptop,81H48PA
HPP2_SUP_INK,P2V62A
DELLM1_SUP_INK,M1T35BB
DELLDD_SUP_TON,DD499B
DELLG0_SUP_INK,G0K89B
DELL0X_PC_Laptop,0X7V7QB
HP3J_SUP_INK,3JA78AA
HPCE_SUP_TON,CE285A
DELLM1_SUP_UNK,M1S99BB
DELL9Y_PC_Laptop,9Y160QB
DELL5L_SUP_INK,5L1W0QB
HP8U_PC_Laptop,8U6Y1PA
HP9U_PC_Laptop,9U100PA
DELL5A_PH_LJ,5AC07B
HPL3_PH_IJ,L3U43A
HP7P_PC_Laptop,7P703PA
HPCF_SUP_TON,CF363X
DELL7D_PC_Desktop,7D4H2QB
HP67_PC_Laptop,678M8PA
HP5S_PH_IJ,5SE26B
DELLM1_SUP_UNK,M1T10BB
HP6L_PC_Laptop,6L0L0PA
DELL92_PC_Laptop,92I59QB
DELL7H_PC_Desktop,7H786QB
HP53_PH_IJ,537P5C
DELL8R_PC_Laptop,8R7Z0QB
HPC2_SUP_INK,C2P22AA
DELL92_PC_Laptop,92I62QB
DELLDF_SUP_TON,DF854B
HP1H_PC_Monitor,1H849A6
HP6N_PC_Monitor,6N4D6AA
DELL0E_PC_Laptop,0E1L8QB
HPC9_SUP_INK,C9406A
DELLD0_SUP_INK,D0515B
HP78_PC_Desktop,782M0PA
HPT6_SUP_INK,T6L89AA
DELL6I_PH_LJ,6II59B
HP7K_SUP_INK,7K3W9AA
HP78_PC_Desktop,782N1PA
HP4A_PH_IJ,4A8D9A
DELL9G_PC_Desktop,9G5D6QB
DELLD3_SUP_INK,D3Q16BB
HP3J_SUP_INK,3JA79AA
HP9Y_PC_Laptop,9Y0Y6PA
DELLM1_SUP_INK,M1T71BB
HP6N_PC_Monitor,6N6E9AA
HPF9_SUP_INK,F9K15A
DELL8A_PC_Laptop,8A592QB
HPCH_SUP_INK,CH561ZZ
DELL9Z_PC_Laptop,9Z7A9QB
HP90_PC_Laptop,90N54PA
DELL75_PC_Monitor,75X52BB
DELL02_PC_Laptop,02S12QB
DELLX2_SUP_TON,X2215B
DELL7V_PH_IJ,7VV58B
HP3J_SUP_INK,3JA77AA
DELLD3_SUP_INK,D3Q35BB
HP3W_SUP_INK,3WX15A
DELLDA_PH_LJ,DA285B
HP8Y_PC_Laptop,8Y6Z8PA
HP84_PC_Desktop,843B6PA
HPL0_SUP_UNK,L0R94AA
DELLA0_SUP_TON,A0N12B
DELL8M_PC_Laptop,8M146QB
DELL9Z_PC_Laptop,9Z090QB
DELLDI_SUP_INK,DI676B
DELL92_PC_Desktop,92U80QB
DELLU7_SUP_INK,U7M04BB
DELL8R_PC_Laptop,8R7A4QB
HPC4_SUP_INK,C4810A
HPW2_SUP_TON,W2113A
DELLG0_SUP_INK,G0L27B
DELLDF_SUP_TON,DF852B
HPCE_SUP_TON,CE515A
HP9Q_PC_Laptop,9Q9M6PA
DELL8R_PC_Laptop,8R7A1QB
DELL7A_SUP_INK,7AE42BB
HP7Y_PC_Laptop,7Y6U6PA
HPCN_SUP_INK,CN047AA
HP3Y_SUP_INK,3YM70AA
HP7P_PC_Laptop,7P6Z8PA
HPCZ_SUP_INK,CZ135A
HP78_PC_Desktop,780A6PA
HP87_PC_Desktop,87G01PA
DELL4Z_SUP_INK,4ZN33BB
HPCF_SUP_TON,CF279A
DELL0A_PC_Laptop,0A946QB
HP40_PC_Monitor,40Z26AA
HPZ7_SUP_TON,Z7Y90A
DELL5T_SUP_INK,5T7Y6QB
DELLDF_SUP_TON,DF389BG
HP9W_PC_Laptop,9W6U8PA
HPL0_SUP_INK,L0S60AA
HP3E_SUP_INK,3ED49A
HPQ2_SUP_TON,Q2612A
DELL9B_PH_LJ,9BG56B
DELL95_PC_Desktop,95I64QB
HPZ7_SUP_TON,Z7Y85A
HPT6_SUP_INK,T6M09AA
DELLDO_SUP_INK,DO744B
DELLDI_SUP_INK,DI757B
HPC2_SUP_INK,C2P25AA
DELL4Z_SUP_INK,4ZN87BB
HP7Q_PC_Laptop,7Q6Z8PA
DELL4F_SUP_INK,4FE55B
DELL9R_PC_Laptop,9R4Y6QB
DELL9B_PH_LJ,9BG63B
DELL7D_PC_Desktop,7D4H7QB
DELL95_PC_Desktop,95K19QB
DELLD3_SUP_INK,D3Q32BB
DELL7K_PC_Laptop,7K3U9QB
HP7P_PC_Desktop,7P0W4PA
HP4K_SUP_INK,4K0V7PA
HP3E_PH_IJ,3EK13A
HPA0_PC_Laptop,A03CKPA
HP7Y_PC_Laptop,7Y6U1PA
DELL5Z_PC_Laptop,5Z1M3FD
HP9R_PC_Desktop,9R4N9PA
HP3W_SUP_INK,3WX06A
HP8F_PC_Desktop,8F4C9PA
HPW2_SUP_TON,W2302A
DELL7G_PH_SJ,7GX18B
HPCF_SUP_TON,CF411A
DELLG0_SUP_INK,G0K78B
HPCE_SUP_TON,CE313A
HPCH_SUP_INK,CH645A
HPCE_SUP_TON,CE402A
HP8F_PC_Laptop,8F6K2PA
HP65_PC_Monitor,65P59A6
HPCF_SUP_TON,CF351A
HPC9_SUP_INK,C9372A
DELL9G_PC_Laptop,9G7D9QB
DELLX2_SUP_TON,X2223B
DELL46_PC_Monitor,467E7BB
DELLDD_SUP_INK,DD754AA
HPCR_SUP_INK,CR312AA
DELL9V_PC_Laptop,9V7A8QB
HP9C_PC_Laptop,9C9E1PA
DELLDG_SUP_TON,DG391B
DELL89_PC_Desktop,893O1QB
HP7K_PC_Laptop,7K5J8PA
DELL31_PH_SJ,31H16B
HPCZ_SUP_INK,CZ130A
DELL4F_SUP_INK,4FE80B
DELLB5_PC_Laptop,B56Z7QB
DELL99_PC_Desktop,99A27QB
HPCF_SUP_TON,CF362X
HP7Z_PC_Laptop,7Z1P8PA
DELLD3_SUP_INK,D3Q31BB
DELL31_PH_SJ,31H18B
HP67_PC_Desktop,67U65PA
HP6C_PC_Desktop,6C3G1PA
DELL4K_SUP_INK,4KB88BB
DELL8Y_PC_Desktop,8Y0L1QB
DELLX2_SUP_TON,X2771B
DELL3S_PH_IJ,3SN93B
HP6J_PC_Desktop,6J0Y9PA
HP7K_PH_LJ,7KW56A
DELLDF_SUP_TON,DF432B
HP4Y_PC_Laptop,4Y0L2EC
DELL8Z_PC_Laptop,8Z7V0QB
DELL7Q_PC_Monitor,7QB61B5
DELLB1_PC_Laptop,B11QRQB
DELL4Z_SUP_INK,4ZN81BB
HP8F_PC_Desktop,8F4C5PA
DELL5A_PH_LJ,5AC06B
HPC2_SUP_INK,C2P06AA
DELL8Z_PC_Laptop,8Z7V2QB
HP9R_PC_Laptop,9R291PA
DELL9V_PC_Laptop,9V7Y9QB
DELL9V_PC_Laptop,9V7Z9QB
HPZ9_SUP_TON,Z9M01A
DELL69_PH_IJ,699M4E
DELL9M_PC_Laptop,9M256QB
HP7N_PC_Laptop,7N760PA
DELLX2_SUP_TON,X2214B
HP7Q_PC_Laptop,7Q6Z2PA
DELL4X_SUP_INK,4XY24B
HP6L_PC_Laptop,6L0K9PA
HPP2_SUP_INK,P2V25A
HPZ7_SUP_TON,Z7Y73A
HP8F_PC_Laptop,8F8Z3PA
DELL9G_PC_Laptop,9G7L2QB
HP67_SUP_INK,676M6A
HP1F_PH_IJ,1F3Y4A
HPCF_SUP_TON,CF359A
HPZ9_SUP_TON,Z9M02A
DELLDO_SUP_INK,DO703BB
DELL7K_PC_Desktop,7K1Q6QB
HPM0_SUP_INK,M0H50AA
HPL0_SUP_INK,L0S57AA
HP3W_SUP_INK,3WX08A
DELL9I_PC_Laptop,9I549QB
DELL4X_SUP_INK,4XY26B
HP8F_PC_Laptop,8F6D3PA
DELLD3_SUP_INK,D3Q18BB
HP63_PC_Desktop,635X7PA
HPW1_SUP_TON,W1580X
HP77_PC_Laptop,77S54PA
DELL0E_PC_Laptop,0E4N8QB
DELL4K_SUP_INK,4KB93BB
DELLX2_SUP_TON,X2231B
HPB3_SUP_INK,B3P21A
DELL78_PC_Desktop,78X20QB
HPCF_SUP_TON,CF364A
