MAP,PL,sku
106684,DELL0X_PC_Laptop,0X749QB
35611,DELL75_PC_Monitor,75X62BB
29914,DELLDF_SUP_TON,DF627B
39258,HP4Z_PH_LJ,4ZB96A
139670,DELL0R_PC_Laptop,0R0N0QB
993854,DELL7L_PH_IJ,7LE37B
49687,DELL89_PC_Desktop,89Z55QB
102079,HP8C_PC_Laptop,8C4R9PA
9900,DELLG0_SUP_INK,G0L15B
28788,DELLDF_SUP_TON,DF853B
5296,HPCN_SUP_INK,CN045AA
3547,HPC2_SUP_INK,C2P23AA
1419,HPC2_SUP_INK,C2P21AA
1749,DELL4F_SUP_INK,4FE79B
25865,DELLDG_SUP_TON,DG460B
120699,HP8F_PC_Laptop,8F6C9PA
1995,HP4K_SUP_INK,4K0V9PA
184299,HP8F_PC_Laptop,8F8Z8PA
7788,HPL0_SUP_UNK,L0R91AA
258399,HPT8_PH_IJ,T8W15A
31103,HP7N_PC_Desktop,7N6V0PA
25213,HP7W_PC_Laptop,7W475PA
69349,HP88_PC_Desktop,889G9PA
80359,HP9E_PC_Laptop,9E3Q6PA
2158,HP3E_SUP_INK,3ED28A
272087,HP8L_PC_Laptop,8L147PA
7181,DELL6S_PC_Monitor,6SE77BB
40672,HP9D_PC_Laptop,9D3N8PA
2921,DELL4Z_SUP_INK,4ZQ28BB
862,DELL4Z_SUP_INK,4ZN88BB
84919,DELL7M_PC_Laptop,7M9Q1FD
11174,DELLDG_SUP_TON,DG514Y
2245,DELLDE_SUP_INK,DE083BB
2333,DELL4K_SUP_INK,4KB89BB
60473,DELL7Y_PC_Desktop,7Y4R5QB
47915,HP8H_PC_Laptop,8H5D4PA
1492,DELLA8_SUP_TON,A8Z92B
6742,HPW1_SUP_TON,W1370X
94372,DELL0F_PC_Laptop,0F4K7QB
40818,HP9D_PC_Laptop,9D3N3PA
288919,DELL9M_PC_Laptop,9M271QB
13937,HP64_PC_Monitor,64W41AA
36444,DELL7I_PC_Desktop,7I2Y3QB
9183,DELLDG_SUP_TON,DG321Y
2898,DELL4X_SUP_INK,4XY11B
702,HPCZ_SUP_INK,CZ124AA
28481,DELLC4_SUP_INK,C4Q17B
13988,DELL4X_SUP_INK,4XY20B
6191,HP6D_PC_Monitor,6D8G9A6
380126,DELL9M_PC_Laptop,9M266QB
7248,HPCF_SUP_TON,CF210A
12730,HP67_SUP_INK,676M8A
9225,DELLDO_SUP_INK,DO745B
67545,DELL7Y_PC_Desktop,7Y4T6QB
6044,HP58_PH_IJ,588J8B
2191,HPCE_SUP_TON,CE980A
5240,DELLDE_SUP_INK,DE086BB
2249,DELL4Z_SUP_INK,4ZN31BB
72199,HP9J_PC_Laptop,9J6K8PA
1118,DELL4Z_SUP_INK,4ZN28BB
1080,HP4K_SUP_INK,4K0V8PA
39560,DELL78_PC_Laptop,78W61QB
2265,DELL4Z_SUP_INK,4ZQ04BB
11147,DELLX2_SUP_TON,X2631B
361522,DELL9A_PC_Laptop,9A8X6QB
50366,HP38_PC_Desktop,385Z7PA
20837,HPW1_SUP_TON,W1520X
16182,DELLA8_SUP_TON,A8Z89B
11037,DELLR6_SUP_TON,R6050B
45507,DELL9G_PC_Desktop,9G5D0QB
5604,HPC9_SUP_INK,C9404A
9236,DELLDG_SUP_TON,DG324B
5114,HP7W_PH_IJ,7WQ06B
49349,HP6X_PC_Desktop,6X3W3PA
12041,HPCN_SUP_INK,CN628AA
2478,HPT6_SUP_INK,T6M05AA
76810,DELL8L_PC_Desktop,8L778QB
1433,DELL4Z_SUP_INK,4ZN82BB
10709,HPP2_SUP_INK,P2V69A
40120,DELL95_PC_Desktop,954E3QB
8753,DELL3F_PC_Monitor,3F3Z4B7
4209,HP3J_SUP_INK,3JA85AA
28455,HP4Z_PH_LJ,4ZB95A
51229,HP7J_PC_Desktop,7J4Y1PA
5881,HPCD_SUP_INK,CD951A
34212,DELLX2_PH_LJ,X2B35B
20879,HP6G_PH_LJ,6GX04A
6819,DELL4X_SUP_INK,4XY25B
7307,HP60_PH_IJ,60K34B
6441,DELL4X_SUP_INK,4XY19B
38305,DELL8L_PC_Desktop,8L6X3QB
629,DELLN1_SUP_INK,N1I66BB
68845,DELL0R_PC_Laptop,0R073QB
67868,HP80_PC_Laptop,804L1PA
528,DELL7A_SUP_UNK,7AE72BB
6021,DELLDD_SUP_TON,DD499Y
27869,HP2Z_PH_LJ,2Z615A
89100,HP6L_PC_Laptop,6L8P0EC
85435,DELL7O_PC_Laptop,7O141QB
5707,DELLX3_SUP_TON,X3422B
1623,DELLX2_SUP_TON,X2691Y
1092,DELL4Z_SUP_INK,4ZN26BB
7738,DELLDF_SUP_TON,DF431B
7525,DELL4X_SUP_INK,4XY46B
68149,HP82_PC_Laptop,821J4PA
72141,DELLB1_PC_Laptop,B14DOQB
11486,HPW2_SUP_TON,W2043A
6659,DELLC4_SUP_INK,C4Q32B
123894,DELL03_PC_Laptop,03V96QB
159799,HP8L_PC_Laptop,8L8P4PA
137471,DELL9G_PC_Laptop,9G7D0QB
6191,DELL50_SUP_INK,509O6B
91139,HP92_PC_Laptop,92U76PA
73989,HP84_PC_Desktop,84H53PA
2175,DELLM1_SUP_INK,M1T65BB
90473,DELL31_PH_SJ,31H19B
96959,HP8Y_PC_Laptop,8Y989PA
52379,HP78_PC_Desktop,78Y44PA
37403,DELL8R_PC_Laptop,8R7A8QB
3905,HP7W_PH_IJ,7WN44D
6435,HP3W_SUP_INK,3WX14A
658,HPM0_SUP_INK,M0H55AA
148499,HP7P_PC_Desktop,7P2C5PA
796,HP3Y_SUP_INK,3YM77AA
13649,DELLDI_SUP_INK,DI759B
7284,HPCB_SUP_TON,CB541A
334250,HP8Z_PC_Laptop,8Z7W5PA
21877,HPCF_SUP_TON,CF362A
19399,HP71_PH_LJ,715A3A
788,HP3Y_SUP_INK,3YM72AA
167879,HP8L_PC_Laptop,8L120PA
29099,HPCZ_PH_LJ,CZ186A
5132,HP51_SUP_INK,51645AA
5658,HPP2_SUP_INK,P2V63A
172959,HP8X_PC_Laptop,8X1T8PA
7158,HPB3_SUP_INK,B3P20A
188159,HP7Y_PC_Laptop,7Y6U9PA
1784,HP3E_SUP_INK,3ED69A
125262,DELL9G_PC_Laptop,9G7K9QB
11942,DELLDO_SUP_INK,DO737BB
7249,HPCF_SUP_TON,CF500A
37524,HP9T_PC_Desktop,9T8L0PA
2305,HPCC_SUP_INK,CC643ZZ
118426,DELL9D_PC_Laptop,9D5S9QB
205001,DELL9G_PC_Laptop,9G9A2QB
61830,HP6X_PC_Desktop,6X3Q4PA
3275,HP3E_SUP_INK,3ED29A
9869,DELLDG_SUP_TON,DG491B
13734,DELL64_PH_LJ,64Q52B
1654,HPC2_SUP_INK,C2P04AA
6380,DELLD0_SUP_INK,D0483B
93279,HP8C_PC_Laptop,8C4R7PA
40142,HP40_PH_IJ,404L7C
80600,DELL89_PC_Desktop,893O2QB
142679,HPA4_PC_Laptop,A45Y7PA
8771,HPF9_SUP_INK,F9K04A
106314,DELL6I_PH_LJ,6II78B
2813,HPCH_SUP_INK,CH564ZZ
39342,DELL95_PC_Laptop,952X8QB
7669,DELLQ3_SUP_INK,Q3W36B
350688,DELL8K_PC_Desktop,8K3N4QB
11304,HPCN_SUP_INK,CN627AA
730,HP1V_SUP_INK,1VV21AA
9483,HPCF_SUP_TON,CF257A
5291,DELLDG_SUP_TON,DG621B
3904,DELLDO_SUP_INK,DO157BB
7262,DELLDF_SUP_TON,DF396B
303799,HP8L_PC_Laptop,8L160PA
11170,DELLX2_SUP_TON,X2571Y
51638,DELL7Y_PC_Desktop,7Y0T1QB
57376,DELL0E_PC_Laptop,0E4Q2QB
27920,DELLDG_SUP_TON,DG475B
2122,HP3Y_SUP_INK,3YM20AA
29978,HPCE_SUP_TON,CE516A
20208,HPW1_SUP_TON,W1470A
23861,HP6G_PC_Desktop,6G675PA
1636,HPC2_SUP_INK,C2P20AA
14596,DELLR3_SUP_TON,R3723BG
64595,DELL0Z_PC_Laptop,0Z1Z7QB
5659,HPCC_SUP_TON,CC388A
11986,HPCF_SUP_TON,CF412A
60624,HP6X_PC_Desktop,6X4B9PA
24143,HPCF_SUP_TON,CF287A
6569,HP54_PH_IJ,54R58B
8982,HPCF_SUP_TON,CF211A
102575,DELL0F_PC_Laptop,0F4L5QB
66231,DELLB1_PC_Laptop,B14DLQB
89268,DELL9G_PC_Laptop,9G5A6QB
32516,DELL7Y_PC_Desktop,7Y4X5QB
28647,DELL3A_PH_LJ,3A726B
3939,HP3Y_SUP_INK,3YM22AA
2207,DELL4Z_SUP_INK,4ZN32BB
6892,HPF9_SUP_INK,F9J67A
114749,HP8F_PC_Laptop,8F6J8PA
10709,HP3E_SUP_INK,3ED50A
6337,DELLQ3_SUP_INK,Q3W74B
28823,HP8H_PC_Laptop,8H9G6PA
640865,DELLX4_PH_IJ,X4A83B
1260,HP3Y_SUP_INK,3YM71AA
5073,HPW2_SUP_TON,W2310A
15179,HP38_PH_LJ,381V6A
84149,HP78_PC_Desktop,780A5PA
10396,HPCF_SUP_TON,CF403X
87228,DELLB1_PC_Laptop,B11QNQB
42239,HP50_PC_Laptop,50M63PA
54719,HP9Q_PC_Desktop,9Q932PA
25856,DELL7G_PH_SJ,7GX17B
98808,HP5H_PH_IJ,5HB08A
13332,DELL78_SUP_INK,787N7B
79907,DELL0X_PC_Laptop,0X7V9QB
3977,DELLDG_SUP_TON,DG342B
2278,HPCD_SUP_INK,CD973AA
48499,HPA0_PC_Laptop,A03CHPA
6662,DELL76_PC_Monitor,76Q68B7
27239,HPCE_SUP_TON,CE741A
6395,HP5R_PC_Monitor,5RD66AA
8036,DELLDG_SUP_TON,DG613B
21140,DELLX2_SUP_TON,X2581B
84864,HP81_PC_Laptop,81M38AA
11127,HPW2_SUP_TON,W2041A
83146,DELL92_PC_Laptop,92C20QB
922,HPCZ_SUP_INK,CZ637AA
92119,HP8C_PC_Laptop,8C527PA
37199,HP4K_PC_Laptop,4K5D5PA
34874,DELL8H_PC_Laptop,8H7I2QB
1655,DELL7A_SUP_INK,7AE30BB
10746,DELL4F_SUP_INK,4FE61B
10760,DELL4F_SUP_INK,4FE62B
4491,DELLX3_SUP_TON,X3101B
228581,DELL3Z_PH_IJ,3Z0I1B
90299,HP9Y_PC_Laptop,9Y0Z1PA
49244,DELL09_PC_Desktop,094O7QB
25438,HP2Z_PH_LJ,2Z614A
3748,DELLD3_SUP_INK,D3Q34BB
50997,DELL8K_PC_Desktop,8K5Z2QB
7897,DELLK4_SUP_UNK,K4N82B
3231,HP4S_SUP_INK,4S6X8PA
10583,HPW2_SUP_TON,W2303A
7088,HPCE_SUP_TON,CE322A
14665,DELL4X_SUP_INK,4XY41B
9704,DELLG0_SUP_INK,G0L12B
36359,DELL93_PC_Laptop,935M7QB
8763,DELLDF_SUP_TON,DF389B
2260,DELLA8_SUP_TON,A8Z01B
4908,DELLDO_SUP_INK,DO164BB
74933,DELL8O_PC_Laptop,8O860QB
2548,DELLD3_SUP_INK,D3Q37BB
4610,HP58_PH_IJ,588L3D
331344,HP8L_PC_Laptop,8L164PA
9057,DELLDO_SUP_INK,DO741B
1488,HP6Z_SUP_INK,6ZD32AA
8793,HPCF_SUP_TON,CF401A
70399,HPA0_PC_Laptop,A03CNPA
8034,DELLX3_SUP_TON,X3222B
51869,HP6J_PC_Desktop,6J0P5PA
60749,HP83_PC_Laptop,832Q8PA
234146,HP2Y_PH_IJ,2Y9H0A
52405,DELL66_PC_Desktop,66A37QB
60629,HP78_PC_Desktop,780A2PA
42568,DELL89_PC_Monitor,891K6BB
25987,DELLDF_SUP_TON,DF626B
43705,DELL7Y_PC_Desktop,7Y0N4QB
13226,DELL78_SUP_INK,787N8B
32291,HP3G_PH_LJ,3G636A
6369,HP54_PH_IJ,54R50B
321248,DELL9M_PC_Laptop,9M250QB
13697,HP3W_SUP_INK,3WX20A
10592,HPP2_SUP_INK,P2V68A
6594,DELLDG_SUP_TON,DG464B
7130,HPZ7_SUP_TON,Z7Y69A
6506,HPC9_SUP_INK,C9458A
9075,DELLDO_SUP_INK,DO747B
102425,DELL0Z_PC_Laptop,0Z1A2QB
8633,DELL75_PC_Monitor,75W92BB
55845,DELL8L_PC_Laptop,8L1M0QB
647,DELLN1_SUP_INK,N1I67BB
251105,HP2Y_PH_IJ,2Y9H2A
5864,DELLDO_SUP_INK,DO156BB
32490,HPW1_PH_LJ,W1A24A
127109,DELLB2_PC_Laptop,B2OX4QB
1265,DELLN1_SUP_INK,N1I61BB
48229,HP55_PC_Desktop,55Z26PA
60468,DELL0F_PC_Laptop,0F4K5QB
85814,DELL98_PC_Desktop,98H12QB
8261,DELL4X_SUP_INK,4XY37B
4141,HPCH_SUP_INK,CH565A
2181,DELL5T_SUP_INK,5T7Y7QB
82324,HP8F_PC_Laptop,8F4Z5PA
74669,HP5H_PH_LJ,5HH48A
10249,HPJ3_SUP_UNK,J3M68A
8463,DELLDG_SUP_TON,DG513B
71217,DELL99_PC_Desktop,990H0QB
469,HPZ7_SUP_TON,Z7Y83A
89122,DELL05_PC_Laptop,054T2QB
8845,DELLQ3_SUP_INK,Q3W38B
48014,HP81_PC_Desktop,81T80PA
2094,DELLD3_SUP_INK,D3Q17BB
117693,DELL9Z_PC_Desktop,9Z0E5QB
23192,HPZ7_SUP_TON,Z7Y76A
1710,HP3E_SUP_INK,3ED67A
16122,HPCF_SUP_TON,CF289A
8549,HPCF_SUP_TON,CF501A
68999,HP87_PC_Laptop,87B57PA
50332,DELL8L_PH_LJ,8LX75B
33795,HP7G_PC_Laptop,7G6H1PA
70647,DELL93_PC_Laptop,932K5QB
25425,DELLDF_SUP_TON,DF512B
46013,HP8G_PC_Laptop,8G148PA
10453,HP64_PC_Monitor,64X66AA
147230,DELL8Z_PC_Laptop,8Z7V4QB
4505,HPC2_SUP_INK,C2P07AA
7471,DELLA8_SUP_TON,A8Z84B
15859,HP6N_PC_Monitor,6N4E8AA
51110,HP8U_PC_Laptop,8U1H3PA
4012,DELL4X_SUP_INK,4XY12B
3812,HP3W_SUP_INK,3WX01A
41539,HP6X_PC_Desktop,6X9Q0PA
133499,HP7Y_PC_Laptop,7Y6T9PA
95413,DELL0Y_PC_Laptop,0Y6K4QB
2319,DELLU7_SUP_INK,U7N24BB
831,DELLG7_SUP_INK,G7W38BB
38447,HP9D_PC_Laptop,9D3N5PA
5480,HPCF_SUP_TON,CF513A
3235,DELL4F_SUP_INK,4FE89B
46189,DELL3A_PH_LJ,3A744B
63425,DELL89_PC_Desktop,893N1QB
35818,DELL0U_PC_Desktop,0U9M1QB
6515,DELLA8_SUP_TON,A8Z81B
11249,DELLX3_SUP_TON,X3153B
2414,DELLU7_SUP_INK,U7N16BB
1182,DELL4Z_SUP_INK,4ZN27BB
101437,DELL6I_PH_IJ,6IC19B
39559,HP7M_PC_Laptop,7M659PA
2231,HPCD_SUP_INK,CD972AA
56319,HP46_PC_Laptop,46D70PA
6316,DELLA8_SUP_TON,A8Z02B
159045,DELL03_PC_Desktop,03A32QB
11391,DELLQ3_SUP_INK,Q3W81B
2276,HPC2_SUP_INK,C2P19AA
9871,DELLDD_SUP_TON,DD499BE
142099,HP9U_PC_Laptop,9U2C4PA
175008,HP7P_PH_LJ,7PS84A
8243,DELLM1_SUP_UNK,M1S05BB
39559,HP7M_PC_Laptop,7M656PA
5916,DELLD0_SUP_INK,D0495B
14209,DELL4X_SUP_INK,4XY31B
48059,HP7L_PC_Laptop,7L035PA
31154,HP7K_PC_Desktop,7K2P3PA
14064,DELLG0_SUP_INK,G0K88B
2141,HPC9_SUP_INK,C9351AA
55589,DELL0E_PC_Laptop,0E4Q1QB
494392,DELLU9_PH_IJ,U9X27B
109817,DELL9M_PC_Laptop,9M233QB
8112,HPCF_SUP_TON,CF502A
288639,HP8L_PC_Laptop,8L149PA
33824,DELL64_PH_IJ,648Q6D
17479,HP6U_PH_IJ,6UU48A
50894,HP7K_PC_Desktop,7K3Z3PA
142790,DELL0V_PC_Laptop,0V3D5QB
3936,DELLU7_SUP_INK,U7N28BB
7632,DELLDG_SUP_TON,DG320B
25061,DELLA8_SUP_TON,A8Z87B
8555,HP2E_PC_Monitor,2E2Y3A6
42314,HP44_PC_Desktop,44V84PA
145035,DELLM4_PH_IJ,M4V54B
6060,DELLQ3_SUP_INK,Q3W73B
1999,DELLDD_SUP_INK,DD751AA
6187,DELLD0_SUP_INK,D0517B
62789,HP84_PC_Laptop,840G6PA
3699,HPL0_SUP_INK,L0S66AA
54367,DELL7G_PH_SJ,7GX10B
9429,DELLDG_SUP_TON,DG368B
11434,HPL0_SUP_UNK,L0S06AA
84279,HP9X_PC_Laptop,9X5J3PA
5551,HPW1_SUP_TON,W1660A
32488,DELL2C_PC_Monitor,2C0Y3BB
147029,HP8F_PC_Laptop,8F6D5PA
4958,HPCD_SUP_INK,CD975AA
66143,HPA1_PC_Laptop,A1QV2PA
6789,DELLX3_SUP_TON,X3221B
20763,DELL49_PH_LJ,492V1B
1130,HP3Y_SUP_INK,3YM16AA
4183,HPW2_SUP_TON,W2090A
3973,DELL8X_PH_IJ,8XO55E
1844,HPW1_SUP_TON,W1103AD
7711,DELLA8_SUP_TON,A8Z70B
5480,HPCF_SUP_TON,CF511A
7044,DELLA0_SUP_TON,A0N16B
5921,HPCF_SUP_TON,CF350A
43709,HP7Q_PC_Laptop,7Q6Y9PA
175779,HP9T_PC_Laptop,9T8K8PA
1963,HPCZ_SUP_INK,CZ132A
5557,HPW2_SUP_TON,W2312A
748,HPCZ_SUP_INK,CZ122AA
6392,DELL50_SUP_INK,509O7B
2669,DELL4K_SUP_INK,4KB91BB
30370,HPCE_SUP_TON,CE742A
7580,DELLA8_SUP_TON,A8Z79B
815,HPF6_SUP_INK,F6V27AA
70896,HP4R_PH_LJ,4RA89A
2142,DELLDO_SUP_INK,DO166BB
13183,HPF9_SUP_INK,F9K17A
16370,HPCF_SUP_TON,CF360A
49874,HP68_PC_Laptop,689U2PA
15757,DELLDF_SUP_TON,DF511B
13461,HP67_SUP_INK,676M7A
10864,DELL6T_PH_IJ,6TF37C
9311,HPCE_SUP_TON,CE410A
4930,HPW1_SUP_TON,W1370A
206079,HP8F_PC_Laptop,8F8Z1PA
227464,DELL94_PC_Laptop,945V6QB
46034,HPA0_PC_Desktop,A05H9PA
60299,HP9E_PC_Laptop,9E3J4PA
588097,HP3X_PH_IJ,3XB78A
45809,DELL7L_PC_Laptop,7L8V3QB
102128,DELL9D_PC_Laptop,9D5S8QB
63854,HP79_PC_Desktop,79U84PA
2463,HP3J_SUP_INK,3JA80AA
828,HPCZ_SUP_INK,CZ108AA
5284,HPC9_SUP_INK,C9383A
25544,DELL8L_PC_Desktop,8L2H4QB
5579,DELLX3_SUP_TON,X3423B
670,DELLA8_SUP_TON,A8Z99B
7201,HP3W_SUP_INK,3WX42A
45395,DELL31_PH_SJ,31H17B
3573,HP3J_SUP_INK,3JA81AA
66184,DELLB1_PC_Laptop,B14DKQB
6399,DELL4X_SUP_INK,4XY17B
17336,DELL24_PC_Monitor,24M93BB
143914,DELL8Z_PC_Laptop,8Z7V9QB
55923,DELL7L_PC_Laptop,7L0D7QB
26969,HP72_PC_Laptop,72K10PA
56839,HP9D_PC_Laptop,9D3P0PA
48918,DELL79_PC_Laptop,790V3QB
19396,HPCF_SUP_TON,CF361A
368652,DELL9M_PC_Laptop,9M277QB
11776,DELLDO_SUP_INK,DO739BB
44822,HP98_PC_Desktop,983N6PA
4541,DELLM1_SUP_INK,M1T83BB
16825,HP18_PC_Monitor,189T0AA
10666,HPCF_SUP_TON,CF280A
7920,DELLR3_SUP_TON,R3723B
9304,DELLA9_SUP_TON,A9X63B
67343,HP80_PC_Laptop,805X2PA
18613,HPCZ_PH_LJ,CZ174A
7011,HPW2_SUP_TON,W2112A
40981,DELL0E_PC_Laptop,0E4O8QB
3611,HP7W_PH_IJ,7WN46D
42040,DELL0E_PC_Laptop,0E4O4QB
138634,DELL9G_PC_Laptop,9G7L3QB
2352,DELL4Z_SUP_INK,4ZN20BB
152999,HP9E_PC_Laptop,9E3K8PA
9050,DELLDC_SUP_TON,DC651B
9710,HPW2_SUP_TON,W2301A
30688,HP6F_PH_SJ,6FW07A
9460,DELLG0_SUP_INK,G0L14B
77399,HPA0_PC_Laptop,A00PMPA
7817,DELL4X_SUP_INK,4XY53B
9279,DELLDG_SUP_TON,DG322B
6398,HPW1_SUP_TON,W1120A
14594,HPZ7_SUP_TON,Z7Y79A
1040,DELL5L_SUP_INK,5L1W9QB
55076,DELL9M_PC_Desktop,9M218QB
14890,HP3W_SUP_INK,3WX30A
2126,DELLDA_SUP_INK,DA243B
95039,HP9W_PC_Laptop,9W638PA
3315,HP3J_SUP_INK,3JA83AA
3178,HP3E_SUP_INK,3ED77A
1144,DELLU7_SUP_INK,U7M08BB
10223,HPCF_SUP_TON,CF228A
25348,HPCE_SUP_TON,CE401A
1590,HPL0_SUP_INK,L0S23AA
2469,DELL4K_SUP_INK,4KC17BB
61854,HP7K_PC_Desktop,7K661PA
6009,DELL50_SUP_INK,509O8B
14013,HP35_PC_Monitor,356D6AA
10216,HPF9_SUP_INK,F9K06A
1044,DELL5L_SUP_INK,5L1W7QB
36549,HP7J_PC_Desktop,7J9W4PA
6937,DELLG0_SUP_INK,G0K76B
4649,HPW1_SUP_TON,W1112A
60561,HP8A_PH_LJ,8AF52A
107159,HP8L_PC_Desktop,8L129PA
10298,DELLDG_SUP_TON,DG469B
1856,DELLD3_SUP_INK,D3Q15BB
14427,DELL4X_SUP_INK,4XY32B
20299,HPCF_SUP_TON,CF363A
9530,HPCN_SUP_INK,CN630A
75106,HP5H_PH_IJ,5HB06A
4857,DELL62_SUP_INK,62756BB
63149,DELL8M_PC_Laptop,8M488QB
13590,DELLDI_SUP_INK,DI756B
163628,DELL0U_PC_Laptop,0U9L7QB
39668,DELL8R_PC_Laptop,8R7A9QB
14158,HPCH_SUP_INK,CH646A
644,DELLN1_SUP_INK,N1I65BB
11521,DELL4F_SUP_INK,4FE50B
26949,HP97_PC_Desktop,977P0PA
671,HPM0_SUP_INK,M0H56AA
129417,DELL94_PC_Laptop,945U0QB
16983,DELLDG_SUP_TON,DG452B
174239,HP9U_PC_Laptop,9U867PA
19901,HP6N_PC_Monitor,6N4E2AA
37799,HP7J_PC_Desktop,7J1S5PA
2498,HP3J_SUP_INK,3JB06AA
44359,DELL4F_PC_Desktop,4F8S0QB
74699,HP7N_PC_Laptop,7N759PA
22096,DELLDG_SUP_TON,DG473B
6242,HPCF_SUP_TON,CF353A
2318,DELLM1_SUP_INK,M1T62BB
2290,HP3Y_SUP_INK,3YM21AA
34268,HP82_PC_Laptop,824L6PA
15189,DELL49_PH_LJ,492W7B
4261,DELL4K_SUP_INK,4KB96BB
83659,HP7S_PC_Laptop,7S4P3PA
26484,DELL83_PC_Laptop,83L21QB
39374,DELL5L_PC_Laptop,5L6E6QB
48741,HP6F_PH_SJ,6FW09A
1498,HPX4_SUP_INK,X4E79AA
167226,DELL9G_PC_Laptop,9G7E6QB
26342,DELL95_PC_Laptop,951U8QB
6711,DELLA8_SUP_TON,A8Z93B
58471,DELL7L_PC_Laptop,7L0D4QB
56295,DELL0D_PC_Laptop,0D0F2QB
11307,DELLDO_SUP_INK,DO738BB
5788,HPP2_SUP_INK,P2V64A
2261,HP4S_SUP_INK,4S6X6PA
3477,DELL4K_SUP_INK,4KB92BB
10520,DELL3F_PC_Monitor,3F3Z5B7
52808,HP7K_PC_Laptop,7K0L9PA
930,DELLX2_SUP_TON,X2691B
18899,HP38_PH_LJ,381U0A
163250,DELLG0_PH_IJ,G0B39F
14001,HPF9_SUP_INK,F9J78A
164201,DELL0V_PC_Laptop,0V978QB
55949,DELL9K_PC_Laptop,9K1T6QB
940,DELLDA_SUP_INK,DA232BB
2221,HPCN_SUP_INK,CN055AA
2268,DELLD0_SUP_INK,D0462BB
54502,HP20_PH_SJ,20G07A
18458,HP9V_PC_Monitor,9VJ40AA
125759,HP8D_PC_Laptop,8D667PA
87370,DELL00_PC_Laptop,00U01QB
41157,HP2W_PC_Desktop,2W953PA
7668,HPQ2_SUP_TON,Q2612X
7931,DELLDG_SUP_TON,DG612B
53030,DELL9V_PC_Laptop,9V2I4QB
7533,HPCF_SUP_TON,CF400A
107689,HP9E_PC_Laptop,9E3K5PA
123935,DELL0F_PC_Laptop,0F4L0QB
50940,DELL9H_PC_Laptop,9H259QB
156419,HP8F_PC_Laptop,8F6C8PA
7085,HPB3_SUP_INK,B3P19A
34849,HP7K_PC_Desktop,7K5W2PA
14759,HPCE_SUP_TON,CE400A
66146,DELL7L_PC_Laptop,7L0D6QB
52509,HP4J_PC_Laptop,4J0N0PA
1380,HPZ7_SUP_TON,Z7Y81A
19718,DELLDG_SUP_TON,DG348B
10787,HP34_PC_Monitor,34Y23AA
3777,DELLDO_SUP_INK,DO159BB
1217,DELLU7_SUP_INK,U7M90BB
67415,HP6F_PH_SJ,6FW10A
12539,DELL3I_PC_Monitor,3I1O2BB
2255,DELL5T_SUP_INK,5T7Y8QB
7261,DELLDG_SUP_TON,DG611B
19231,DELL0W_PC_Monitor,0WK51BB
32225,HP2Z_PH_LJ,2Z632A
27830,HP8F_PC_Desktop,8F4C2PA
116449,HP92_PC_Laptop,92U85PA
7152,HPW1_SUP_TON,W1104A
253333,DELL9G_PC_Laptop,9G9A4QB
119690,DELL9E_PC_Laptop,9E778QB
842,HPF6_SUP_INK,F6V26AA
6892,HPF9_SUP_INK,F9J66A
96104,HP5H_PH_LJ,5HH67A
25488,DELLDG_SUP_TON,DG390Y
6316,DELLDF_SUP_TON,DF423B
64576,DELL95_PC_Laptop,951H7QB
10857,DELLDG_SUP_TON,DG513Y
43119,HP84_PC_Desktop,84J08PA
107009,HP6L_PC_Laptop,6L0L1PA
11684,DELLDG_SUP_TON,DG523B
124099,HPA4_PC_Laptop,A46C9PA
1771,DELL4F_SUP_INK,4FE70B
824,HPF6_SUP_INK,F6V23AA
147922,DELL8Q_PC_Desktop,8Q3D6QB
6060,HPZ7_SUP_TON,Z7Y82A
39846,HP7W_PC_Laptop,7W474PA
9319,DELLG0_SUP_INK,G0L17B
9304,HPCF_SUP_TON,CF210X
2082,DELLDI_SUP_INK,DI674AA
51457,DELL0R_PC_Desktop,0R043QB
228192,DELL9Y_PC_Laptop,9Y2V1QB
77690,HP99_PC_Laptop,99T90PA
193230,DELL9G_PC_Laptop,9G9A1QB
33668,HP84_PC_Laptop,841W6PA
29804,DELL9I_PC_Laptop,9I0H7QB
6592,DELLDF_SUP_TON,DF422B
63014,DELL94_PC_Laptop,943R9QB
57819,HP6K_PC_Laptop,6K9C6PA
13085,DELL5B_PH_IJ,5B9E0B
174839,HP6J_PC_Laptop,6J2T8PA
10325,DELLDG_SUP_TON,DG511Y
193144,DELL0U_PC_Laptop,0U9L8QB
32198,DELL8L_PC_Desktop,8L3Q4QB
8442,DELLDG_SUP_TON,DG614B
8964,HPZ8_SUP_TON,Z8W52A
70559,HP7S_PC_Laptop,7S4N7PA
530100,HP3X_PH_IJ,3XB77A
7328,DELLQ3_SUP_INK,Q3W94B
55516,DELL5K_PC_Laptop,5K1O1QB
160379,HP8F_PC_Laptop,8F6C4PA
2222,DELLDO_SUP_INK,DO165BB
25379,HP84_PC_Laptop,840T7PA
1314,HPCH_SUP_INK,CH562ZZ
207899,HPA4_PC_Laptop,A45Y5PA
45789,HP6F_PH_SJ,6FW08A
76047,DELL0F_PC_Laptop,0F4R7QB
2203,DELLDO_SUP_INK,DO167BB
56006,DELL8L_PC_Desktop,8L4A4QB
3873,HP3J_SUP_INK,3JA84AA
42239,HP9D_PC_Laptop,9D3M7PA
14829,DELL7O_PC_Monitor,7O5F9BB
17510,DELLDF_SUP_TON,DF851B
86329,HP81_PC_Laptop,81B19PA
52779,HP95_PC_Laptop,95R98PA
54397,DELL8N_PC_Laptop,8N765QB
642868,HPT8_PH_IJ,T8W18A
1074306,HP2R_PH_IJ,2RM82A
1457,DELLG7_SUP_INK,G7W31BB
8247,DELLR3_SUP_TON,R3723Y
31529,DELL8O_PC_Desktop,8O7W1QB
28799,DELLDA_PH_LJ,DA297B
141645,DELLB5_PC_Laptop,B57D0QB
3506,HPCN_SUP_INK,CN046AA
12510,DELLM1_SUP_UNK,M1T17BB
23845,DELLDG_SUP_TON,DG471Y
181217,DELL9G_PC_Laptop,9G9A9QB
2254,HPCD_SUP_INK,CD974AA
7879,HPL0_SUP_UNK,L0R88AA
989,HP4K_SUP_INK,4K0V6PA
8980,HPCF_SUP_TON,CF402A
160079,HP8L_PC_Laptop,8L145PA
17960,DELL7O_PC_Monitor,7O7F0BB
10319,HPCF_SUP_TON,CF358A
116999,HPA1_PC_Laptop,A1NW3PA
19684,DELLD2_SUP_INK,D2R21B
202859,HP9T_PC_Laptop,9T8K7PA
38699,HP9D_PC_Laptop,9D3N6PA
2211,DELLD3_SUP_INK,D3Q20BB
1351,DELLN1_SUP_INK,N1I62BB
1599,DELLD3_SUP_INK,D3Q33BB
69581,DELL89_PC_Desktop,891B3QB
14364,HPZ7_SUP_TON,Z7Y78A
3820,HPL0_SUP_INK,L0S69AA
19696,DELL39_PH_IJ,39D23B
42719,HP7X_PC_Desktop,7X9K0PA
40050,HP7J_PC_Laptop,7J035AA
2264,HPCZ_SUP_INK,CZ131A
103199,HP8C_PC_Laptop,8C4R8PA
9599,HPCC_SUP_TON,CC388AD
78569,HP82_PC_Laptop,821M3PA
10113,HPF9_SUP_INK,F9K01A
624,HPM0_SUP_INK,M0H54AA
7847,DELLX3_SUP_TON,X3224B
742,DELLDA_SUP_INK,DA233BB
8301,HPCB_SUP_TON,CB542A
83220,DELL06_PC_Laptop,06T70QB
34745,DELL51_PC_Monitor,51A43BB
3417,DELL5T_SUP_INK,5T7Y9QB
5983,HP3E_SUP_INK,3ED45A
2266,DELLDE_SUP_INK,DE084BB
96594,DELLB1_PC_Laptop,B11QQQB
138860,HP7P_PH_LJ,7PS82A
10002,DELLX3_SUP_TON,X3221Y
2496,HPCF_SUP_TON,CF233A
113999,HP8Y_PC_Desktop,8Y9D4PA
15513,HPCE_SUP_TON,CE278AF
28300,DELL3A_PH_LJ,3A725B
914,HPCN_SUP_INK,CN693AA
4377,DELLDA_SUP_INK,DA246B
6006,DELL4F_SUP_INK,4FE56B
19191,DELL82_PH_LJ,826B5B
65166,DELL7G_PH_SJ,7GX21B
23550,HP20_PH_SJ,20G05A
144050,DELL8Z_PC_Laptop,8Z7V3QB
97919,HP9E_PC_Laptop,9E3J6PA
71225,DELL7L_PC_Laptop,7L0K3QB
24704,DELL6D_PC_Laptop,6D6N5QB
8063,DELLDC_SUP_TON,DC654B
39361,DELL0E_PC_Laptop,0E4O7QB
3012,HPCF_SUP_TON,CF256X
8946,HPCN_SUP_INK,CN634A
30539,DELL9G_PC_Desktop,9G5D3QB
10160,HPCF_SUP_TON,CF401X
22820,DELL27_PC_Monitor,270M1BB
60708,DELL8K_PC_Desktop,8K285QB
6749,DELLG0_SUP_INK,G0K77B
6145,HPCF_SUP_TON,CF234A
8825,DELLX3_SUP_TON,X3151B
102751,DELL7M_PC_Laptop,7M1M1QB
11008,HPW2_SUP_TON,W2042A
7899,DELL8O_PC_Monitor,8O010BU
14198,HPCE_SUP_TON,CE255A
6163,HPCC_SUP_TON,CC388X
8975,DELL76_PC_Monitor,76Q60B7
24411,DELL7H_PH_LJ,7HY17B
5893,HPW2_SUP_TON,W2110A
946,DELLDO_SUP_INK,DO704BB
23119,HPCF_SUP_TON,CF289X
4851,DELLX2_SUP_TON,X2481B
18951,DELL82_PH_LJ,826B4B
21255,DELL82_PH_LJ,826B6B
6870,HPZ9_SUP_TON,Z9M05A
3568,DELL4K_SUP_INK,4KB94BB
118246,DELL0F_PC_Laptop,0F4L6QB
45242,HP78_PC_Monitor,780J5AA
10118,HPCF_SUP_TON,CF400X
146261,DELL9M_PC_Laptop,9M9Q6QB
11427,HPCN_SUP_INK,CN626AA
3747,DELLM1_SUP_INK,M1T77BB
9613,DELLDO_SUP_INK,DO746B
44499,HP7L_PC_Laptop,7L033PA
16474,DELLDG_SUP_TON,DG390B
77160,DELL5S_PH_LJ,5SB90B
10265,DELLX3_SUP_TON,X3413B
15009,HP6G_PH_LJ,6GW64A
145499,HP9Q_PC_Laptop,9Q9M9PA
6674,DELLA0_SUP_TON,A0N13B
32399,HP50_PC_Laptop,50M62PA
65960,DELL93_PC_Laptop,932Q1QB
820,DELLG7_SUP_INK,G7W34BB
29075,HP6P_PC_Monitor,6PA50A4
7433,HP3W_SUP_INK,3WX26A
7296,DELLDG_SUP_TON,DG341B
10520,HPW2_SUP_TON,W2111X
3006,DELLD0_SUP_INK,D0463BB
215599,HP8F_PC_Laptop,8F8Y9PA
96049,HP81_PC_Laptop,81B47PA
409767,HP8L_PC_Laptop,8L168PA
45959,HP20_PH_SJ,20G06A
109199,HP8L_PC_Laptop,8L122PA
20688,DELLDG_SUP_TON,DG472B
6741,HPZ7_SUP_TON,Z7Y70A
9381,DELLDF_SUP_TON,DF421BE
2271,DELL4F_SUP_INK,4FE39B
88263,DELL9D_PC_Laptop,9D638QB
44054,HP63_PC_Desktop,635A4PA
44837,HP8K_PC_Laptop,8K8J1PA
9627,HPW2_SUP_TON,W2110X
196019,HP8U_PC_Laptop,8U6X8PA
55441,HP91_PC_Laptop,91R01PA
2127,HPCN_SUP_INK,CN056AA
6715,DELLDG_SUP_TON,DG462B
9935,DELLDG_SUP_TON,DG522B
154564,DELL6I_PH_IJ,6IC21B
60179,DELL0Y_PC_Laptop,0Y4M7QB
512276,DELL4F_PH_IJ,4FL24B
704,DELLDA_SUP_INK,DA234BB
20159,HP38_PH_LJ,381U4A
27239,HPCE_SUP_TON,CE743A
385015,DELL9M_PC_Laptop,9M279QB
3177,DELLDG_SUP_TON,DG367B
76393,DELL8O_PC_Laptop,8O871QB
6284,DELLDG_SUP_TON,DG461B
5643,DELLDG_SUP_TON,DG329B
6982,DELLC4_SUP_INK,C4Q31B
21173,DELLDA_PH_LJ,DA286B
11117,DELLQ3_SUP_INK,Q3W70B
5791,HPW2_SUP_TON,W2311A
9697,DELLDF_SUP_TON,DF521B
5762,DELLDG_SUP_TON,DG623B
18155,DELLDG_SUP_TON,DG392B
50416,HP8J_PC_Laptop,8J0S5PA
11912,DELL45_PC_Monitor,45Z34BB
53813,DELL8L_PC_Desktop,8L760QB
31799,HP40_PC_Monitor,40Z32AA
44649,HP7Q_PC_Laptop,7Q6Z0PA
208799,HP8X_PC_Laptop,8X1U0PA
121499,HP9U_PC_Laptop,9U2C1PA
35639,HP81_PC_Desktop,81T79PA
152879,HP7Y_PC_Laptop,7Y6U3PA
934,DELLDA_SUP_INK,DA749BB
37599,HP84_PC_Laptop,841W7PA
104949,DELL0Z_PC_Laptop,0Z1A3QB
11640,DELLK4_SUP_UNK,K4N79B
48160,DELL3A_PH_LJ,3A745B
97649,HP9E_PC_Laptop,9E3K4PA
2308,HP4S_SUP_INK,4S6X5PA
7120,HPCE_SUP_TON,CE320A
8918,HPCE_SUP_TON,CE314A
82769,HP6N_PC_Laptop,6N030PA
5175,HPW2_SUP_TON,W2091A
11460,HPCF_SUP_TON,CF402X
160889,HP9D_PC_Laptop,9D0K7PA
4685,HPL0_SUP_INK,L0S72AA
79049,HP95_PC_Laptop,95S69PA
7735,DELLA8_SUP_TON,A8Z83B
44338,DELL7G_PH_SJ,7GX19B
6205,DELLDE_SUP_INK,DE062B
45886,HP7K_PH_LJ,7KW64A
8244,DELL71_PH_IJ,71L45C
157520,HPF9_PH_IJ,F9A28E
53109,DELL06_PC_Laptop,06S09QB
10072,DELLX3_SUP_TON,X3414B
238961,DELL9V_PC_Laptop,9V7A3QB
58805,DELL8N_PC_Laptop,8N769QB
7410,DELL4X_SUP_INK,4XY48B
19188,HPC1_SUP_INK,C1Q10A
114212,DELL0S_PC_Desktop,0S5O0QB
5261,HPCE_SUP_TON,CE310A
200762,DELLB5_PC_Laptop,B56Z6QB
864,HPW1_SUP_TON,W1580A
107790,DELL01_PC_Laptop,01O65QB
18059,HP71_PH_LJ,715A4A
36353,DELL8Q_PC_Desktop,8Q1X5QB
5914,DELLQ3_SUP_INK,Q3W75B
46454,DELL8R_PC_Desktop,8R974QB
6691,HPW1_SUP_TON,W1460A
171957,HP8L_PC_Laptop,8L144PA
16252,HPCZ_SUP_TON,CZ192A
66194,DELL89_PC_Desktop,891B8QB
16820,DELLDG_SUP_TON,DG471B
7376,HPZ7_SUP_TON,Z7Y68A
3619,HPL0_SUP_INK,L0S63AA
83736,HP20_PH_SJ,20G08A
1986,HPL0_SUP_INK,L0S51AA
220791,HP83_PC_Laptop,834U5PA
11618,DELL5B_PH_IJ,5B9S0B
17763,DELLDA_SUP_TON,DA203B
16898,DELL7O_PC_Monitor,7O5G2BB
10010,DELLX3_SUP_TON,X3222Y
946,HPW1_SUP_TON,W1103A
23409,DELL49_PH_LJ,492V3B
14901,HPQ2_SUP_TON,Q2612AF
132999,HP9U_PC_Laptop,9U7H2PA
83190,DELL88_PC_Laptop,88T65QB
55766,HP7M_PC_Laptop,7M658PA
22876,DELLX2_SUP_TON,X2631Y
33369,HP6X_PC_Desktop,6X3W4PA
918,HPCZ_SUP_INK,CZ121AA
141328,DELL9D_PC_Laptop,9D5S7QB
56853,DELL81_PC_Laptop,812I6QB
43453,DELL8K_PC_Laptop,8K146BB
512,DELLA8_SUP_TON,A8Z94B
29044,HP7K_PC_Desktop,7K1H4PA
13789,DELL78_SUP_INK,787N9B
16258,DELLA8_SUP_TON,A8Z80B
84932,DELL92_PC_Laptop,92N49BB
41068,HP9D_PC_Laptop,9D3N7PA
900,DELLDA_SUP_INK,DA218BB
96319,HP9Y_PC_Laptop,9Y0Z2PA
56759,HP78_PC_Desktop,782N0PA
42885,DELL0U_PC_Desktop,0U791QB
67412,DELLB2_PC_Laptop,B2RW3QB
11294,HP4A_PH_IJ,4A8R9A
2893,HP3W_SUP_INK,3WX00A
355717,HP8L_PC_Laptop,8L166PA
86185,DELL03_PC_Laptop,03V87QB
4330,DELL4K_SUP_INK,4KB95BB
2117,DELLDE_SUP_INK,DE085BB
5802,DELLD0_SUP_INK,D0494B
4053,DELL8X_PH_IJ,8XO57E
46324,HP8Q_PC_Laptop,8Q3X5PA
1911,HP3Y_SUP_INK,3YM18AA
1579,DELLA0_SUP_TON,A0N15B
8690,DELLM1_SUP_UNK,M1S02BB
10317,DELLDG_SUP_TON,DG388B
71380,HP8A_PH_LJ,8AF45A
1807,DELLA8_SUP_TON,A8Z91B
5198,HPCF_SUP_TON,CF218A
15966,HP6N_PC_Monitor,6N4F1AA
127218,DELL0V_PC_Laptop,0V8I3QB
20306,HPCZ_PH_LJ,CZ175A
38812,DELL8X_PC_Laptop,8X585QB
83699,HP7Z_PC_Laptop,7Z1P9PA
31992,DELL4H_PH_LJ,4H747B
109759,HPA0_PC_Laptop,A00PQPA
97236,DELL0F_PC_Laptop,0F4L4QB
2051,HP4S_SUP_INK,4S6X7PA
11780,DELLX3_SUP_TON,X3154B
49902,HP9D_PC_Laptop,9D3N9PA
18942,DELL51_PH_IJ,516X3D
4169,HPC2_SUP_INK,C2P05AA
2079,HPCN_SUP_INK,CN054AA
34768,HP1B_PC_Monitor,1B9X2AA
59556,DELL89_PC_Desktop,891B7QB
60911,DELL7Y_PC_Desktop,7Y5C0QB
1563,HP6Z_SUP_INK,6ZD31AA
57619,HPA0_PC_Laptop,A03CJPA
273229,DELL9G_PC_Laptop,9G9A7QB
9796,HPCE_SUP_TON,CE310AD
14306,HPF9_SUP_INK,F9J77A
64781,DELL78_PC_Desktop,78V76QB
132000,DELL0F_PC_Laptop,0F4L8QB
1142,HP3Y_SUP_INK,3YM17AA
1735,DELL4F_SUP_INK,4FE78B
5706,HP49_SUP_INK,498N5A
15129,DELLG0_SUP_INK,G0L28B
153749,HP8L_PC_Desktop,8L130PA
12503,DELLDG_SUP_TON,DG524B
1806,HPT6_SUP_INK,T6M01AA
2462,DELLU7_SUP_INK,U7N10BB
86500,DELL8I_PC_Laptop,8I6E4QB
83699,HP7H_PC_Laptop,7H5D3PA
16379,HP13_PC_Monitor,13L82AA
10441,HP1F_PH_IJ,1F3W3A
15189,HP4A_PH_IJ,4A8D4A
60387,DELL7O_PC_Monitor,7O5E7BB
66380,HP9Q_PC_Laptop,9Q962PA
2278,HPC2_SUP_INK,C2P26AA
139197,DELL8Z_PC_Laptop,8Z7U0QB
10655,DELLDG_SUP_TON,DG512Y
38818,HP7Q_PC_Laptop,7Q6Z7PA
13064,DELL82_PH_LJ,825A0B
43986,DELL0E_PC_Laptop,0E4O9QB
40909,DELL8N_PC_Laptop,8N767QB
116579,HP9E_PC_Laptop,9E3K7PA
153990,DELL9M_PC_Laptop,9M9Q5QB
352463,DELL9M_PC_Laptop,9M275QB
35314,DELL95_PC_Laptop,952X7QB
28129,HP67_PC_Laptop,678M6PA
22131,HPCF_SUP_TON,CF360X
8882,HPCF_SUP_TON,CF410A
1980,HPCH_SUP_INK,CH563ZZ
22185,DELL7H_PH_LJ,7HY15B
3250,HP3E_SUP_INK,3ED78A
136862,DELL9M_PC_Laptop,9M9Q3QB
8993,HPCE_SUP_TON,CE278A
5983,HP3E_SUP_INK,3ED44A
217986,HP7Z_PC_Laptop,7Z481PA
33686,HP6C_PC_Desktop,6C3G6PA
3005,HPCF_SUP_TON,CF256A
84075,DELL8A_PC_Laptop,8A2Q9QB
55369,DELL49_PC_Desktop,496A8QB
11291,HPP2_SUP_INK,P2V70A
52509,HP7M_PC_Laptop,7M654PA
19157,HP28_PH_IJ,28C12A
11204,DELL75_PC_Monitor,75Y77BB
6184,DELLDF_SUP_TON,DF424B
5765,DELL2I_PC_Monitor,2I950B7
2143,HPCC_SUP_INK,CC640ZZ
88109,HP94_PC_Laptop,943S1PA
75847,DELL9D_PC_Laptop,9D6I6QB
71637,DELL0K_PC_Laptop,0K7L9QB
74259,HP6K_PC_Laptop,6K9J2PA
41845,DELL8K_PC_Desktop,8K0X5QB
7517,DELLDF_SUP_TON,DF434B
7757,DELLDF_SUP_TON,DF433B
529,HP6Z_SUP_UNK,6ZD21AA
1498,HPZ9_SUP_TON,Z9M04A
83026,DELL8T_PC_Laptop,8T5Q4QB
1190,HP3Y_SUP_INK,3YM15AA
67880,DELL91_PC_Laptop,915M2QB
9596,DELLG0_SUP_INK,G0L16B
32272,HPL0_SUP_TON,L0H25A
62309,HP78_PC_Desktop,780A7PA
656,HPCZ_SUP_INK,CZ123AA
7114,DELL65_PH_IJ,65S69C
3573,HP3J_SUP_INK,3JA82AA
10983,HPZ9_SUP_TON,Z9M07A
7837,HPCF_SUP_TON,CF219A
148199,HP7Y_PC_Laptop,7Y6U2PA
7325,HPCE_SUP_TON,CE321A
6066,DELL4F_SUP_INK,4FE54B
14303,HPCH_SUP_INK,CH648A
98939,HP9E_PC_Laptop,9E3K3PA
9036,DELLDG_SUP_TON,DG512B
49462,DELL0E_PC_Laptop,0E4O0QB
8334,DELLM1_SUP_UNK,M1S08BB
1409,DELL7A_SUP_INK,7AE43BB
59074,HP6X_PC_Desktop,6X3S5PA
6360,DELLD0_SUP_INK,D0484B
717,DELL2W_SUP_INK,2WW32BB
6502,HP3W_SUP_INK,3WX36A
554,DELL7A_SUP_UNK,7AE32BB
6307,DELL50_SUP_INK,509Q3B
1512,HP6Z_SUP_INK,6ZD29AA
390716,HP8L_PC_Laptop,8L155PA
7451,DELLX2_SUP_TON,X2481Y
7575,DELLA8_SUP_TON,A8Z96B
6400,HPF9_SUP_INK,F9J65A
7408,HP7N_PC_Monitor,7N909AT
57111,DELL74_PC_Desktop,746Y8QB
165588,DELL9M_PC_Laptop,9M255QB
42423,DELLB1_PC_Desktop,B16I0QB
8276,DELLDC_SUP_TON,DC652B
42002,HP6X_PC_Desktop,6X9M3PA
3695,DELLM1_SUP_INK,M1T70BB
9627,HPCN_SUP_INK,CN636A
40419,HP9T_PC_Desktop,9T680PA
10476,HP3E_SUP_INK,3ED51A
2181,DELLDA_SUP_INK,DA242B
26686,DELL78_PC_Laptop,789N9QB
1712,HPL0_SUP_INK,L0S24AA
18754,DELLDF_SUP_TON,DF401B
25283,HPCZ_PH_LJ,CZ184A
49289,HP7H_PC_Desktop,7H0Y7PA
8874,HPF9_SUP_INK,F9K02A
1130,DELL5L_SUP_INK,5L1W8QB
13096,DELL2G_PH_IJ,2G4Z5B
27200,DELL78_PC_Laptop,789N7QB
2339,HP3Y_SUP_INK,3YM19AA
91484,HP8X_PC_Laptop,8X059PA
61861,HP8U_PC_Laptop,8U1H6PA
25617,HP6F_PH_SJ,6FW06A
8025,HPCF_SUP_TON,CF503A
13763,HP53_PH_LJ,53P41A
9381,HPCF_SUP_TON,CF212A
9744,DELLG0_SUP_INK,G0L13B
23685,DELL3A_PH_LJ,3A724B
13329,DELL75_PC_Monitor,75Y70BB
10799,DELLK4_SUP_UNK,K4N81B
62115,DELL8L_PC_Laptop,8L6K9QB
25095,DELLDA_PH_LJ,DA295B
10009,HPF9_SUP_INK,F9K03A
12083,HPL0_SUP_UNK,L0S00AA
39949,HP3E_PC_Desktop,3E7R9PA
11474,DELLX3_SUP_TON,X3152B
28189,DELL5X_PH_IJ,5XG77B
720047,HP3E_PH_IJ,3EK15A
17165,HPCF_SUP_TON,CF281A
154174,HP8L_PC_Desktop,8L120PA
62559,HP7P_PC_Laptop,7P704PA
46559,HP7Q_PC_Desktop,7Q863PA
169498,DELL0S_PC_Laptop,0S302QB
7118,DELL4X_SUP_INK,4XY49B
16045,DELLDF_SUP_TON,DF366B
5710,HPC9_SUP_INK,C9380A
2228,DELLDF_SUP_TON,DF091B
9331,DELLDG_SUP_TON,DG521B
3526,DELL4F_SUP_INK,4FE88B
146999,HP8F_PC_Laptop,8F6C5PA
129150,HP8H_PC_Laptop,8H438PA
4742,HPCN_SUP_INK,CN053AA
195939,HP8F_PC_Laptop,8F8Z5PA
5557,HPW2_SUP_TON,W2313A
2619,DELLDG_SUP_TON,DG344B
1335,DELLY5_SUP_INK,Y5F86BB
1693,DELLM1_SUP_INK,M1T34BB
2241,DELL4K_SUP_INK,4KB80BB
58820,DELL57_PC_Laptop,57E81QB
17557,DELL29_PC_Monitor,290U1BB
11428,HPJ3_SUP_UNK,J3M70A
44128,DELL8Q_PC_Laptop,8Q7A9QB
4417,DELLDA_SUP_INK,DA247B
1349,HPM0_SUP_INK,M0H51AA
2434,HPC2_SUP_INK,C2P24AA
10077,HPW2_SUP_TON,W2113X
24224,HP4W_PH_IJ,4WF66A
6201,HPCE_SUP_TON,CE311A
37901,HP64_PC_Monitor,64W51AA
65175,DELL8L_PC_Desktop,8L772QB
6369,HP65_PC_Monitor,65P57A6
18656,HP40_PH_IJ,405W2C
106019,HP8L_PC_Laptop,8L129PA
6245,HPCF_SUP_TON,CF512A
5765,DELLDG_SUP_TON,DG622B
8856,HPP2_SUP_INK,P2V27A
521760,DELL4Y_PH_IJ,4YC88B
5924,HPZ7_SUP_TON,Z7Y91A
165533,DELL0F_PC_Laptop,0F4L9QB
4292,HPCZ_SUP_INK,CZ136A
7538,HPCB_SUP_TON,CB543A
28157,DELL85_PC_Laptop,854B2QB
6987,DELL4X_SUP_INK,4XY47B
26749,DELL08_PC_Desktop,088Q1QB
11493,DELLK4_SUP_UNK,K4N70B
1945,DELLDS_SUP_INK,DS423BB
15053,DELLG0_SUP_INK,G0L26B
170989,DELL8Q_PH_LJ,8QT95B
145079,HP7Y_PC_Laptop,7Y6U8PA
33995,DELLDG_SUP_TON,DG473Y
88999,HPA0_PC_Laptop,A00PNPA
186778,DELL9G_PC_Laptop,9G9A6QB
10656,DELLDO_SUP_INK,DO736BB
5557,DELLDF_SUP_TON,DF421B
123279,HP9E_PC_Laptop,9E3K9PA
2144,DELLM1_SUP_INK,M1T68BB
8654,HPCN_SUP_INK,CN635A
191099,HPA4_PC_Laptop,A45Y6PA
272597,DELL3Z_PH_IJ,3Z0I3B
957,DELLDA_SUP_INK,DA748BB
1773,DELLX2_SUP_TON,X2214BE
1920,HPZ7_SUP_TON,Z7Y80A
2887,HPW1_SUP_TON,W1335X
105071,DELL92_PC_Laptop,92C58QB
104670,DELL8K_PC_Desktop,8K291QB
22794,HP6G_PH_LJ,6GX06A
8103,DELLDC_SUP_TON,DC653B
52083,DELL9I_PC_Laptop,9I6E5QB
6012,DELLD0_SUP_INK,D0491B
105550,DELL0R_PC_Laptop,0R0N7QB
65702,DELLM4_PH_IJ,M4V55B
23405,HP6U_PH_IJ,6UU47A
25835,DELL8X_PC_Laptop,8X586QB
44624,HP67_PC_Desktop,67W19PA
34459,DELL7G_PC_Desktop,7G078QB
872,DELLG7_SUP_INK,G7W37BB
10937,HPCN_SUP_INK,CN625AA
7042,DELLX2_SUP_TON,X2571B
1140,HPT6_SUP_INK,T6L93AA
10847,HP2E_PC_Monitor,2E2Y4A6
124669,HP9Z_PC_Laptop,9Z835PA
4454,DELLDA_SUP_INK,DA245B
45197,DELL9L_PC_Laptop,9L9K2QB
11310,HPJ3_SUP_UNK,J3M69A
150509,HP9T_PC_Laptop,9T8K6PA
5338,DELLX3_SUP_TON,X3103B
5662,DELLD5_SUP_INK,D5921B
9214,DELLDO_SUP_INK,DO730B
9143,DELLDF_SUP_TON,DF425B
9839,DELLDG_SUP_TON,DG323B
3897,DELLDO_SUP_INK,DO158BB
47814,DELL7Y_PC_Desktop,7Y4X4QB
240565,DELLM3_PH_SJ,M3874B
44488,DELL3X_PC_Desktop,3X064QB
7191,HP3W_SUP_INK,3WX35A
6225,HPC9_SUP_INK,C9371A
13436,HPCH_SUP_INK,CH647A
41979,DELL7Y_PC_Desktop,7Y0R1QB
3357,HP3E_SUP_INK,3ED79A
64995,DELL8Q_PC_Laptop,8Q815QB
6006,DELLDG_SUP_TON,DG624B
10251,HPQ5_SUP_TON,Q5949A
6535,HPCE_SUP_TON,CE312A
635269,DELLU9_PH_IJ,U9X29B
59415,HP7L_PC_Laptop,7L377PA
300431,DELLU9_PH_IJ,U9X26B
13094,HP71_PH_LJ,714Z9A
10713,HPQ7_SUP_TON,Q7553A
23219,HP5C_PC_Laptop,5C5M4PA
1186,HPX4_SUP_INK,X4E75AA
252559,HP8F_PC_Laptop,8F8Z6PA
130362,DELL0V_PC_Laptop,0V3D2QB
185309,HP8F_PC_Laptop,8F8Z0PA
8202,HPCB_SUP_TON,CB540A
50899,HP7K_PC_Desktop,7K659PA
69815,HP1P_PH_LJ,1PV87A
19070,DELL49_PH_LJ,492V5B
2406,DELLD3_SUP_INK,D3Q36BB
1755,HP3Y_SUP_INK,3YP94AA
44112,DELL55_PC_Desktop,55W95QB
55509,HP70_PC_Laptop,701H5PA
725,DELLDA_SUP_INK,DA235BB
67355,HP82_PC_Laptop,821P0PA
32335,DELLDG_SUP_TON,DG474Y
6649,HPCF_SUP_TON,CF352A
7697,HPZ7_SUP_TON,Z7Y72A
13200,HP64_PC_Monitor,64X69AA
153593,DELLB5_PC_Laptop,B56Z8QB
94090,DELLB1_PC_Laptop,B11QOQB
237171,DELL9G_PC_Laptop,9G9Z0QB
6652,DELLC4_SUP_INK,C4Q20B
24971,HP16_PC_Monitor,169L0AA
21823,DELLDG_SUP_TON,DG474B
82857,DELL89_PC_Desktop,891B6QB
948970,HP6K_PH_IJ,6KD26A
862,HPCZ_SUP_INK,CZ638AA
60624,HP7Q_PC_Laptop,7Q6Z3PA
4384,HPCZ_SUP_INK,CZ134A
79765,DELL93_PC_Laptop,932N4QB
61776,HP9X_PC_Laptop,9X3L6PA
18124,HPCE_SUP_TON,CE390A
7695,DELLDG_SUP_TON,DG511B
122351,HP83_PC_Laptop,834T9PA
318695,HP8L_PC_Laptop,8L152PA
59519,HP6K_PC_Laptop,6K9C3PA
3665,DELLM1_SUP_INK,M1T74BB
102299,HP9W_PC_Laptop,9W6U6PA
1206,DELLDI_SUP_INK,DI673AA
6139,DELLDG_SUP_TON,DG463B
7548,HPJ3_SUP_UNK,J3M71A
5367,DELL8X_PH_IJ,8XR17C
10869,DELLR8_SUP_TON,R8664B
10093,HP3D_PH_IJ,3D4L3A
24589,DELLDF_SUP_TON,DF513B
77599,HP8C_PC_Laptop,8C5H5PA
79679,HP7K_PC_Desktop,7K667PA
8557,HPCN_SUP_INK,CN629A
9153,HPW2_SUP_TON,W2040A
11325,HPW1_SUP_TON,W1520A
177474,DELL9Y_PC_Laptop,9Y2U9QB
48076,DELL92_PC_Desktop,92U91QB
7826,HPW2_SUP_TON,W2111A
32988,DELL61_PC_Laptop,61N73QB
15483,HPCF_SUP_TON,CF341A
46992,DELL74_PC_Desktop,746B5QB
365945,DELL9M_PC_Laptop,9M263QB
59479,DELL8Q_PC_Laptop,8Q814QB
11434,HPL0_SUP_UNK,L0S03AA
2011,DELLU7_SUP_INK,U7N12BB
12427,DELLM1_SUP_UNK,M1T14BB
13356,DELLDI_SUP_INK,DI758B
41633,HP2Z_PH_LJ,2Z633A
58202,DELL8L_PH_LJ,8LX67B
3015,DELLDG_SUP_TON,DG367Y
1608,DELLY5_SUP_INK,Y5F80BB
204350,HP8U_PC_Laptop,8U6Y8PA
39125,HP84_PC_Desktop,843D2PA
40816,HP6X_PC_Desktop,6X4B5PA
10594,HPCF_SUP_TON,CF277A
895,HP3Y_SUP_INK,3YM76AA
7792,DELLX3_SUP_TON,X3223B
952,HPCN_SUP_INK,CN692AA
157161,DELL9G_PC_Laptop,9G7D5QB
136885,HP5H_PH_IJ,5HB10A
6897,DELL7E_PC_Monitor,7E9H0B7
57490,HP7J_PC_Desktop,7J174PA
1944,DELL4Z_SUP_INK,4ZQ05BB
7168,HPCF_SUP_TON,CF230A
49332,DELL8M_PC_Laptop,8M144QB
71126,DELL8T_PC_Laptop,8T5O8QB
6142,DELLD0_SUP_INK,D0482B
5687,DELLX3_SUP_TON,X3424B
229598,DELL9M_PC_Laptop,9M257QB
133399,HPA0_PC_Laptop,A0EH4PA
31618,DELLM1_SUP_TON,M1I36B
142204,DELL9G_PC_Laptop,9G7D6QB
6275,DELL65_PH_IJ,65S61C
5011,DELLX3_SUP_TON,X3421B
17242,HPCE_SUP_TON,CE740A
8512,HPCF_SUP_TON,CF403A
139228,DELL8Q_PH_LJ,8QT93B
5163,HPC9_SUP_INK,C9384A
12390,DELLM1_SUP_UNK,M1T11BB
7629,HP64_PC_Monitor,64V81AA
7191,HP3W_SUP_INK,3WX37A
44553,DELL8L_PC_Desktop,8L3Q8QB
1090,HPT6_SUP_INK,T6L97AA
5772,HP49_SUP_INK,498P2A
6961,HP3W_SUP_INK,3WX38A
2689,DELLDI_SUP_INK,DI675AA
25849,HP7K_PC_Desktop,7K1G3PA
67406,HPL3_PH_IJ,L3U44A
59533,DELL9V_PC_Laptop,9V2I7QB
8614,HPCF_SUP_TON,CF232A
41829,HP6C_PC_Desktop,6C3G2PA
856,HPCZ_SUP_INK,CZ107AA
115629,DELL7M_PC_Laptop,7M1M2QB
10236,DELL2G_PH_IJ,2G4X4B
35599,HP6H_PC_Desktop,6H1X2PA
91999,HPA0_PC_Laptop,A00PPPA
2376,HPT6_SUP_INK,T6M13AA
821,DELL4Z_SUP_INK,4ZN83BB
113190,DELL9D_PC_Laptop,9D5S0QB
102829,HP8F_PC_Laptop,8F6D4PA
41709,HP67_PC_Laptop,67V50PA
40889,HP7K_PC_Desktop,7K2P7PA
10111,DELLX3_SUP_TON,X3224Y
6931,HPCE_SUP_TON,CE323A
9121,DELLDG_SUP_TON,DG343B
128699,HP8C_PC_Laptop,8C4R6PA
67923,DELL98_PC_Laptop,98C68QB
21492,DELLDG_SUP_TON,DG325B
5052,DELLX3_SUP_TON,X3104B
18713,DELL7V_PH_IJ,7VV59B
212849,HP8U_PC_Laptop,8U6Z7PA
35698,DELL7K_PC_Desktop,7K1Z0QB
790,DELLDI_SUP_INK,DI672AA
21200,HPCF_SUP_TON,CF214A
6422,HPC9_SUP_INK,C9373A
9915,DELL4E_PH_IJ,4E5M4B
9700,HPF9_SUP_INK,F9K05A
14234,DELL7H_PH_LJ,7HX75B
14610,HP3W_SUP_INK,3WX19A
4906,HPW2_SUP_TON,W2093A
41714,DELL8N_PC_Laptop,8N760QB
5971,HP49_SUP_INK,498N6A
2811,HPC9_SUP_INK,C9352AA
8837,DELLX3_SUP_TON,X3411B
64202,DELL51_PC_Monitor,51A37BB
12479,HP2H_PC_Monitor,2H0N1AA
3546,HPCN_SUP_INK,CN048AA
4043,HPT6_SUP_INK,T6M17AA
61380,DELL80_PC_Desktop,80V95QB
6796,HP3W_SUP_INK,3WX13A
31563,DELL49_PC_Desktop,490B2QB
63581,DELL91_PC_Laptop,916Y3QB
1431,HPX4_SUP_INK,X4E78AA
20679,HP71_PH_LJ,715A5A
223978,HPL2_PH_SJ,L2763A
6952,DELLD0_SUP_INK,D0569B
708,HP3Y_SUP_INK,3YM73AA
691425,DELL4F_PH_IJ,4FL26B
13339,HPF9_SUP_INK,F9K16A
26930,DELLDG_SUP_TON,DG476B
8865,HPW2_SUP_TON,W2300A
169289,HP8F_PC_Laptop,8F6K1PA
10579,DELLDG_SUP_TON,DG339B
509,HP6Z_SUP_UNK,6ZD61AA
202855,DELL9V_PC_Laptop,9V7Z2QB
74202,DELL2Q_PH_LJ,2QW98B
87328,DELL8A_PC_Laptop,8A2Q0QB
11572,HPW1_SUP_TON,W1460X
97187,HP7L_PC_Desktop,7L856PA
40535,DELL8K_PC_Desktop,8K2T6QB
98718,DELL7M_PC_Laptop,7M1L0QB
60749,HP6K_PC_Laptop,6K9C5PA
31024,HP6F_PC_Desktop,6F967PA
39035,DELL51_PH_IJ,515M8D
5706,DELLDG_SUP_TON,DG380B
9991,DELLX3_SUP_TON,X3412B
5311,DELLX3_SUP_TON,X3102B
28243,HPCF_SUP_TON,CF365A
43236,DELL7D_PC_Desktop,7D4H3QB
45095,HP2Z_PH_LJ,2Z634A
14653,DELL2G_PH_IJ,2G4Z3B
152022,HP8L_PC_Laptop,8L130PA
18814,HPCF_SUP_TON,CF237A
28556,HPB3_SUP_INK,B3P06A
21129,DELL7O_PC_Monitor,7O5F3BB
49244,DELLB1_PC_Laptop,B14DIQB
1304,HPF6_SUP_INK,F6V20AA
15029,DELL5B_PH_IJ,5B9E5B
5701,HPCF_SUP_TON,CF510A
7497,HPP2_SUP_INK,P2V83A
37405,DELL0E_PC_Laptop,0E4O6QB
125999,HP8L_PC_Laptop,8L8P2PA
44921,DELL95_PC_Desktop,954C7QB
98699,HP81_PC_Laptop,81H51PA
30581,DELL8L_PC_Desktop,8L2I5QB
232544,HP8L_PC_Laptop,8L146PA
11278,DELLQ3_SUP_INK,Q3W79B
60818,DELL8R_PC_Laptop,8R7A3QB
24828,HP2Z_PH_LJ,2Z613A
2279,HP3Y_SUP_INK,3YP93AA
5788,HP3E_SUP_INK,3ED43A
9335,HPCN_SUP_INK,CN633A
69032,DELL0V_PC_Laptop,0V211QB
13484,HP1F_PH_IJ,1F3Y2A
15981,HP4S_PH_IJ,4SB24A
43165,DELL7Y_PC_Desktop,7Y5C6QB
21359,HP38_PH_LJ,381U2A
9481,HPCF_SUP_TON,CF213A
76414,DELL6I_PH_IJ,6IC17B
11752,HPL0_SUP_UNK,L0S09AA
106119,DELL8M_PC_Desktop,8M967QB
1923,DELL4Z_SUP_INK,4ZN29BB
49966,HP6X_PC_Desktop,6X9S0PA
7374,DELLDG_SUP_TON,DG321B
2126,HPL0_SUP_INK,L0S54AA
22904,DELLDG_SUP_TON,DG398B
16611,DELL5T_PH_IJ,5TC35B
5995,DELL69_PH_IJ,699K9C
452774,HPT8_PH_IJ,T8W16A
1802,HP3E_SUP_INK,3ED68A
756,DELL4Z_SUP_INK,4ZN84BB
6279,DELLDG_SUP_TON,DG345B
7345,HPL0_SUP_UNK,L0R97AA
2234,DELLDA_SUP_INK,DA241B
355883,HP7J_PC_Desktop,7J2M3PA
6291,HP3W_SUP_INK,3WX07A
29144,HP38_PC_Desktop,389A1PA
83010,HP5H_PH_LJ,5HH65A
98309,HP8F_PC_Desktop,8F6D4PA
48374,HP8L_PC_Desktop,8L107PA
135999,HP8L_PC_Laptop,8L8P5PA
156442,DELL8Z_PC_Laptop,8Z7V7QB
8618,DELLDG_SUP_TON,DG514B
50386,DELL8I_PC_Desktop,8I1Z8QB
6237,HP49_SUP_INK,498N7A
135574,DELLB1_PC_Laptop,B1FI5QB
3697,HPCF_SUP_TON,CF231A
128957,DELL9G_PC_Laptop,9G7E4QB
14610,HP3W_SUP_INK,3WX21A
53359,HP9D_PC_Laptop,9D3P1PA
5014,HPW2_SUP_TON,W2092A
6443,DELL4X_SUP_INK,4XY18B
10053,HPCF_SUP_TON,CF380A
34126,DELL3A_PH_LJ,3A743B
11857,HPCF_SUP_TON,CF413A
692,HPZ7_SUP_TON,Z7Y88A
3026,DELLX2_SUP_TON,X2446Y
145199,HP92_PC_Desktop,92Z21PA
25519,HP74_PC_Laptop,743A1PA
168588,DELL0U_PC_Laptop,0U9L9QB
3166,DELL4F_SUP_INK,4FE30B
3069,HP3Y_SUP_INK,3YP17AA
84836,HP88_PC_Desktop,88Z16PA
271057,DELL9M_PC_Laptop,9M258QB
607947,HPW3_PH_IJ,W3Z72A
106615,HP7J_PC_Desktop,7J180PA
41279,HP6K_PC_Laptop,6K7U2PA
659028,DELL4Y_PH_IJ,4YC89B
2218,DELL8L_SUP_INK,8L4X0BB
86425,DELL6I_PH_LJ,6II76B
1672,DELLY5_SUP_INK,Y5F89BB
897,DELLDA_SUP_INK,DA219BB
222639,HP8U_PC_Laptop,8U6Z2PA
39923,DELL61_PC_Laptop,61N74QB
11264,DELLA0_SUP_TON,A0N18B
73919,HP81_PC_Laptop,81H48PA
5983,HPP2_SUP_INK,P2V62A
1619,DELLM1_SUP_INK,M1T35BB
5777,DELLDD_SUP_TON,DD499B
14537,DELLG0_SUP_INK,G0K89B
107972,DELL0X_PC_Laptop,0X7V7QB
2048,HP3J_SUP_INK,3JA78AA
7931,HPCE_SUP_TON,CE285A
8361,DELLM1_SUP_UNK,M1S99BB
97643,DELL9Y_PC_Laptop,9Y160QB
2098,DELL5L_SUP_INK,5L1W0QB
199949,HP8U_PC_Laptop,8U6Y1PA
67639,HP9U_PC_Laptop,9U100PA
37697,DELL5A_PH_LJ,5AC07B
137657,HPL3_PH_IJ,L3U43A
59374,HP7P_PC_Laptop,7P703PA
29940,HPCF_SUP_TON,CF363X
30656,DELL7D_PC_Desktop,7D4H2QB
26099,HP67_PC_Laptop,678M8PA
10449,HP5S_PH_IJ,5SE26B
12485,DELLM1_SUP_UNK,M1T10BB
100099,HP6L_PC_Laptop,6L0L0PA
69997,DELL92_PC_Laptop,92I59QB
24211,DELL7H_PC_Desktop,7H786QB
31584,HP53_PH_IJ,537P5C
43263,DELL8R_PC_Laptop,8R7Z0QB
1552,HPC2_SUP_INK,C2P22AA
95157,DELL92_PC_Laptop,92I62QB
30684,DELLDF_SUP_TON,DF854B
5579,HP1H_PC_Monitor,1H849A6
56463,HP6N_PC_Monitor,6N4D6AA
168180,DELL0E_PC_Laptop,0E1L8QB
6045,HPC9_SUP_INK,C9406A
5966,DELLD0_SUP_INK,D0515B
68308,HP78_PC_Desktop,782M0PA
1152,HPT6_SUP_INK,T6L89AA
85268,DELL6I_PH_LJ,6II59B
2318,HP7K_SUP_INK,7K3W9AA
76227,HP78_PC_Desktop,782N1PA
13727,HP4A_PH_IJ,4A8D9A
34690,DELL9G_PC_Desktop,9G5D6QB
4432,DELLD3_SUP_INK,D3Q16BB
2333,HP3J_SUP_INK,3JA79AA
63839,HP9Y_PC_Laptop,9Y0Y6PA
2754,DELLM1_SUP_INK,M1T71BB
17639,HP6N_PC_Monitor,6N6E9AA
15355,HPF9_SUP_INK,F9K15A
215087,DELL8A_PC_Laptop,8A592QB
826,HPCH_SUP_INK,CH561ZZ
348857,DELL9Z_PC_Laptop,9Z7A9QB
106949,HP90_PC_Laptop,90N54PA
15631,DELL75_PC_Monitor,75X52BB
55882,DELL02_PC_Laptop,02S12QB
7439,DELLX2_SUP_TON,X2215B
23560,DELL7V_PH_IJ,7VV58B
2310,HP3J_SUP_INK,3JA77AA
2537,DELLD3_SUP_INK,D3Q35BB
7085,HP3W_SUP_INK,3WX15A
17946,DELLDA_PH_LJ,DA285B
331959,HP8Y_PC_Laptop,8Y6Z8PA
42984,HP84_PC_Desktop,843B6PA
8060,HPL0_SUP_UNK,L0R94AA
900,DELLA0_SUP_TON,A0N12B
50201,DELL8M_PC_Laptop,8M146QB
98322,DELL9Z_PC_Laptop,9Z090QB
4594,DELLDI_SUP_INK,DI676B
33418,DELL92_PC_Desktop,92U80QB
1171,DELLU7_SUP_INK,U7M04BB
60364,DELL8R_PC_Laptop,8R7A4QB
5754,HPC4_SUP_INK,C4810A
7500,HPW2_SUP_TON,W2113A
14556,DELLG0_SUP_INK,G0L27B
29828,DELLDF_SUP_TON,DF852B
26555,HPCE_SUP_TON,CE515A
93089,HP9Q_PC_Laptop,9Q9M6PA
43893,DELL8R_PC_Laptop,8R7A1QB
1589,DELL7A_SUP_INK,7AE42BB
146159,HP7Y_PC_Laptop,7Y6U6PA
3708,HPCN_SUP_INK,CN047AA
1513,HP3Y_SUP_INK,3YM70AA
41829,HP7P_PC_Laptop,7P6Z8PA
4477,HPCZ_SUP_INK,CZ135A
57990,HP78_PC_Desktop,780A6PA
84599,HP87_PC_Desktop,87G01PA
3668,DELL4Z_SUP_INK,4ZN33BB
5454,HPCF_SUP_TON,CF279A
128070,DELL0A_PC_Laptop,0A946QB
65341,HP40_PC_Monitor,40Z26AA
2129,HPZ7_SUP_TON,Z7Y90A
2172,DELL5T_SUP_INK,5T7Y6QB
15311,DELLDF_SUP_TON,DF389BG
72664,HP9W_PC_Laptop,9W6U8PA
2786,HPL0_SUP_INK,L0S60AA
11407,HP3E_SUP_INK,3ED49A
7694,HPQ2_SUP_TON,Q2612A
79274,DELL9B_PH_LJ,9BG56B
69197,DELL95_PC_Desktop,95I64QB
7450,HPZ7_SUP_TON,Z7Y85A
2529,HPT6_SUP_INK,T6M09AA
9411,DELLDO_SUP_INK,DO744B
14256,DELLDI_SUP_INK,DI757B
2434,HPC2_SUP_INK,C2P25AA
826,DELL4Z_SUP_INK,4ZN87BB
38179,HP7Q_PC_Laptop,7Q6Z8PA
6176,DELL4F_SUP_INK,4FE55B
53587,DELL9R_PC_Laptop,9R4Y6QB
56371,DELL9B_PH_LJ,9BG63B
34446,DELL7D_PC_Desktop,7D4H7QB
42481,DELL95_PC_Desktop,95K19QB
1541,DELLD3_SUP_INK,D3Q32BB
172938,DELL7K_PC_Laptop,7K3U9QB
32507,HP7P_PC_Desktop,7P0W4PA
1080,HP4K_SUP_INK,4K0V7PA
516430,HP3E_PH_IJ,3EK13A
63699,HPA0_PC_Laptop,A03CKPA
138839,HP7Y_PC_Laptop,7Y6U1PA
98045,DELL5Z_PC_Laptop,5Z1M3FD
108749,HP9R_PC_Desktop,9R4N9PA
6487,HP3W_SUP_INK,3WX06A
42772,HP8F_PC_Desktop,8F4C9PA
10692,HPW2_SUP_TON,W2302A
34575,DELL7G_PH_SJ,7GX18B
10304,HPCF_SUP_TON,CF411A
6917,DELLG0_SUP_INK,G0K78B
6401,HPCE_SUP_TON,CE313A
14014,HPCH_SUP_INK,CH645A
22761,HPCE_SUP_TON,CE402A
120699,HP8F_PC_Laptop,8F6K2PA
8264,HP65_PC_Monitor,65P59A6
5971,HPCF_SUP_TON,CF351A
6029,HPC9_SUP_INK,C9372A
154058,DELL9G_PC_Laptop,9G7D9QB
5190,DELLX2_SUP_TON,X2223B
13947,DELL46_PC_Monitor,467E7BB
2542,DELLDD_SUP_INK,DD754AA
1723,HPCR_SUP_INK,CR312AA
202194,DELL9V_PC_Laptop,9V7A8QB
55459,HP9C_PC_Laptop,9C9E1PA
11230,DELLDG_SUP_TON,DG391B
64800,DELL89_PC_Desktop,893O1QB
59955,HP7K_PC_Laptop,7K5J8PA
24266,DELL31_PH_SJ,31H16B
2264,HPCZ_SUP_INK,CZ130A
3280,DELL4F_SUP_INK,4FE80B
192728,DELLB5_PC_Laptop,B56Z7QB
84341,DELL99_PC_Desktop,99A27QB
33770,HPCF_SUP_TON,CF362X
84629,HP7Z_PC_Laptop,7Z1P8PA
1589,DELLD3_SUP_INK,D3Q31BB
63318,DELL31_PH_SJ,31H18B
60259,HP67_PC_Desktop,67U65PA
28474,HP6C_PC_Desktop,6C3G1PA
2323,DELL4K_SUP_INK,4KB88BB
40058,DELL8Y_PC_Desktop,8Y0L1QB
5328,DELLX2_SUP_TON,X2771B
1135614,DELL3S_PH_IJ,3SN93B
37129,HP6J_PC_Desktop,6J0Y9PA
58632,HP7K_PH_LJ,7KW56A
7598,DELLDF_SUP_TON,DF432B
89550,HP4Y_PC_Laptop,4Y0L2EC
187888,DELL8Z_PC_Laptop,8Z7V0QB
31060,DELL7Q_PC_Monitor,7QB61B5
107548,DELLB1_PC_Laptop,B11QRQB
1474,DELL4Z_SUP_INK,4ZN81BB
32211,HP8F_PC_Desktop,8F4C5PA
30237,DELL5A_PH_LJ,5AC06B
2022,HPC2_SUP_INK,C2P06AA
153411,DELL8Z_PC_Laptop,8Z7V2QB
148749,HP9R_PC_Laptop,9R291PA
188301,DELL9V_PC_Laptop,9V7Y9QB
191560,DELL9V_PC_Laptop,9V7Z9QB
837,HPZ9_SUP_TON,Z9M01A
5226,DELL69_PH_IJ,699M4E
168527,DELL9M_PC_Laptop,9M256QB
71379,HP7N_PC_Laptop,7N760PA
1049,DELLX2_SUP_TON,X2214B
60624,HP7Q_PC_Laptop,7Q6Z2PA
6515,DELL4X_SUP_INK,4XY24B
96819,HP6L_PC_Laptop,6L0K9PA
7752,HPP2_SUP_INK,P2V25A
7130,HPZ7_SUP_TON,Z7Y73A
239399,HP8F_PC_Laptop,8F8Z3PA
167095,DELL9G_PC_Laptop,9G7L2QB
12876,HP67_SUP_INK,676M6A
12527,HP1F_PH_IJ,1F3Y4A
26099,HPCF_SUP_TON,CF359A
6332,HPZ9_SUP_TON,Z9M02A
937,DELLDO_SUP_INK,DO703BB
54607,DELL7K_PC_Desktop,7K1Q6QB
1213,HPM0_SUP_INK,M0H50AA
2219,HPL0_SUP_INK,L0S57AA
6356,HP3W_SUP_INK,3WX08A
129445,DELL9I_PC_Laptop,9I549QB
6855,DELL4X_SUP_INK,4XY26B
121939,HP8F_PC_Laptop,8F6D3PA
4836,DELLD3_SUP_INK,D3Q18BB
50999,HP63_PC_Desktop,635X7PA
1460,HPW1_SUP_TON,W1580X
77429,HP77_PC_Laptop,77S54PA
42427,DELL0E_PC_Laptop,0E4N8QB
3565,DELL4K_SUP_INK,4KB93BB
6716,DELLX2_SUP_TON,X2231B
6868,HPB3_SUP_INK,B3P21A
47937,DELL78_PC_Desktop,78X20QB
28243,HPCF_SUP_TON,CF364A
