Unnamed: 0,Unnamed: 1,Unnamed: 2,Unnamed: 3,Unnamed: 4,Unnamed: 5,Unnamed: 6
,Promotion Table,,,,,
,,,,,,
,,,,,,
,,,,,,
,Offer table,,,,,
,Category,Q1 (Nov-Jan),Q2 (Feb-Apr),Q3 (May-Jul),Q4 (Aug-Oct),
,Supply,10% off ink,$2 off toner,5% off toner,20% off  ink,
,Print Hardware,15% off ink jet,Free setup service,2% off scanners,$10 off laser jet ,
,PC,$10 off laptops,Free accessories,Free accessories,15 % off,
,,,,,,
,,,,,,
,,,,,,
,Promotional SKUs,,,,,
,For the SKU Below,,,,,
,G0L15B,,,,,
,7Y4T6QB,,PL,SKU,Season,Promotion
,4K0V8PA,,DELLOX_PC_LAPTOP,CN635A,Q3,2000
,385Z7PA,,,,,
,T6M05AA,,,,,
,C4Q32B,,,,,
,03V96QB,,,,,
,509O6B,,,,,
,952X8QB,,,,,
,R3723BG,,,,,
,6X4B9PA,,,,,
,3YM22AA,,,,,
,3ED50A,,,,,
,780A5PA,,,,,
,935M7QB,,,,,
,8L164PA,,,,,
,Z7Y83A,,,,,
,CF501A,,,,,
,9D3N5PA,,,,,
,U9X27B,,,,,
,CF502A,,,,,
,W2090A,,,,,
,W1370A,,,,,
,805X2PA,,,,,
,492W7B,,,,,
,P2V64A,,,,,
,3F3Z5B7,,,,,
,381U0A,,,,,
,3I1O2BB,,,,,
,9G9A4QB,,,,,
,F9J66A,,,,,
,DG513Y,,,,,
,Z7Y82A,,,,,
,0R043QB,,,,,
,9Y2V1QB,,,,,
,DF422B,,,,,
,8L4A4QB,,,,,
,7O5F9BB,,,,,
,81B19PA,,,,,
,CN046AA,,,,,
,M1T17BB,,,,,
,8L145PA,,,,,
,Z7Y78A,,,,,
,3A725B,,,,,
,7L0K3QB,,,,,
,CF256X,,,,,
,G0K77B,,,,,
,9M9Q6QB,,,,,
,4S6X5PA,,,,,
,CE320A,,,,,
,DA218BB,,,,,
,3WX00A,,,,,
,DG388B,,,,,
,CN054AA,,,,,
,7O5E7BB,,,,,
,DG512B,,,,,
,CN636A,,,,,
,9T680PA,,,,,
,4XY49B,,,,,
,C9380A,,,,,
,DF091B,,,,,
,4FE88B,,,,,
,J3M70A,,,,,
,C2P24AA,,,,,
,P2V27A,,,,,
,CB543A,,,,,
,M1T68BB,,,,,
,CN635A,,,,,
,8Q815QB,,,,,
,U9X26B,,,,,
,3YP94AA,,,,,
,DG474B,,,,,
,891B6QB,,,,,
,9X3L6PA,,,,,
,7K667PA,,,,,
,8U6Y8PA,,,,,
,DG343B,,,,,
,2H0N1AA,,,,,
,L2763A,,,,,
,6ZD61AA,,,,,
,515M8D,,,,,
,P2V83A,,,,,
,8L146PA,,,,,
,4SB24A,,,,,
,7Y5C6QB,,,,,
,8L107PA,,,,,
,9G7E4QB,,,,,
,W2092A,,,,,
,X2446Y,,,,,
,Y5F89BB,,,,,
,90N54PA,,,,,
,CN047AA,,,,,
,87G01PA,,,,,
,L0S60AA,,,,,
,CH645A,,,,,
,7KW56A,,,,,
,X2214B,,,,,
,8F8Z3PA,,,,,
,77S54PA,,,,,
,B3P21A,,,,,
