Ssellers_name,homologated_sellers
Cocoblu Retail,BJ's Wholesale Club
RK World Infocom Pvt Ltd,American Eagle
Appario Retail Private Ltd,Tapestry
RetailEZ Pvt Ltd,Wakefern / ShopRite
ETrade Online,Harbor Freight Tools
Clicktech Retail,Weis Markets
Jensi2304,H.E. Butt Grocery
DAWNTECH ELECTRONICS PRIVATE LIMITED,Alimentation Couche-Tard
Shadow Etail,Aldi
DeckUp,Wayfair
Amazon Retail,Army and Air Force Exchange Service
Whole9Yards,Macy's
One Assist,Sherwin-Williams
IBELL POWER TOOLS,Michaels Stores
SHOP 24/7,Stater Bros Holdings
QIMIT TRADING,Gap
YUVORA,Tractor Supply Co.
Euronet India,Hy Vee
Electronics Bazaar Store,Sephora (LVMH)
Fortune International,WinCo Foods
Jaksh creation.,Save-A-Lot
TheGiftKart,Albertsons Companies
Onsite Electro Services Private Limited,Foot Locker
Yogabar,Kohl's
Darshita Etel,The Home Depot
TR-Mart,Total Wine & More
EVRUM,Ross Stores
Overseas_shop,Rite Aid
FAMILY FOOTWEAR.,7-Eleven
Alvero®,Ace Hardware
Honasa Consumer Limited,Schnucks
Repro Books-On-Demand,Staples
Darshita Mobiles,Walmart
Brand Authorized Sales,Publix Super Markets
NJSelect,Petco
Zakheza_Enterprise,Ingles
uRead-Store,Discount Tire
ONPOINTZ,Casey's General Store
Leader_Cycle,Northeast Grocery
Roshfort,My Demoulas
V Guard Industries Ltd(Official),Verizon Wireless
LEOPAX,Lululemon
VRPRIME TRADERS,AVB Brandsource
iBELL,Walgreens Boots Alliance
SHAYONAM®,Chedraui
Mojisto Enterprise,J.C. Penney Company
Darshita Electronics,AutoZone
myhoodwinkofficials,Neiman Marcus
PERDANT,CVS Health Corporation
Color Papers,Victoria's Secret
INDIAN DECOR,Dollar Tree
beAAtho,Defense Commissary Agency
Emarat Impex,Wegmans Food Market
ARIES LIFESTYLE,Lowe's Companies
STPL Exclusive Online,Bath & Body Works
INFINITE BOOKS,Good Neighbor Pharmacy
GALACY,Signet Jewelers
BlendLife India Pvt Ltd,Chewy.com
Wakefit Innovations Pvt Ltd,Costco Wholesale
HOMECLOUD,Qurate Retail
Bright Lifecare Private Limited,Dell Technologies
Ash & Roh®,Southeastern Grocers
Campusactivewear,Academy Sports
Rewup,Apple Stores / iTunes
"Hoteon Trading Pvt. Ltd.,",Giant Eagle
Moxie Beauty,True Value Co.
harekrishnavilla®,Amway
Arham World -Click Here for Help on Email Delivery,Target
KANISH BRAND..,Meijer
SIFOZ,Amazon.com
Airtel Brand,Barnes and Noble Booksellers
MAA ENTERPRISE-1,Dillard's
H2H Innovations Pvt. Ltd.,Camping World
RynoGear®,Hobby Lobby Stores
Cart2Globe,Exxon Mobil Corporation
HIRVAX,Piggly Wiggly
Furny,AT&T Wireless
What the book,Office Depot
ULUPI EXIM,Best Buy
Sabta Crafts,Shell Oil Company
amiciKart,O'Reilly Auto Parts
DIPL INDIA,Burlington
VRP Telematics,Royal Ahold Delhaize USA
Arcatron Mobility,Menards
Book Universe 2021,Health Mart Systems
#GreenMobiles,TJX Companies
Digital Hub,Dollar General
Konvio,Sprouts Farmers Market
Pillbox Pharmacy,Nordstrom
UMA-ENTERPRISE,Ulta Beauty
MANAV BOOK POINTS,Raley's Supermarkets
Used.Yet.New,Bass Pro
Earth Rhythm,Williams-Sonoma
ABOUT SPACE,The Kroger Co.
Ravelcare,Advance Auto
Fenmanindia,Dick's Sporting Goods
Varni shipper,Ikea North American Svcs
GALAXY of BOOKS,PetSmart
LifeKrafts,Big Lots
Shop Pulse®,Hudson's Bay
Seller,Sprouts Farmers Market
TCCO ENTERPRISE,Advance Auto
Spigen India,WinCo Foods
Codies,American Eagle
SNMMIFER,Weis Markets
What's Up Wellness,Stater Bros Holdings
TechEzy,Barnes and Noble Booksellers
Zeroharm Sciences,BJ's Wholesale Club
Shorey YogAyush,Harbor Freight Tools
Essentialsquad,Exxon Mobil Corporation
AZRMOH,Qurate Retail
GINOYA BROTHERS,Southeastern Grocers
MAPPERZ,Foot Locker
Hamilton Housewares,PetSmart
Jeena Sikho Lifecare Limited,Aldi
DELICATE™,Casey's General Store
Gracious Mart,Gap
Anu Creation,Wakefern / ShopRite
Vesta Homes IN,Hy Vee
GlobalBees-Brands,Williams-Sonoma
Darkside Collection,Macy's
Plantex India,Tapestry
Gowall,Schnucks
SND DIGITAL,H.E. Butt Grocery
CrediKart,My Demoulas
Apollo Pharmacies Limited South,Apple Stores / iTunes
Shophere Retail,Kohl's
AZZOTE IND,Ulta Beauty
MENHOOD,Verizon Wireless
Oliveware,Ikea North American Svcs
RAIYARAJ ENTERPRISE™®,Discount Tire
Raawan,Good Neighbor Pharmacy
VEDANSI ENTERPRISE,Giant Eagle
ARIKA ENTERPRISES LLP,Dick's Sporting Goods
MASCOT ENTERPRISE.,Alimentation Couche-Tard
KATHTHAI,Defense Commissary Agency
REDTAPE LIMITED,CVS Health Corporation
ACEFOUR ACCESSORIES PRIVATE LIMITED,Total Wine & More
GIFTOPATHY,Signet Jewelers
My Book Center,Hobby Lobby Stores
omenterprise11,Sherwin-Williams
GlassVerse,Neiman Marcus
Torque Innovations Pvt Ltd,Rite Aid
Lakulish Enterprise®,Staples
HUBTURE,Best Buy
QUXIS®,Wayfair
ICEBERG MAKERS - BROLAVIYA®,Hudson's Bay
UTOPIA ENTERPRISES,Bath & Body Works
Appario Business,Nordstrom
GoGo Shopper,Army and Air Force Exchange Service
HighSpark™,Academy Sports
Gesto®,O'Reilly Auto Parts
SevenXt,Wegmans Food Market
Apollo Pharmacies Limited West,Big Lots
YOGIMOONI,AutoZone
Buy More,Lululemon
Wolpin,Ross Stores
DEETTO STORE,Raley's Supermarkets
Khurana Communication,Save-A-Lot
K.R. IMPEX ENTERPRISES,Walgreens Boots Alliance
Leotude Lifestyle Private Limited,Albertsons Companies
DOBARIYA STORE,The Kroger Co.
SaiTech IT Private Limited (Since 2013),Petco
Asian Shoes,Tractor Supply Co.
Global Mart India,Lowe's Companies
DFIX ⭐⭐⭐⭐⭐,Sephora (LVMH)
Gabit,Dillard's
01 Seller India,Amway
HOLLIO,AT&T Wireless
BLISS START,Victoria's Secret
NuzzleHoop,Shell Oil Company
K.P ENTERPRISES World,Costco Wholesale
Avenue Overseas Private Limited,True Value Co.
Keepcart,Northeast Grocery
Trans Infopreneur Inc,Dollar General
Springtek Mattress,Michaels Stores
CHIMMET,Target
Perfect Sales India,Chedraui
Toreto Brand Store,Camping World
Dealsure®,Ingles
ImagineDesign,TJX Companies
Appliance E-shop,The Home Depot
Minimalist Inc,Publix Super Markets
Zywie Ventures Pvt. Ltd,Royal Ahold Delhaize USA
NUTRIJA,AVB Brandsource
DISPENSER STORE,Bass Pro
TheBought,Menards
MEXPONE,J.C. Penney Company
Amazing_Buy,Office Depot
Apollo Pharmacies Limited Central,Ace Hardware
HIGH TRUSTED®,Dollar Tree
INDRA SUGANDH BHANDAR PERFUME HOUSE,Health Mart Systems
ELEMENT ENTERPRISES,7-Eleven
Mosaic Wellness Private Ltd.,Walmart
TrueElements,Meijer
Rathand,Amazon.com
Apollo Pharmacies Limited North,Chewy.com
M95 WAX,Piggly Wiggly
LookRavish,Dell Technologies
XOZZEY,Burlington
Mindas Enterprise,Wakefern / ShopRite
MidBreak,Dell Technologies
Blumaple,The Home Depot
DADLM,Aldi
Global Klamp,J.C. Penney Company
KREPS,Southeastern Grocers
COREPACK SOLUTIONS LLP,Sherwin-Williams
Sjeware India Pvt Ltd,Walmart
Sinew Nutrition,Burlington
EcoBerry Natural,Advance Auto
PLACERO INTERNATIONAL PRIVATE LIMITED,Best Buy
FEXMY,Qurate Retail
Kolar India,Chedraui
HOUSE OF QUIRK,Ikea North American Svcs
Shopee_01,Casey's General Store
ENISLEY,Save-A-Lot
TheGlobalGenie,Nordstrom
P S Trading Company.,Ulta Beauty
Smart Place Store,7-Eleven
M.A.Y. Store,American Eagle
Avimee_Herbal,Apple Stores / iTunes
Mahavir Eco Products,Target
THERYCO HEALTHCARE SOLUTIONS PVT LTD,Ross Stores
Casecandy,Chewy.com
Marc Loire,Harbor Freight Tools
Aggarwal_Store,Raley's Supermarkets
Regal utility,Sephora (LVMH)
Steelbird YooShopper,Walgreens Boots Alliance
ARLICORPING,WinCo Foods
HoopVool,Defense Commissary Agency
Mrigendra Foods Private Limited,Foot Locker
Silvercloud Ventures,Army and Air Force Exchange Service
TotzTouch,Royal Ahold Delhaize USA
The White Willow,Hobby Lobby Stores
Apollo Pharmacies Limited East,Signet Jewelers
The Man Company - India,Publix Super Markets
Matural,H.E. Butt Grocery
IMMUNE SCIENCE,BJ's Wholesale Club
weldots,Rite Aid
REPL Retail,Meijer
VIMAL CLOTHING,My Demoulas
Concepta®,Giant Eagle
SNEH_ENTERPRISE,Academy Sports
Elyssion Designs,Shell Oil Company
Sunrise Book store,Dollar General
MANGUKIYA EMPIRE,AT&T Wireless
Vinayak_Enterprise1,Neiman Marcus
NIRVASA HEALTHCARE PRIVATE LIMITED,Stater Bros Holdings
SHOP ONLINE INDIA,Victoria's Secret
RIZIK STORE,Office Depot
NOBEL HYGIENE PVT. LTD.,O'Reilly Auto Parts
Bookworld India,Macy's
Antara Assisted Care Services Limtied,Amway
PROXISM,Albertsons Companies
Classic Net,Lowe's Companies
TIRALUHEM,The Kroger Co.
A R Retails pvt. ltd.,Gap
H HANUMANT ENTERPRISE,Barnes and Noble Booksellers
Being Brands,Wayfair
FCS® Accessories,Schnucks
TW Store,PetSmart
DERMATOUCH,Petco
Book-Post,Dick's Sporting Goods
RetailEZ Pvt Ltd Business,Kohl's
GARDEN ART,Hudson's Bay
BENIE STORE,Tapestry
Indus Farm of Brands,Ace Hardware
AEROTECHENTERPRISE,Hy Vee
Goels Coir Foam (India) Pvt. Ltd.,TJX Companies
Lowfe® Online Store (100% CUSTOMER SATISFACTION),Michaels Stores
ELTRONTURBO,Staples
Swarn Jal,Menards
FitSpire,CVS Health Corporation
shop_worldwide,Alimentation Couche-Tard
Peach Imports,Wegmans Food Market
UTKARSH AGROCHEM PVT LTD,Camping World
Athena Creation,Health Mart Systems
DailyKart,Good Neighbor Pharmacy
Happily Unmarried,Weis Markets
zombozone,Big Lots
PAREVDEE®,Bass Pro
Brijbhoomi Books and Handicrafts®,Williams-Sonoma
HI LIFE RETAILS,AVB Brandsource
NestRoots,Piggly Wiggly
Nourish Mantra,Costco Wholesale
Brand Tips,Tractor Supply Co.
MEXONIC®,Exxon Mobil Corporation
BINSBARRY HOME ESSENTIALS,Amazon.com
GEZRIL.,Verizon Wireless
OFFICIAL KEY STORE [ EMAIL DELIVERY ONLY ],Sprouts Farmers Market
GO GARDEN®,Ingles
EFFORT CREATION,Discount Tire
Dot & Key,Northeast Grocery
KEYORA®,Dillard's
WONDERLANDFOODS,Dollar Tree
KITWELL,Total Wine & More
Tmpp,True Value Co.
POPEY,Lululemon
SUMEET,Bath & Body Works
Brigattes,AutoZone
DAVE & SONS AGRO,Southeastern Grocers
Seller,7-Eleven
KHODAL CREATION...,Amway
WeBanga,Total Wine & More
THE HINDER,Health Mart Systems
Caradel,Dick's Sporting Goods
Florish Professional,J.C. Penney Company
Catron Corporation®,Nordstrom
HSR Retail®️,WinCo Foods
Popio World,Alimentation Couche-Tard
Holyzon,Ross Stores
VAIDIKA,Foot Locker
AYL,BJ's Wholesale Club
Collectible India,Raley's Supermarkets
SWORNOF,CVS Health Corporation
E-RISING,Meijer
Puma Sports India,Kohl's
JASPO INDUSTRIES,Save-A-Lot
Diwali Offers,PetSmart
H.R.&COMPANY INDIA-LIMESHOT™ (100% Satisfaction ),Bath & Body Works
ZEXMON,Chedraui
Winston Electronics Private Limited,Lululemon
Priefy,Sephora (LVMH)
THERMOPLASTINDUSTRIES,Michaels Stores
MY ARMOR,Ace Hardware
WINSTAR Online Store(100% CUSTOMER SATISFACTION),Harbor Freight Tools
Nemora Innovations,AT&T Wireless
Frootle India Pvt Ltd (FIPL),Sherwin-Williams
ARKA ALL NATURAL,Ikea North American Svcs
JENISHA CREATION.,Publix Super Markets
YRTOYS,True Value Co.
ISEE 360,My Demoulas
Pep Technologies Pvt Ltd,Big Lots
KARTBIN ONLINE SERVICES PVT LTD,Good Neighbor Pharmacy
KENT RO SYSTEMS LTD,Verizon Wireless
Express Games,AVB Brandsource
EECOCOOL,Tractor Supply Co.
Gulika Apparel,Costco Wholesale
Xspace Offer,Williams-Sonoma
SEAHELTON,Petco
Arata Zero Chemicals,Northeast Grocery
MILAP®,Lowe's Companies
KIAAN ENTERPRISE_,TJX Companies
BOOKBUZZ,Hobby Lobby Stores
Fixderma India Pvt. Ltd.,Wayfair
Mumbai gift corner,Albertsons Companies
sky like,Tapestry
Shriram Books Emporium,Barnes and Noble Booksellers
Laxit World,Camping World
expressway24x7,Walgreens Boots Alliance
SHREE Retails,American Eagle
ERVY ENTERPRISE,Amazon.com
SK_enterprise,Army and Air Force Exchange Service
FreshDcart®,Ingles
Yellow Weaves,Stater Bros Holdings
Bacca bucci Shoes,Office Depot
BAXOM HEALTHCARE PVT LTD,Aldi
BalanceCart,Dollar Tree
SIRIL,H.E. Butt Grocery
HERBAGENIX,Advance Auto
SPROUT.,Best Buy
SIFA CARPET,Wakefern / ShopRite
Superminis,The Kroger Co.
Grip Shop A,Schnucks
Nutraj Nuts,Walmart
HK MART,Dollar General
SHOEGR,Defense Commissary Agency
Htech Technologies,Signet Jewelers
HINDYA AYURVEDIC LUXURY,Exxon Mobil Corporation
Express Max,Target
VR_PRODUCT,Macy's
CUBIZ,Rite Aid
Param Fashion,Casey's General Store
Skaiv Sales®,Ulta Beauty
Night Hawk,Royal Ahold Delhaize USA
VASANT-CREATION,Apple Stores / iTunes
Dr. Sheth's,Burlington
Acko,Victoria's Secret
COKOEYE ®,Neiman Marcus
More HM Sahakarnagar,Staples
Zollyss®,Giant Eagle
I K IMPEX*,Bass Pro
SHINETOY,Sprouts Farmers Market
Retail Crown,Chewy.com
cravez foods,Shell Oil Company
OBLIQ,Wegmans Food Market
DAYANIDHI,The Home Depot
VETMOC,Dillard's
BARE ELIXIR,Gap
EASYSHOP ENTERPRISES,AutoZone
VAVSU,Academy Sports
Saola,Weis Markets
SHRUNKHALA®,Discount Tire
Skypure India,Dell Technologies
Sandhya Trading co,Menards
BiggerBig M,Hy Vee
BHUMIENTERPRICE,Piggly Wiggly
THE BESTSELLERS,Hudson's Bay
KRESHU IMPEX,Qurate Retail
TED TABBIES®,O'Reilly Auto Parts
ALOUD CREATIONS®,The Home Depot
Propeptides,Rite Aid
Suryavanshi Furniture,Dollar General
PROVEN WATER INDUSTRIES PRIVATE LIMITED,Harbor Freight Tools
Mountainor Well Being Private Limited,Weis Markets
TRENDMALLS INDUSTRIES PRIVATE LIMITED,Dell Technologies
EASY STORE.,Dillard's
Health Veda Organics,Tractor Supply Co.
SATISH ENTERPRISE.,Barnes and Noble Booksellers
UNIVERSAL_SHOPY,Camping World
NCERTSHOP,Exxon Mobil Corporation
Techsun Mart®,Walgreens Boots Alliance
FRYIO,Chewy.com
ISTAR ENTER,Target
NEERU CYCLE TRADERS,Wakefern / ShopRite
veroflame,Gap
AddToKart,CVS Health Corporation
Beautiful desire,Sprouts Farmers Market
HOME BUY® STORE,The Kroger Co.
ESR Official,Office Depot
Nature Prime,Save-A-Lot
SAMASTON INDIA,Nordstrom
HaloHop,Ulta Beauty
Primarc Pecan Retail,Northeast Grocery
Radhe Techno Service,Lowe's Companies
TrajectoryStore,Ikea North American Svcs
Caresmith India,Good Neighbor Pharmacy
SAM ENTERPRISE COLLECTION,Health Mart Systems
FINALIZE® - MARUTI enterprise.,Hy Vee
HERBAL AYURVEDA AND RESEARCH CENTRE,Stater Bros Holdings
CEPL Online,TJX Companies
SNOZIO,Macy's
CREDENCE INDUSTRIAL,Discount Tire
Pilgrim India,Tapestry
SHAIVAM ENTERPRISE,Amazon.com
Tavakkal E Commerce®,BJ's Wholesale Club
Jina Cosmetics Pvt Ltd,Verizon Wireless
JAYCI MART,Dollar Tree
VRCT,My Demoulas
CONNECTICUT,Menards
Mangalam & CamPure,Raley's Supermarkets
"VIKAS BOOK HOUSE, PUNE.",AT&T Wireless
Ozean World,Piggly Wiggly
JUGAADU STYLE,AutoZone
Classy & Missy,Chedraui
Urban Platter®,Williams-Sonoma
Dry Fruit Hub,O'Reilly Auto Parts
Fource Store,Big Lots
Snoop Zone,Neiman Marcus
LITEWAVE HEALTHCARE PVT LTD,Academy Sports
Fausto Luckystar,Ross Stores
PESTERO,Total Wine & More
Clensta,Aldi
Raj Enterprise!,AVB Brandsource
GOLDEN STAR ENTERPRISE,Michaels Stores
Baidyanath®,H.E. Butt Grocery
Farm Naturelle,WinCo Foods
Super LPG Appliances Pvt Ltd.,Publix Super Markets
Famous Quality®,Meijer
Straw&Weave®,Advance Auto
ESnipe Mart,Bass Pro
MORE Kukatpally,Victoria's Secret
WireScorts,Dick's Sporting Goods
SNISHET,Wayfair
ANII ENTERPRISE,Qurate Retail
Alpha Collections,Albertsons Companies
Round2Earth,Alimentation Couche-Tard
M-Connect Online,Shell Oil Company
HIGRADE,Hobby Lobby Stores
Desi BAE,Wegmans Food Market
Auto Snap,Southeastern Grocers
Blackhole Retail,Army and Air Force Exchange Service
Sloane®,Casey's General Store
BINSBARRY-ESSENTIALS,Defense Commissary Agency
HARISHREE ENTERPRISE,Burlington
Kliffoo,Bath & Body Works
All India General Mart,Best Buy
BodyGlove Apparel Online,Hudson's Bay
DishTV India Ltd. (Brand Store),Signet Jewelers
ZED LIFESTYLE PRIVATE LIMITED,True Value Co.
Roman Retail,Foot Locker
GlobalBees Health,J.C. Penney Company
Hardtrac,Schnucks
The Vedas Health Store,Costco Wholesale
Cherian Enterprises,Lululemon
Aripl_Tangra,Petco
Trade Mart E-Commerce,American Eagle
Cable World IT®,Kohl's
The World Store₹,Amway
White Inc (Upbeatz),Sephora (LVMH)
WEWEL PLAST PRIVATE LIMITED,7-Eleven
Rapid Book Store India,PetSmart
TRENDIES,Ace Hardware
Kinsco Appliances,Giant Eagle
Btag®,Ingles
Ratan Sarees and Salwar Suits,Royal Ahold Delhaize USA
KZEETECH,Apple Stores / iTunes
VLAM,Walmart
SIMPLY SOLUTIONS,Sherwin-Williams
Bzoos,Staples
Frizty Pesonal Care LLP,Giant Eagle
PRECHANA™,Bath & Body Works
Vooli-India,The Home Depot
RAJPUTANA AGRICO,Menards
Navashya Consumer Products Private Limited,7-Eleven
Khadi Natural Healthcare,American Eagle
The Himalayan Organics,Academy Sports
GC HUB,CVS Health Corporation
VIVNITS,Good Neighbor Pharmacy
Hi-tech India,Northeast Grocery
PALAK®,Piggly Wiggly
N V Enterprise®,Wakefern / ShopRite
Alpha Array,Kohl's
Silver Pebbles,Total Wine & More
RAMNATH IMPEX,Signet Jewelers
WRYERS,Ulta Beauty
Neuherbs,O'Reilly Auto Parts
AK Credible,AutoZone
ADDMAX,My Demoulas
XECH TECHNOLOGIES PVT LTD,Amazon.com
VARNI_ENTERPRISE,Bass Pro
Rayflo,Best Buy
DEAL RETAIL HUB,H.E. Butt Grocery
Impulse Travel Gears Private limited,BJ's Wholesale Club
VARNITYA®,Raley's Supermarkets
Recyclekart,Walgreens Boots Alliance
LASYAA,Dillard's
Cipzi,Foot Locker
gopendra,Dollar General
NIRVITTHAL,Tractor Supply Co.
ASTITA,Albertsons Companies
MANAKI ENTERPRISE,Southeastern Grocers
FABTEC,AVB Brandsource
X4Cart,Advance Auto
GOHIL®,Apple Stores / iTunes
TEQNEQ™ STORE,Publix Super Markets
Clicktech Retail Private Limited - Business,Harbor Freight Tools
Collection Art®,Sephora (LVMH)
FUNVERSE,Big Lots
SHREE HARI ENTERPRISE....!!,Sherwin-Williams
Navya Royal Store,Williams-Sonoma
the sun enterprise,Ingles
VISHVA ELECTRIC COMPANY,Gap
Flexi Madhav,TJX Companies
TECH VIBES (INDIA),Discount Tire
EBZAK TRADING CO.,Weis Markets
FITNESS INDIA STORE GLOBAL,Ikea North American Svcs
LISBON,AT&T Wireless
CAREEXCELLAPREMIUM PRIVATE LIMITED,Ross Stores
ASK SUPPLY CHAIN,Save-A-Lot
SP Infotech®,Dell Technologies
kingster.,Michaels Stores
M7 ENTERPRISES,Walmart
Croiky,Army and Air Force Exchange Service
Shubhamgoyani,Health Mart Systems
Global-Importer,Defense Commissary Agency
Flixify,Alimentation Couche-Tard
Gocart,Tapestry
CaseMe India,Wegmans Food Market
TRIDENT ENTERPRISE® - What You See Is What You Get,Neiman Marcus
HobbyOne Japan,Dollar Tree
GOLDEN BIRD INTERNATIONAL,Exxon Mobil Corporation
M.B Ventures,True Value Co.
VAS COLLECTIONS®,Sprouts Farmers Market
SaleOn™,Chewy.com
MADESMART,Royal Ahold Delhaize USA
RETAIL IMPAX,Amway
Wayona,Macy's
Relirich Technologies - Authorized Reseller,Costco Wholesale
Inkart Retail,Staples
KK-ENTERPRISES,Hobby Lobby Stores
PFERD.,Verizon Wireless
GWANHTECH INDIA STORE,Nordstrom
Artisante,Camping World
TRISHAKTI GLOBAL ENTERPRISES,Wayfair
FRESH FROM LOOM,Aldi
supreme Deals,Shell Oil Company
SIRSWA WOOD,The Kroger Co.
MICROMINI®,Rite Aid
TUSIKO,Stater Bros Holdings
GLASS STONE,Target
VIP INDUSTRIES LIMITED,Lululemon
Amisha Gift Gallery®,WinCo Foods
RELAXO FOOTWEARS LIMITED,Casey's General Store
Shop4You (The LIMTAS Brand Products),Meijer
Global Delivered India,Ace Hardware
Elem Consumer Tech Pvt. Ltd.,Victoria's Secret
BalanceMed,Hy Vee
M.S.G.H (Manvi Stationers),Qurate Retail
Shopper Dreams,Office Depot
DLALA®,Lowe's Companies
FEXMY®,Dick's Sporting Goods
empel store,Petco
AMIRAT CLOTHING,Chedraui
LandVK,J.C. Penney Company
Belanto Enterprise®,Schnucks
Progressive Lifestyles Pvt Ltd,Hudson's Bay
Ostwal Health Care,Barnes and Noble Booksellers
NETBOON,Burlington
PURE-ELEGANCE,PetSmart
Eripeli,Walgreens Boots Alliance
k3stores®,O'Reilly Auto Parts
Seller,Tractor Supply Co.
CRYSTAL DIVINE IN,Costco Wholesale
Hedd N Age Technics,Royal Ahold Delhaize USA
ASTraders,Shell Oil Company
Jadoun enterprise & Printing,Amway
RIXA,Aldi
CUVLY®,Exxon Mobil Corporation
Wellversed Health,AT&T Wireless
The Old Natural,7-Eleven
ZEXICA,Albertsons Companies
Prosharx,Dick's Sporting Goods
Aquasolution Store,Bath & Body Works
JD FRESH®,Chewy.com
Brezzycloud®,Kohl's
More HM Banjara Hills,Chedraui
NEW HARRY EMPIRE,Dollar Tree
SANSHAM1,Save-A-Lot
The Unique Gift Studio,My Demoulas
KHODAL KRUPA-1,Rite Aid
WILDMONK ENTERPRISES,Bass Pro
TreesRUs,Hy Vee
AuFlex,Harbor Freight Tools
Widely Pure,Amazon.com
BUY.NOW,Alimentation Couche-Tard
Kid Kraze®,Staples
DIWUJI,Sephora (LVMH)
YASHVI ENTERPRISE_,Qurate Retail
Sellsworld,Defense Commissary Agency
SAAR E COMMERCE INDIA PVT LTD,Target
Aenika,Discount Tire
GN Gallery,Verizon Wireless
40km,Office Depot
ALBERTO INFOTECH,Lowe's Companies
Cature Shield LLP,Academy Sports
Zenzior Brand Technology Private Limited,Sprouts Farmers Market
NISHIV,Macy's
ULTRINA,PetSmart
yeh mera india,Dollar General
SWADESI STUFF®,Williams-Sonoma
Kaeel Original Co..,Piggly Wiggly
Cycle Pure Agarbathies,Southeastern Grocers
GRAFFITI ONLINE,Tapestry
Archernar,Weis Markets
KSP HOME®,Burlington
PRATHAM PRIVATE LIMITED,Dell Technologies
Shri Ganeshji Sales,American Eagle
WRUGON,Victoria's Secret
Krinus,Stater Bros Holdings
Krishna Homes,Raley's Supermarkets
Jus Amazin Foods and Beverages Pvt. Ltd.,Northeast Grocery
WaterScience Store,Walmart
Evergreen - India,Camping World
GETZIE,Health Mart Systems
PRO365®,Best Buy
Das Foodtech,Neiman Marcus
KHEVNA ENTERPRISE,Lululemon
Appario.,Ross Stores
TREASURE SHARK,J.C. Penney Company
HomeStrap,Sherwin-Williams
HEELIUM,Giant Eagle
A.S. Trading,Ikea North American Svcs
Parag Fragrances,Petco
Zedi Online,Total Wine & More
Agabani,Ingles
WishBag Online Pvt Ltd,The Home Depot
Lucky Kart,CVS Health Corporation
RGR Global Solutions,Publix Super Markets
Diswa,Ace Hardware
NATARAJ OIL MILLS PRIVATE LIMITED,Apple Stores / iTunes
HR MALL™,Hobby Lobby Stores
Havels Group,Casey's General Store
CIRCUIT ZONE-AMROLI,Army and Air Force Exchange Service
Romino Treding®,Dillard's
THE INDIA CRAFT HOUSE,Schnucks
PATX- WORLD,Advance Auto
Skyup,Good Neighbor Pharmacy
Meera Fab,Signet Jewelers
More HM Galaxy Sapphire Noida,Nordstrom
AARSH LIFESTYLE,AutoZone
CHKOKKO,True Value Co.
Aripl_Charkop IE,Wegmans Food Market
NITYAM ENTERPRISES 2022,BJ's Wholesale Club
AT Retail Corp,WinCo Foods
Quality Desk,Wakefern / ShopRite
Starq®,Menards
AHshoppers,Hudson's Bay
Glowderma,Big Lots
IFIHomes,Meijer
SUNDHA COMPUTER,AVB Brandsource
JV HUF,Gap
Kass Skincare,Michaels Stores
JINPRI DREAMATION DESIGNING,Ulta Beauty
VONZEE®,Barnes and Noble Booksellers
Proathlix,Wayfair
Piyubind Enterprise,TJX Companies
Alan Jones Clothing®,Foot Locker
CROZEN INDUSTRIES,The Kroger Co.
KRISHNA ENTERPRISES__,H.E. Butt Grocery
SELVEL GLOBAL,Neiman Marcus
KHADI MAURI HERBAL,Amway
MANNA FOODS,Petco
Kasodariya enterprise,Hobby Lobby Stores
More Saroornagar,AutoZone
BUNCH OF GOODS,My Demoulas
E-ROYAL SHOP®,Lululemon
Retail Maharaj,Publix Super Markets
ORZLY,Bass Pro
Lets _Read,Ingles
Energizer,Dollar Tree
PAPER CUT,Albertsons Companies
SECUREMENT® (safe-seal),American Eagle
winPlus Technology,Hudson's Bay
Leanbeing Healthcare,Camping World
Organic Products Inc,Dillard's
HUMARABAZAR INDIA,Victoria's Secret
TP PLUS STORE,Costco Wholesale
ANAND BOOKS AGRA,Meijer
Game Tronics [Email Delivery Only] ⭐ ⭐ ⭐ ⭐ ⭐,Office Depot
Walia trader,Staples
Deerghayurveda,Apple Stores / iTunes
SYGA,Dick's Sporting Goods
Crysendo,Stater Bros Holdings
Medaxo,Chewy.com
E Basket-,Wegmans Food Market
GOKART-,Target
Rivalwilla,Sherwin-Williams
PRAGUDO®,Giant Eagle
QUPET,Ross Stores
VRS FASHIONS Pvt ltd,CVS Health Corporation
ESHOPBOX E-COMMERCE PRIVATE LIMITED,WinCo Foods
OBSYDIUM,Royal Ahold Delhaize USA
Techsaaz Solutions LLP,Hy Vee
G T ENTERPRISE,Exxon Mobil Corporation
Aarvi Enterprise's Store,Aldi
Shivasthik Corp.,Dollar General
Synergy International,Ulta Beauty
PRITHVI TRADERS HUB,Bath & Body Works
JUSTFUN WORLD,Amazon.com
Cooltail,Macy's
Flysmart Iimited,Barnes and Noble Booksellers
RAMAPIR ENTERPRISE,Chedraui
TiedRibbons,Army and Air Force Exchange Service
VAIVIDHYAM®,Gap
AssiduusGlobal,Academy Sports
Trance Home Linen,Nordstrom
LogicGlobal,PetSmart
Beauté Secrets,J.C. Penney Company
SVISH ON THE GO,Big Lots
GLOCAL SERVICES PRIVATE. LIMITED,Discount Tire
Vidya Books A'bad,Best Buy
GoBuyNow,Menards
DOCOSS INDIA,The Kroger Co.
Aahwan Creation,Kohl's
Hammonds_Flycatcher®,Raley's Supermarkets
Bata_India Ltd,Qurate Retail
MS Retail 3,Signet Jewelers
SR INFOTECH.,Lowe's Companies
purples tone,Piggly Wiggly
USA ORIGINALS (Authorized Distributor ),BJ's Wholesale Club
FruitJoy,Ikea North American Svcs
MEDIWAY HOMEO HALL,Total Wine & More
Narayani Spring Industries,AT&T Wireless
BIRDLINE,Advance Auto
Weaving Homes India,O'Reilly Auto Parts
Lord shiva Fashion,Ace Hardware
"ARIPL, Bangalore",The Home Depot
Smart Pups®,Dell Technologies
RK WORLD_fresh_ubo5,H.E. Butt Grocery
SLEEPYCAT,Burlington
MUNAFIE.,Weis Markets
ToysEpic,Foot Locker
Proudly Made in India,Walgreens Boots Alliance
Sesa Care,Schnucks
FFCP - Yellow Bee,Casey's General Store
Vasukie,Wayfair
AAATRADERS,Tractor Supply Co.
Border Goods India,Southeastern Grocers
Lagom Retail Pvt Ltd,Shell Oil Company
FoxTale Skin,Sephora (LVMH)
Studio Shringaar Private Limited,TJX Companies
RKWorldIndia,Michaels Stores
NoteKart,Alimentation Couche-Tard
RAJVI_ENTERPRISE,Health Mart Systems
Abbey Edge,Sprouts Farmers Market
WayMore®,Save-A-Lot
Kalptaru Trades.,True Value Co.
BYGBIRD,Tapestry
Raploch®,Williams-Sonoma
Primarc Pecan,7-Eleven
Sqinelli®,Rite Aid
Mintree Premier Lifestyle,Defense Commissary Agency
Handicrafts Villa,Wakefern / ShopRite
Nut Roasters,AVB Brandsource
Marji & Anuvrutti Store,Walmart
ThaBeautystore,Northeast Grocery
ZCARE.PHARMA,Verizon Wireless
Quantech Official Store,Good Neighbor Pharmacy
Overseas Cart,Harbor Freight Tools
S&T Appliances,Tractor Supply Co.
CV STUFF- Authorized Software Reseller,Ace Hardware
SNSQUARE,Amazon.com
Express Dukaan,Wegmans Food Market
MiEstilo,Lowe's Companies
KATALYSST,Discount Tire
SMTG World,Raley's Supermarkets
wood.cart,Northeast Grocery
ETrade Online Business,Dollar Tree
The Sleep Company,Rite Aid
MOONSKY,Advance Auto
aripl_og_del5,Weis Markets
Sriveda Sattva Private Limited,Hudson's Bay
EllerSante-Direct,Walgreens Boots Alliance
United Distributors Inc. (UDI),Dick's Sporting Goods
Jishnu Enterprises India,Exxon Mobil Corporation
Paragon Footwear,Bath & Body Works
MAHIN ENTERPRISE Point,Piggly Wiggly
OTICA MEDITRONIX CO.,Good Neighbor Pharmacy
D&S-FASHION,Dollar General
Story @ Home,Health Mart Systems
Jay Siyaram Kart,Sherwin-Williams
JAGAANNATH MME,Total Wine & More
EazyShopPoint,AT&T Wireless
Molnlycke Healthcare India Pvt Ltd,Ikea North American Svcs
refurb-PC,American Eagle
Global_India,H.E. Butt Grocery
Keli®,Victoria's Secret
GANDHI OVERSEAS,Qurate Retail
NKB Group,Costco Wholesale
Berries & Nuts,Stater Bros Holdings
Bonzella,Apple Stores / iTunes
Mirchi Fashion,The Kroger Co.
PRANIJ® - Making Life Easier,Wakefern / ShopRite
ETONIA.®,Publix Super Markets
More HM Pressman,O'Reilly Auto Parts
VIAAN ENTERPRISE,TJX Companies
Serene Realm Foods (OPC) Private Limited,Schnucks
The Indus Valley,Chewy.com
KAUSHALYATRADERS,Office Depot
"ARIPL, Teynampet - Chennai",Dillard's
INCREDIBLE WORLD PVT LTD,Army and Air Force Exchange Service
QOAL®,Ross Stores
Ishro Handloom,Hy Vee
LOURYN KOULYN,Macy's
Yaarideal,Ulta Beauty
TATA 1MG,Albertsons Companies
SNOWBIRD®,BJ's Wholesale Club
VTECH2016,Ingles
Business Discovery,Shell Oil Company
Blase enterprise,Signet Jewelers
RK WORLD_og_BLR8,WinCo Foods
INDIA MISSION,AutoZone
SkyStart,Bass Pro
CloudNine India,Southeastern Grocers
TecnoviQ,Verizon Wireless
GOODSCITY,Tapestry
DM STORE™,Wayfair
EXOTIQUE MART INDIA,Walmart
PRIORITY BOOKS,Foot Locker
Bonbella Solutions,Sephora (LVMH)
PRACHAND,Casey's General Store
OPSUZY,True Value Co.
TRADEX INDIA.,Hobby Lobby Stores
Dwarkadhish Enterprise Point,Chedraui
Walvia,Petco
Opulent Products,Gap
Banjara Hills,Save-A-Lot
DIZORO,Meijer
YCOM_GADGETS,Harbor Freight Tools
RUCHI VEDA,CVS Health Corporation
Bahucharaji Creation,Big Lots
KINGS ZONE,Michaels Stores
ALROZA,My Demoulas
Zelixon Lifestyle,The Home Depot
StarCart®,Neiman Marcus
VillageTiger®,Burlington
RIGGEAR,PetSmart
Curious Cub,Menards
REEVA ENTERPRISE,Alimentation Couche-Tard
ZENITH VENTURES,Giant Eagle
DailyDeals.,Royal Ahold Delhaize USA
Opus_Retail,AVB Brandsource
The Bride Made,Best Buy
BTOS,Camping World
Dingger,7-Eleven
ZEVON.,Aldi
DRIXTY,Kohl's
SAJANI Fashion,Academy Sports
Frootle India Pvt. Ltd.,Target
Dixi Enterprise,Williams-Sonoma
New Age Tradeimpex Pvt. Ltd,Defense Commissary Agency
BHUMLO,Sprouts Farmers Market
Shantam® International,Staples
gadgets storm,Amway
Namo Organics India,Dell Technologies
VED PHARMA,Nordstrom
TIRTH FASHION,Lululemon
Hydroshell India,Barnes and Noble Booksellers
KT FASHIONS,J.C. Penney Company
Shoplite 0000,Tapestry
Bestbuybook,Sprouts Farmers Market
Seetabooks,Advance Auto
