PN,Sku
Pib01a1,0X749QB
Pib01a2,75X62BB
Pib01a3,DF627B
Pib01a4,4ZB96A
Pib01a5,0R0N0QB
Pib01a6,7LE37B
Pib01a7,89Z55QB
Pib01a8,8C4R9PA
Pib01a9,G0L15B
Pib01a10,DF853B
Pib01a11,CN045AA
Pib01a12,C2P23AA
Pib01a13,C2P21AA
Pib01a14,4FE79B
Pib01a15,DG460B
Pib01a16,8F6C9PA
Pib01a17,4K0V9PA
Pib01a18,8F8Z8PA
Pib01a19,L0R91AA
Pib01a20,T8W15A
Pib01a21,7N6V0PA
Pib01a22,7W475PA
Pib01a23,889G9PA
Pib01a24,9E3Q6PA
Pib01a25,3ED28A
Pib01a26,8L147PA
Pib01a27,6SE77BB
Pib01a28,9D3N8PA
Pib01a29,4ZQ28BB
Pib01a30,4ZN88BB
Pib01a31,7M9Q1FD
Pib01a32,DG514Y
Pib01a33,DE083BB
Pib01a34,4KB89BB
Pib01a35,7Y4R5QB
Pib01a36,8H5D4PA
Pib01a37,A8Z92B
Pib01a38,W1370X
Pib01a39,0F4K7QB
Pib01a40,9D3N3PA
Pib01a41,9M271QB
Pib01a42,64W41AA
Pib01a43,7I2Y3QB
Pib01a44,DG321Y
Pib01a45,4XY11B
Pib01a46,CZ124AA
Pib01a47,C4Q17B
Pib01a48,4XY20B
Pib01a49,6D8G9A6
Pib01a50,9M266QB
Pib01a51,CF210A
Pib01a52,676M8A
Pib01a53,DO745B
Pib01a54,7Y4T6QB
Pib01a55,588J8B
Pib01a56,CE980A
Pib01a57,DE086BB
Pib01a58,4ZN31BB
Pib01a59,9J6K8PA
Pib01a60,4ZN28BB
Pib01a61,4K0V8PA
Pib01a62,78W61QB
Pib01a63,4ZQ04BB
Pib01a64,X2631B
Pib01a65,9A8X6QB
Pib01a66,385Z7PA
Pib01a67,W1520X
Pib01a68,A8Z89B
Pib01a69,R6050B
Pib01a70,9G5D0QB
Pib01a71,C9404A
Pib01a72,DG324B
Pib01a73,7WQ06B
Pib01a74,6X3W3PA
Pib01a75,CN628AA
Pib01a76,T6M05AA
Pib01a77,8L778QB
Pib01a78,4ZN82BB
Pib01a79,P2V69A
Pib01a80,954E3QB
Pib01a81,3F3Z4B7
Pib01a82,3JA85AA
Pib01a83,4ZB95A
Pib01a84,7J4Y1PA
Pib01a85,CD951A
Pib01a86,X2B35B
Pib01a87,6GX04A
Pib01a88,4XY25B
Pib01a89,60K34B
Pib01a90,4XY19B
Pib01a91,8L6X3QB
Pib01a92,N1I66BB
Pib01a93,0R073QB
Pib01a94,804L1PA
Pib01a95,7AE72BB
Pib01a96,DD499Y
Pib01a97,2Z615A
Pib01a98,6L8P0EC
Pib01a99,7O141QB
Pib01a100,X3422B
Pib01a101,X2691Y
Pib01a102,4ZN26BB
Pib01a103,DF431B
Pib01a104,4XY46B
Pib01a105,821J4PA
Pib01a106,B14DOQB
Pib01a107,W2043A
Pib01a108,C4Q32B
Pib01a109,03V96QB
Pib01a110,8L8P4PA
Pib01a111,9G7D0QB
Pib01a112,509O6B
Pib01a113,92U76PA
Pib01a114,84H53PA
Pib01a115,M1T65BB
Pib01a116,31H19B
Pib01a117,8Y989PA
Pib01a118,78Y44PA
Pib01a119,8R7A8QB
Pib01a120,7WN44D
Pib01a121,3WX14A
Pib01a122,M0H55AA
Pib01a123,7P2C5PA
Pib01a124,3YM77AA
Pib01a125,DI759B
Pib01a126,CB541A
Pib01a127,8Z7W5PA
Pib01a128,CF362A
Pib01a129,715A3A
Pib01a130,3YM72AA
Pib01a131,8L120PA
Pib01a132,CZ186A
Pib01a133,51645AA
Pib01a134,P2V63A
Pib01a135,8X1T8PA
Pib01a136,B3P20A
Pib01a137,7Y6U9PA
Pib01a138,3ED69A
Pib01a139,9G7K9QB
Pib01a140,DO737BB
Pib01a141,CF500A
Pib01a142,9T8L0PA
Pib01a143,CC643ZZ
Pib01a144,9D5S9QB
Pib01a145,9G9A2QB
Pib01a146,6X3Q4PA
Pib01a147,3ED29A
Pib01a148,DG491B
Pib01a149,64Q52B
Pib01a150,C2P04AA
Pib01a151,D0483B
Pib01a152,8C4R7PA
Pib01a153,404L7C
Pib01a154,893O2QB
Pib01a155,A45Y7PA
Pib01a156,F9K04A
Pib01a157,6II78B
Pib01a158,CH564ZZ
Pib01a159,952X8QB
Pib01a160,Q3W36B
Pib01a161,8K3N4QB
Pib01a162,CN627AA
Pib01a163,1VV21AA
Pib01a164,CF257A
Pib01a165,DG621B
Pib01a166,DO157BB
Pib01a167,DF396B
Pib01a168,8L160PA
Pib01a169,X2571Y
Pib01a170,7Y0T1QB
Pib01a171,0E4Q2QB
Pib01a172,DG475B
Pib01a173,3YM20AA
Pib01a174,CE516A
Pib01a175,W1470A
Pib01a176,6G675PA
Pib01a177,C2P20AA
Pib01a178,R3723BG
Pib01a179,0Z1Z7QB
Pib01a180,CC388A
Pib01a181,CF412A
Pib01a182,6X4B9PA
Pib01a183,CF287A
Pib01a184,54R58B
Pib01a185,CF211A
Pib01a186,0F4L5QB
Pib01a187,B14DLQB
Pib01a188,9G5A6QB
Pib01a189,7Y4X5QB
Pib01a190,3A726B
Pib01a191,3YM22AA
Pib01a192,4ZN32BB
Pib01a193,F9J67A
Pib01a194,8F6J8PA
Pib01a195,3ED50A
Pib01a196,Q3W74B
Pib01a197,8H9G6PA
Pib01a198,X4A83B
Pib01a199,3YM71AA
Pib01a200,W2310A
Pib01a201,381V6A
Pib01a202,780A5PA
Pib01a203,CF403X
Pib01a204,B11QNQB
Pib01a205,50M63PA
Pib01a206,9Q932PA
Pib01a207,7GX17B
Pib01a208,5HB08A
Pib01a209,787N7B
Pib01a210,0X7V9QB
Pib01a211,DG342B
Pib01a212,CD973AA
Pib01a213,A03CHPA
Pib01a214,76Q68B7
Pib01a215,CE741A
Pib01a216,5RD66AA
Pib01a217,DG613B
Pib01a218,X2581B
Pib01a219,81M38AA
Pib01a220,W2041A
Pib01a221,92C20QB
Pib01a222,CZ637AA
Pib01a223,8C527PA
Pib01a224,4K5D5PA
Pib01a225,8H7I2QB
Pib01a226,7AE30BB
Pib01a227,4FE61B
Pib01a228,4FE62B
Pib01a229,X3101B
Pib01a230,3Z0I1B
Pib01a231,9Y0Z1PA
Pib01a232,094O7QB
Pib01a233,2Z614A
Pib01a234,D3Q34BB
Pib01a235,8K5Z2QB
Pib01a236,K4N82B
Pib01a237,4S6X8PA
Pib01a238,W2303A
Pib01a239,CE322A
Pib01a240,4XY41B
Pib01a241,G0L12B
Pib01a242,935M7QB
Pib01a243,DF389B
Pib01a244,A8Z01B
Pib01a245,DO164BB
Pib01a246,8O860QB
Pib01a247,D3Q37BB
Pib01a248,588L3D
Pib01a249,8L164PA
Pib01a250,DO741B
Pib01a251,6ZD32AA
Pib01a252,CF401A
Pib01a253,A03CNPA
Pib01a254,X3222B
Pib01a255,6J0P5PA
Pib01a256,832Q8PA
Pib01a257,2Y9H0A
Pib01a258,66A37QB
Pib01a259,780A2PA
Pib01a260,891K6BB
Pib01a261,DF626B
Pib01a262,7Y0N4QB
Pib01a263,787N8B
Pib01a264,3G636A
Pib01a265,54R50B
Pib01a266,9M250QB
Pib01a267,3WX20A
Pib01a268,P2V68A
Pib01a269,DG464B
Pib01a270,Z7Y69A
Pib01a271,C9458A
Pib01a272,DO747B
Pib01a273,0Z1A2QB
Pib01a274,75W92BB
Pib01a275,8L1M0QB
Pib01a276,N1I67BB
Pib01a277,2Y9H2A
Pib01a278,DO156BB
Pib01a279,W1A24A
Pib01a280,B2OX4QB
Pib01a281,N1I61BB
Pib01a282,55Z26PA
Pib01a283,0F4K5QB
Pib01a284,98H12QB
Pib01a285,4XY37B
Pib01a286,CH565A
Pib01a287,5T7Y7QB
Pib01a288,8F4Z5PA
Pib01a289,5HH48A
Pib01a290,J3M68A
Pib01a291,DG513B
Pib01a292,990H0QB
Pib01a293,Z7Y83A
Pib01a294,054T2QB
Pib01a295,Q3W38B
Pib01a296,81T80PA
Pib01a297,D3Q17BB
Pib01a298,9Z0E5QB
Pib01a299,Z7Y76A
Pib01a300,3ED67A
Pib01a301,CF289A
Pib01a302,CF501A
Pib01a303,87B57PA
Pib01a304,8LX75B
Pib01a305,7G6H1PA
Pib01a306,932K5QB
Pib01a307,DF512B
Pib01a308,8G148PA
Pib01a309,64X66AA
Pib01a310,8Z7V4QB
Pib01a311,C2P07AA
Pib01a312,A8Z84B
Pib01a313,6N4E8AA
Pib01a314,8U1H3PA
Pib01a315,4XY12B
Pib01a316,3WX01A
Pib01a317,6X9Q0PA
Pib01a318,7Y6T9PA
Pib01a319,0Y6K4QB
Pib01a320,U7N24BB
Pib01a321,G7W38BB
Pib01a322,9D3N5PA
Pib01a323,CF513A
Pib01a324,4FE89B
Pib01a325,3A744B
Pib01a326,893N1QB
Pib01a327,0U9M1QB
Pib01a328,A8Z81B
Pib01a329,X3153B
Pib01a330,U7N16BB
Pib01a331,4ZN27BB
Pib01a332,6IC19B
Pib01a333,7M659PA
Pib01a334,CD972AA
Pib01a335,46D70PA
Pib01a336,A8Z02B
Pib01a337,03A32QB
Pib01a338,Q3W81B
Pib01a339,C2P19AA
Pib01a340,DD499BE
Pib01a341,9U2C4PA
Pib01a342,7PS84A
Pib01a343,M1S05BB
Pib01a344,7M656PA
Pib01a345,D0495B
Pib01a346,4XY31B
Pib01a347,7L035PA
Pib01a348,7K2P3PA
Pib01a349,G0K88B
Pib01a350,C9351AA
Pib01a351,0E4Q1QB
Pib01a352,U9X27B
Pib01a353,9M233QB
Pib01a354,CF502A
Pib01a355,8L149PA
Pib01a356,648Q6D
Pib01a357,6UU48A
Pib01a358,7K3Z3PA
Pib01a359,0V3D5QB
Pib01a360,U7N28BB
Pib01a361,DG320B
Pib01a362,A8Z87B
Pib01a363,2E2Y3A6
Pib01a364,44V84PA
Pib01a365,M4V54B
Pib01a366,Q3W73B
Pib01a367,DD751AA
Pib01a368,D0517B
Pib01a369,840G6PA
Pib01a370,L0S66AA
Pib01a371,7GX10B
Pib01a372,DG368B
Pib01a373,L0S06AA
Pib01a374,9X5J3PA
Pib01a375,W1660A
Pib01a376,2C0Y3BB
Pib01a377,8F6D5PA
Pib01a378,CD975AA
Pib01a379,A1QV2PA
Pib01a380,X3221B
Pib01a381,492V1B
Pib01a382,3YM16AA
Pib01a383,W2090A
Pib01a384,8XO55E
Pib01a385,W1103AD
Pib01a386,A8Z70B
Pib01a387,CF511A
Pib01a388,A0N16B
Pib01a389,CF350A
Pib01a390,7Q6Y9PA
Pib01a391,9T8K8PA
Pib01a392,CZ132A
Pib01a393,W2312A
Pib01a394,CZ122AA
Pib01a395,509O7B
Pib01a396,4KB91BB
Pib01a397,CE742A
Pib01a398,A8Z79B
Pib01a399,F6V27AA
Pib01a400,4RA89A
Pib01a401,DO166BB
Pib01a402,F9K17A
Pib01a403,CF360A
Pib01a404,689U2PA
Pib01a405,DF511B
Pib01a406,676M7A
Pib01a407,6TF37C
Pib01a408,CE410A
Pib01a409,W1370A
Pib01a410,8F8Z1PA
Pib01a411,945V6QB
Pib01a412,A05H9PA
Pib01a413,9E3J4PA
Pib01a414,3XB78A
Pib01a415,7L8V3QB
Pib01a416,9D5S8QB
Pib01a417,79U84PA
Pib01a418,3JA80AA
Pib01a419,CZ108AA
Pib01a420,C9383A
Pib01a421,8L2H4QB
Pib01a422,X3423B
Pib01a423,A8Z99B
Pib01a424,3WX42A
Pib01a425,31H17B
Pib01a426,3JA81AA
Pib01a427,B14DKQB
Pib01a428,4XY17B
Pib01a429,24M93BB
Pib01a430,8Z7V9QB
Pib01a431,7L0D7QB
Pib01a432,72K10PA
Pib01a433,9D3P0PA
Pib01a434,790V3QB
Pib01a435,CF361A
Pib01a436,9M277QB
Pib01a437,DO739BB
Pib01a438,983N6PA
Pib01a439,M1T83BB
Pib01a440,189T0AA
Pib01a441,CF280A
Pib01a442,R3723B
Pib01a443,A9X63B
Pib01a444,805X2PA
Pib01a445,CZ174A
Pib01a446,W2112A
Pib01a447,0E4O8QB
Pib01a448,7WN46D
Pib01a449,0E4O4QB
Pib01a450,9G7L3QB
Pib01a451,4ZN20BB
Pib01a452,9E3K8PA
Pib01a453,DC651B
Pib01a454,W2301A
Pib01a455,6FW07A
Pib01a456,G0L14B
Pib01a457,A00PMPA
Pib01a458,4XY53B
Pib01a459,DG322B
Pib01a460,W1120A
Pib01a461,Z7Y79A
Pib01a462,5L1W9QB
Pib01a463,9M218QB
Pib01a464,3WX30A
Pib01a465,DA243B
Pib01a466,9W638PA
Pib01a467,3JA83AA
Pib01a468,3ED77A
Pib01a469,U7M08BB
Pib01a470,CF228A
Pib01a471,CE401A
Pib01a472,L0S23AA
Pib01a473,4KC17BB
Pib01a474,7K661PA
Pib01a475,509O8B
Pib01a476,356D6AA
Pib01a477,F9K06A
Pib01a478,5L1W7QB
Pib01a479,7J9W4PA
Pib01a480,G0K76B
Pib01a481,W1112A
Pib01a482,8AF52A
Pib01a483,8L129PA
Pib01a484,DG469B
Pib01a485,D3Q15BB
Pib01a486,4XY32B
Pib01a487,CF363A
Pib01a488,CN630A
Pib01a489,5HB06A
Pib01a490,62756BB
Pib01a491,8M488QB
Pib01a492,DI756B
Pib01a493,0U9L7QB
Pib01a494,8R7A9QB
Pib01a495,CH646A
Pib01a496,N1I65BB
Pib01a497,4FE50B
Pib01a498,977P0PA
Pib01a499,M0H56AA
Pib01a500,945U0QB
Pib01a501,DG452B
Pib01a502,9U867PA
Pib01a503,6N4E2AA
Pib01a504,7J1S5PA
Pib01a505,3JB06AA
Pib01a506,4F8S0QB
Pib01a507,7N759PA
Pib01a508,DG473B
Pib01a509,CF353A
Pib01a510,M1T62BB
Pib01a511,3YM21AA
Pib01a512,824L6PA
Pib01a513,492W7B
Pib01a514,4KB96BB
Pib01a515,7S4P3PA
Pib01a516,83L21QB
Pib01a517,5L6E6QB
Pib01a518,6FW09A
Pib01a519,X4E79AA
Pib01a520,9G7E6QB
Pib01a521,951U8QB
Pib01a522,A8Z93B
Pib01a523,7L0D4QB
Pib01a524,0D0F2QB
Pib01a525,DO738BB
Pib01a526,P2V64A
Pib01a527,4S6X6PA
Pib01a528,4KB92BB
Pib01a529,3F3Z5B7
Pib01a530,7K0L9PA
Pib01a531,X2691B
Pib01a532,381U0A
Pib01a533,G0B39F
Pib01a534,F9J78A
Pib01a535,0V978QB
Pib01a536,9K1T6QB
Pib01a537,DA232BB
Pib01a538,CN055AA
Pib01a539,D0462BB
Pib01a540,20G07A
Pib01a541,9VJ40AA
Pib01a542,8D667PA
Pib01a543,00U01QB
Pib01a544,2W953PA
Pib01a545,Q2612X
Pib01a546,DG612B
Pib01a547,9V2I4QB
Pib01a548,CF400A
Pib01a549,9E3K5PA
Pib01a550,0F4L0QB
Pib01a551,9H259QB
Pib01a552,8F6C8PA
Pib01a553,B3P19A
Pib01a554,7K5W2PA
Pib01a555,CE400A
Pib01a556,7L0D6QB
Pib01a557,4J0N0PA
Pib01a558,Z7Y81A
Pib01a559,DG348B
Pib01a560,34Y23AA
Pib01a561,DO159BB
Pib01a562,U7M90BB
Pib01a563,6FW10A
Pib01a564,3I1O2BB
Pib01a565,5T7Y8QB
Pib01a566,DG611B
Pib01a567,0WK51BB
Pib01a568,2Z632A
Pib01a569,8F4C2PA
Pib01a570,92U85PA
Pib01a571,W1104A
Pib01a572,9G9A4QB
Pib01a573,9E778QB
Pib01a574,F6V26AA
Pib01a575,F9J66A
Pib01a576,5HH67A
Pib01a577,DG390Y
Pib01a578,DF423B
Pib01a579,951H7QB
Pib01a580,DG513Y
Pib01a581,84J08PA
Pib01a582,6L0L1PA
Pib01a583,DG523B
Pib01a584,A46C9PA
Pib01a585,4FE70B
Pib01a586,F6V23AA
Pib01a587,8Q3D6QB
Pib01a588,Z7Y82A
Pib01a589,7W474PA
Pib01a590,G0L17B
Pib01a591,CF210X
Pib01a592,DI674AA
Pib01a593,0R043QB
Pib01a594,9Y2V1QB
Pib01a595,99T90PA
Pib01a596,9G9A1QB
Pib01a597,841W6PA
Pib01a598,9I0H7QB
Pib01a599,DF422B
Pib01a600,943R9QB
Pib01a601,6K9C6PA
Pib01a602,5B9E0B
Pib01a603,6J2T8PA
Pib01a604,DG511Y
Pib01a605,0U9L8QB
Pib01a606,8L3Q4QB
Pib01a607,DG614B
Pib01a608,Z8W52A
Pib01a609,7S4N7PA
Pib01a610,3XB77A
Pib01a611,Q3W94B
Pib01a612,5K1O1QB
Pib01a613,8F6C4PA
Pib01a614,DO165BB
Pib01a615,840T7PA
Pib01a616,CH562ZZ
Pib01a617,A45Y5PA
Pib01a618,6FW08A
Pib01a619,0F4R7QB
Pib01a620,DO167BB
Pib01a621,8L4A4QB
Pib01a622,3JA84AA
Pib01a623,9D3M7PA
Pib01a624,7O5F9BB
Pib01a625,DF851B
Pib01a626,81B19PA
Pib01a627,95R98PA
Pib01a628,8N765QB
Pib01a629,T8W18A
Pib01a630,2RM82A
Pib01a631,G7W31BB
Pib01a632,R3723Y
Pib01a633,8O7W1QB
Pib01a634,DA297B
Pib01a635,B57D0QB
Pib01a636,CN046AA
Pib01a637,M1T17BB
Pib01a638,DG471Y
Pib01a639,9G9A9QB
Pib01a640,CD974AA
Pib01a641,L0R88AA
Pib01a642,4K0V6PA
Pib01a643,CF402A
Pib01a644,8L145PA
Pib01a645,7O7F0BB
Pib01a646,CF358A
Pib01a647,A1NW3PA
Pib01a648,D2R21B
Pib01a649,9T8K7PA
Pib01a650,9D3N6PA
Pib01a651,D3Q20BB
Pib01a652,N1I62BB
Pib01a653,D3Q33BB
Pib01a654,891B3QB
Pib01a655,Z7Y78A
Pib01a656,L0S69AA
Pib01a657,39D23B
Pib01a658,7X9K0PA
Pib01a659,7J035AA
Pib01a660,CZ131A
Pib01a661,8C4R8PA
Pib01a662,CC388AD
Pib01a663,821M3PA
Pib01a664,F9K01A
Pib01a665,M0H54AA
Pib01a666,X3224B
Pib01a667,DA233BB
Pib01a668,CB542A
Pib01a669,06T70QB
Pib01a670,51A43BB
Pib01a671,5T7Y9QB
Pib01a672,3ED45A
Pib01a673,DE084BB
Pib01a674,B11QQQB
Pib01a675,7PS82A
Pib01a676,X3221Y
Pib01a677,CF233A
Pib01a678,8Y9D4PA
Pib01a679,CE278AF
Pib01a680,3A725B
Pib01a681,CN693AA
Pib01a682,DA246B
Pib01a683,4FE56B
Pib01a684,826B5B
Pib01a685,7GX21B
Pib01a686,20G05A
Pib01a687,8Z7V3QB
Pib01a688,9E3J6PA
Pib01a689,7L0K3QB
Pib01a690,6D6N5QB
Pib01a691,DC654B
Pib01a692,0E4O7QB
Pib01a693,CF256X
Pib01a694,CN634A
Pib01a695,9G5D3QB
Pib01a696,CF401X
Pib01a697,270M1BB
Pib01a698,8K285QB
Pib01a699,G0K77B
Pib01a700,CF234A
Pib01a701,X3151B
Pib01a702,7M1M1QB
Pib01a703,W2042A
Pib01a704,8O010BU
Pib01a705,CE255A
Pib01a706,CC388X
Pib01a707,76Q60B7
Pib01a708,7HY17B
Pib01a709,W2110A
Pib01a710,DO704BB
Pib01a711,CF289X
Pib01a712,X2481B
Pib01a713,826B4B
Pib01a714,826B6B
Pib01a715,Z9M05A
Pib01a716,4KB94BB
Pib01a717,0F4L6QB
Pib01a718,780J5AA
Pib01a719,CF400X
Pib01a720,9M9Q6QB
Pib01a721,CN626AA
Pib01a722,M1T77BB
Pib01a723,DO746B
Pib01a724,7L033PA
Pib01a725,DG390B
Pib01a726,5SB90B
Pib01a727,X3413B
Pib01a728,6GW64A
Pib01a729,9Q9M9PA
Pib01a730,A0N13B
Pib01a731,50M62PA
Pib01a732,932Q1QB
Pib01a733,G7W34BB
Pib01a734,6PA50A4
Pib01a735,3WX26A
Pib01a736,DG341B
Pib01a737,W2111X
Pib01a738,D0463BB
Pib01a739,8F8Y9PA
Pib01a740,81B47PA
Pib01a741,8L168PA
Pib01a742,20G06A
Pib01a743,8L122PA
Pib01a744,DG472B
Pib01a745,Z7Y70A
Pib01a746,DF421BE
Pib01a747,4FE39B
Pib01a748,9D638QB
Pib01a749,635A4PA
Pib01a750,8K8J1PA
Pib01a751,W2110X
Pib01a752,8U6X8PA
Pib01a753,91R01PA
Pib01a754,CN056AA
Pib01a755,DG462B
Pib01a756,DG522B
Pib01a757,6IC21B
Pib01a758,0Y4M7QB
Pib01a759,4FL24B
Pib01a760,DA234BB
Pib01a761,381U4A
Pib01a762,CE743A
Pib01a763,9M279QB
Pib01a764,DG367B
Pib01a765,8O871QB
Pib01a766,DG461B
Pib01a767,DG329B
Pib01a768,C4Q31B
Pib01a769,DA286B
Pib01a770,Q3W70B
Pib01a771,W2311A
Pib01a772,DF521B
Pib01a773,DG623B
Pib01a774,DG392B
Pib01a775,8J0S5PA
Pib01a776,45Z34BB
Pib01a777,8L760QB
Pib01a778,40Z32AA
Pib01a779,7Q6Z0PA
Pib01a780,8X1U0PA
Pib01a781,9U2C1PA
Pib01a782,81T79PA
Pib01a783,7Y6U3PA
Pib01a784,DA749BB
Pib01a785,841W7PA
Pib01a786,0Z1A3QB
Pib01a787,K4N79B
Pib01a788,3A745B
Pib01a789,9E3K4PA
Pib01a790,4S6X5PA
Pib01a791,CE320A
Pib01a792,CE314A
Pib01a793,6N030PA
Pib01a794,W2091A
Pib01a795,CF402X
Pib01a796,9D0K7PA
Pib01a797,L0S72AA
Pib01a798,95S69PA
Pib01a799,A8Z83B
Pib01a800,7GX19B
Pib01a801,DE062B
Pib01a802,7KW64A
Pib01a803,71L45C
Pib01a804,F9A28E
Pib01a805,06S09QB
Pib01a806,X3414B
Pib01a807,9V7A3QB
Pib01a808,8N769QB
Pib01a809,4XY48B
Pib01a810,C1Q10A
Pib01a811,0S5O0QB
Pib01a812,CE310A
Pib01a813,B56Z6QB
Pib01a814,W1580A
Pib01a815,01O65QB
Pib01a816,715A4A
Pib01a817,8Q1X5QB
Pib01a818,Q3W75B
Pib01a819,8R974QB
Pib01a820,W1460A
Pib01a821,8L144PA
Pib01a822,CZ192A
Pib01a823,891B8QB
Pib01a824,DG471B
Pib01a825,Z7Y68A
Pib01a826,L0S63AA
Pib01a827,20G08A
Pib01a828,L0S51AA
Pib01a829,834U5PA
Pib01a830,5B9S0B
Pib01a831,DA203B
Pib01a832,7O5G2BB
Pib01a833,X3222Y
Pib01a834,W1103A
Pib01a835,492V3B
Pib01a836,Q2612AF
Pib01a837,9U7H2PA
Pib01a838,88T65QB
Pib01a839,7M658PA
Pib01a840,X2631Y
Pib01a841,6X3W4PA
Pib01a842,CZ121AA
Pib01a843,9D5S7QB
Pib01a844,812I6QB
Pib01a845,8K146BB
Pib01a846,A8Z94B
Pib01a847,7K1H4PA
Pib01a848,787N9B
Pib01a849,A8Z80B
Pib01a850,92N49BB
Pib01a851,9D3N7PA
Pib01a852,DA218BB
Pib01a853,9Y0Z2PA
Pib01a854,782N0PA
Pib01a855,0U791QB
Pib01a856,B2RW3QB
Pib01a857,4A8R9A
Pib01a858,3WX00A
Pib01a859,8L166PA
Pib01a860,03V87QB
Pib01a861,4KB95BB
Pib01a862,DE085BB
Pib01a863,D0494B
Pib01a864,8XO57E
Pib01a865,8Q3X5PA
Pib01a866,3YM18AA
Pib01a867,A0N15B
Pib01a868,M1S02BB
Pib01a869,DG388B
Pib01a870,8AF45A
Pib01a871,A8Z91B
Pib01a872,CF218A
Pib01a873,6N4F1AA
Pib01a874,0V8I3QB
Pib01a875,CZ175A
Pib01a876,8X585QB
Pib01a877,7Z1P9PA
Pib01a878,4H747B
Pib01a879,A00PQPA
Pib01a880,0F4L4QB
Pib01a881,4S6X7PA
Pib01a882,X3154B
Pib01a883,9D3N9PA
Pib01a884,516X3D
Pib01a885,C2P05AA
Pib01a886,CN054AA
Pib01a887,1B9X2AA
Pib01a888,891B7QB
Pib01a889,7Y5C0QB
Pib01a890,6ZD31AA
Pib01a891,A03CJPA
Pib01a892,9G9A7QB
Pib01a893,CE310AD
Pib01a894,F9J77A
Pib01a895,78V76QB
Pib01a896,0F4L8QB
Pib01a897,3YM17AA
Pib01a898,4FE78B
Pib01a899,498N5A
Pib01a900,G0L28B
Pib01a901,8L130PA
Pib01a902,DG524B
Pib01a903,T6M01AA
Pib01a904,U7N10BB
Pib01a905,8I6E4QB
Pib01a906,7H5D3PA
Pib01a907,13L82AA
Pib01a908,1F3W3A
Pib01a909,4A8D4A
Pib01a910,7O5E7BB
Pib01a911,9Q962PA
Pib01a912,C2P26AA
Pib01a913,8Z7U0QB
Pib01a914,DG512Y
Pib01a915,7Q6Z7PA
Pib01a916,825A0B
Pib01a917,0E4O9QB
Pib01a918,8N767QB
Pib01a919,9E3K7PA
Pib01a920,9M9Q5QB
Pib01a921,9M275QB
Pib01a922,952X7QB
Pib01a923,678M6PA
Pib01a924,CF360X
Pib01a925,CF410A
Pib01a926,CH563ZZ
Pib01a927,7HY15B
Pib01a928,3ED78A
Pib01a929,9M9Q3QB
Pib01a930,CE278A
Pib01a931,3ED44A
Pib01a932,7Z481PA
Pib01a933,6C3G6PA
Pib01a934,CF256A
Pib01a935,8A2Q9QB
Pib01a936,496A8QB
Pib01a937,P2V70A
Pib01a938,7M654PA
Pib01a939,28C12A
Pib01a940,75Y77BB
Pib01a941,DF424B
Pib01a942,2I950B7
Pib01a943,CC640ZZ
Pib01a944,943S1PA
Pib01a945,9D6I6QB
Pib01a946,0K7L9QB
Pib01a947,6K9J2PA
Pib01a948,8K0X5QB
Pib01a949,DF434B
Pib01a950,DF433B
Pib01a951,6ZD21AA
Pib01a952,Z9M04A
Pib01a953,8T5Q4QB
Pib01a954,3YM15AA
Pib01a955,915M2QB
Pib01a956,G0L16B
Pib01a957,L0H25A
Pib01a958,780A7PA
Pib01a959,CZ123AA
Pib01a960,65S69C
Pib01a961,3JA82AA
Pib01a962,Z9M07A
Pib01a963,CF219A
Pib01a964,7Y6U2PA
Pib01a965,CE321A
Pib01a966,4FE54B
Pib01a967,CH648A
Pib01a968,9E3K3PA
Pib01a969,DG512B
Pib01a970,0E4O0QB
Pib01a971,M1S08BB
Pib01a972,7AE43BB
Pib01a973,6X3S5PA
Pib01a974,D0484B
Pib01a975,2WW32BB
Pib01a976,3WX36A
Pib01a977,7AE32BB
Pib01a978,509Q3B
Pib01a979,6ZD29AA
Pib01a980,8L155PA
Pib01a981,X2481Y
Pib01a982,A8Z96B
Pib01a983,F9J65A
Pib01a984,7N909AT
Pib01a985,746Y8QB
Pib01a986,9M255QB
Pib01a987,B16I0QB
Pib01a988,DC652B
Pib01a989,6X9M3PA
Pib01a990,M1T70BB
Pib01a991,CN636A
Pib01a992,9T680PA
Pib01a993,3ED51A
Pib01a994,DA242B
Pib01a995,789N9QB
Pib01a996,L0S24AA
Pib01a997,DF401B
Pib01a998,CZ184A
Pib01a999,7H0Y7PA
Pib01a1000,F9K02A
Pib01a1001,5L1W8QB
Pib01a1002,2G4Z5B
Pib01a1003,789N7QB
Pib01a1004,3YM19AA
Pib01a1005,8X059PA
Pib01a1006,8U1H6PA
Pib01a1007,6FW06A
Pib01a1008,CF503A
Pib01a1009,53P41A
Pib01a1010,CF212A
Pib01a1011,G0L13B
Pib01a1012,3A724B
Pib01a1013,75Y70BB
Pib01a1014,K4N81B
Pib01a1015,8L6K9QB
Pib01a1016,DA295B
Pib01a1017,F9K03A
Pib01a1018,L0S00AA
Pib01a1019,3E7R9PA
Pib01a1020,X3152B
Pib01a1021,5XG77B
Pib01a1022,3EK15A
Pib01a1023,CF281A
Pib01a1024,8L120PA
Pib01a1025,7P704PA
Pib01a1026,7Q863PA
Pib01a1027,0S302QB
Pib01a1028,4XY49B
Pib01a1029,DF366B
Pib01a1030,C9380A
Pib01a1031,DF091B
Pib01a1032,DG521B
Pib01a1033,4FE88B
Pib01a1034,8F6C5PA
Pib01a1035,8H438PA
Pib01a1036,CN053AA
Pib01a1037,8F8Z5PA
Pib01a1038,W2313A
Pib01a1039,DG344B
Pib01a1040,Y5F86BB
Pib01a1041,M1T34BB
Pib01a1042,4KB80BB
Pib01a1043,57E81QB
Pib01a1044,290U1BB
Pib01a1045,J3M70A
Pib01a1046,8Q7A9QB
Pib01a1047,DA247B
Pib01a1048,M0H51AA
Pib01a1049,C2P24AA
Pib01a1050,W2113X
Pib01a1051,4WF66A
Pib01a1052,CE311A
Pib01a1053,64W51AA
Pib01a1054,8L772QB
Pib01a1055,65P57A6
Pib01a1056,405W2C
Pib01a1057,8L129PA
Pib01a1058,CF512A
Pib01a1059,DG622B
Pib01a1060,P2V27A
Pib01a1061,4YC88B
Pib01a1062,Z7Y91A
Pib01a1063,0F4L9QB
Pib01a1064,CZ136A
Pib01a1065,CB543A
Pib01a1066,854B2QB
Pib01a1067,4XY47B
Pib01a1068,088Q1QB
Pib01a1069,K4N70B
Pib01a1070,DS423BB
Pib01a1071,G0L26B
Pib01a1072,8QT95B
Pib01a1073,7Y6U8PA
Pib01a1074,DG473Y
Pib01a1075,A00PNPA
Pib01a1076,9G9A6QB
Pib01a1077,DO736BB
Pib01a1078,DF421B
Pib01a1079,9E3K9PA
Pib01a1080,M1T68BB
Pib01a1081,CN635A
Pib01a1082,A45Y6PA
Pib01a1083,3Z0I3B
Pib01a1084,DA748BB
Pib01a1085,X2214BE
Pib01a1086,Z7Y80A
Pib01a1087,W1335X
Pib01a1088,92C58QB
Pib01a1089,8K291QB
Pib01a1090,6GX06A
Pib01a1091,DC653B
Pib01a1092,9I6E5QB
Pib01a1093,D0491B
Pib01a1094,0R0N7QB
Pib01a1095,M4V55B
Pib01a1096,6UU47A
Pib01a1097,8X586QB
Pib01a1098,67W19PA
Pib01a1099,7G078QB
Pib01a1100,G7W37BB
Pib01a1101,CN625AA
Pib01a1102,X2571B
Pib01a1103,T6L93AA
Pib01a1104,2E2Y4A6
Pib01a1105,9Z835PA
Pib01a1106,DA245B
Pib01a1107,9L9K2QB
Pib01a1108,J3M69A
Pib01a1109,9T8K6PA
Pib01a1110,X3103B
Pib01a1111,D5921B
Pib01a1112,DO730B
Pib01a1113,DF425B
Pib01a1114,DG323B
Pib01a1115,DO158BB
Pib01a1116,7Y4X4QB
Pib01a1117,M3874B
Pib01a1118,3X064QB
Pib01a1119,3WX35A
Pib01a1120,C9371A
Pib01a1121,CH647A
Pib01a1122,7Y0R1QB
Pib01a1123,3ED79A
Pib01a1124,8Q815QB
Pib01a1125,DG624B
Pib01a1126,Q5949A
Pib01a1127,CE312A
Pib01a1128,U9X29B
Pib01a1129,7L377PA
Pib01a1130,U9X26B
Pib01a1131,714Z9A
Pib01a1132,Q7553A
Pib01a1133,5C5M4PA
Pib01a1134,X4E75AA
Pib01a1135,8F8Z6PA
Pib01a1136,0V3D2QB
Pib01a1137,8F8Z0PA
Pib01a1138,CB540A
Pib01a1139,7K659PA
Pib01a1140,1PV87A
Pib01a1141,492V5B
Pib01a1142,D3Q36BB
Pib01a1143,3YP94AA
Pib01a1144,55W95QB
Pib01a1145,701H5PA
Pib01a1146,DA235BB
Pib01a1147,821P0PA
Pib01a1148,DG474Y
Pib01a1149,CF352A
Pib01a1150,Z7Y72A
Pib01a1151,64X69AA
Pib01a1152,B56Z8QB
Pib01a1153,B11QOQB
Pib01a1154,9G9Z0QB
Pib01a1155,C4Q20B
Pib01a1156,169L0AA
Pib01a1157,DG474B
Pib01a1158,891B6QB
Pib01a1159,6KD26A
Pib01a1160,CZ638AA
Pib01a1161,7Q6Z3PA
Pib01a1162,CZ134A
Pib01a1163,932N4QB
Pib01a1164,9X3L6PA
Pib01a1165,CE390A
Pib01a1166,DG511B
Pib01a1167,834T9PA
Pib01a1168,8L152PA
Pib01a1169,6K9C3PA
Pib01a1170,M1T74BB
Pib01a1171,9W6U6PA
Pib01a1172,DI673AA
Pib01a1173,DG463B
Pib01a1174,J3M71A
Pib01a1175,8XR17C
Pib01a1176,R8664B
Pib01a1177,3D4L3A
Pib01a1178,DF513B
Pib01a1179,8C5H5PA
Pib01a1180,7K667PA
Pib01a1181,CN629A
Pib01a1182,W2040A
Pib01a1183,W1520A
Pib01a1184,9Y2U9QB
Pib01a1185,92U91QB
Pib01a1186,W2111A
Pib01a1187,61N73QB
Pib01a1188,CF341A
Pib01a1189,746B5QB
Pib01a1190,9M263QB
Pib01a1191,8Q814QB
Pib01a1192,L0S03AA
Pib01a1193,U7N12BB
Pib01a1194,M1T14BB
Pib01a1195,DI758B
Pib01a1196,2Z633A
Pib01a1197,8LX67B
Pib01a1198,DG367Y
Pib01a1199,Y5F80BB
Pib01a1200,8U6Y8PA
Pib01a1201,843D2PA
Pib01a1202,6X4B5PA
Pib01a1203,CF277A
Pib01a1204,3YM76AA
Pib01a1205,X3223B
Pib01a1206,CN692AA
Pib01a1207,9G7D5QB
Pib01a1208,5HB10A
Pib01a1209,7E9H0B7
Pib01a1210,7J174PA
Pib01a1211,4ZQ05BB
Pib01a1212,CF230A
Pib01a1213,8M144QB
Pib01a1214,8T5O8QB
Pib01a1215,D0482B
Pib01a1216,X3424B
Pib01a1217,9M257QB
Pib01a1218,A0EH4PA
Pib01a1219,M1I36B
Pib01a1220,9G7D6QB
Pib01a1221,65S61C
Pib01a1222,X3421B
Pib01a1223,CE740A
Pib01a1224,CF403A
Pib01a1225,8QT93B
Pib01a1226,C9384A
Pib01a1227,M1T11BB
Pib01a1228,64V81AA
Pib01a1229,3WX37A
Pib01a1230,8L3Q8QB
Pib01a1231,T6L97AA
Pib01a1232,498P2A
Pib01a1233,3WX38A
Pib01a1234,DI675AA
Pib01a1235,7K1G3PA
Pib01a1236,L3U44A
Pib01a1237,9V2I7QB
Pib01a1238,CF232A
Pib01a1239,6C3G2PA
Pib01a1240,CZ107AA
Pib01a1241,7M1M2QB
Pib01a1242,2G4X4B
Pib01a1243,6H1X2PA
Pib01a1244,A00PPPA
Pib01a1245,T6M13AA
Pib01a1246,4ZN83BB
Pib01a1247,9D5S0QB
Pib01a1248,8F6D4PA
Pib01a1249,67V50PA
Pib01a1250,7K2P7PA
Pib01a1251,X3224Y
Pib01a1252,CE323A
Pib01a1253,DG343B
Pib01a1254,8C4R6PA
Pib01a1255,98C68QB
Pib01a1256,DG325B
Pib01a1257,X3104B
Pib01a1258,7VV59B
Pib01a1259,8U6Z7PA
Pib01a1260,7K1Z0QB
Pib01a1261,DI672AA
Pib01a1262,CF214A
Pib01a1263,C9373A
Pib01a1264,4E5M4B
Pib01a1265,F9K05A
Pib01a1266,7HX75B
Pib01a1267,3WX19A
Pib01a1268,W2093A
Pib01a1269,8N760QB
Pib01a1270,498N6A
Pib01a1271,C9352AA
Pib01a1272,X3411B
Pib01a1273,51A37BB
Pib01a1274,2H0N1AA
Pib01a1275,CN048AA
Pib01a1276,T6M17AA
Pib01a1277,80V95QB
Pib01a1278,3WX13A
Pib01a1279,490B2QB
Pib01a1280,916Y3QB
Pib01a1281,X4E78AA
Pib01a1282,715A5A
Pib01a1283,L2763A
Pib01a1284,D0569B
Pib01a1285,3YM73AA
Pib01a1286,4FL26B
Pib01a1287,F9K16A
Pib01a1288,DG476B
Pib01a1289,W2300A
Pib01a1290,8F6K1PA
Pib01a1291,DG339B
Pib01a1292,6ZD61AA
Pib01a1293,9V7Z2QB
Pib01a1294,2QW98B
Pib01a1295,8A2Q0QB
Pib01a1296,W1460X
Pib01a1297,7L856PA
Pib01a1298,8K2T6QB
Pib01a1299,7M1L0QB
Pib01a1300,6K9C5PA
Pib01a1301,6F967PA
Pib01a1302,515M8D
Pib01a1303,DG380B
Pib01a1304,X3412B
Pib01a1305,X3102B
Pib01a1306,CF365A
Pib01a1307,7D4H3QB
Pib01a1308,2Z634A
Pib01a1309,2G4Z3B
Pib01a1310,8L130PA
Pib01a1311,CF237A
Pib01a1312,B3P06A
Pib01a1313,7O5F3BB
Pib01a1314,B14DIQB
Pib01a1315,F6V20AA
Pib01a1316,5B9E5B
Pib01a1317,CF510A
Pib01a1318,P2V83A
Pib01a1319,0E4O6QB
Pib01a1320,8L8P2PA
Pib01a1321,954C7QB
Pib01a1322,81H51PA
Pib01a1323,8L2I5QB
Pib01a1324,8L146PA
Pib01a1325,Q3W79B
Pib01a1326,8R7A3QB
Pib01a1327,2Z613A
Pib01a1328,3YP93AA
Pib01a1329,3ED43A
Pib01a1330,CN633A
Pib01a1331,0V211QB
Pib01a1332,1F3Y2A
Pib01a1333,4SB24A
Pib01a1334,7Y5C6QB
Pib01a1335,381U2A
Pib01a1336,CF213A
Pib01a1337,6IC17B
Pib01a1338,L0S09AA
Pib01a1339,8M967QB
Pib01a1340,4ZN29BB
Pib01a1341,6X9S0PA
Pib01a1342,DG321B
Pib01a1343,L0S54AA
Pib01a1344,DG398B
Pib01a1345,5TC35B
Pib01a1346,699K9C
Pib01a1347,T8W16A
Pib01a1348,3ED68A
Pib01a1349,4ZN84BB
Pib01a1350,DG345B
Pib01a1351,L0R97AA
Pib01a1352,DA241B
Pib01a1353,7J2M3PA
Pib01a1354,3WX07A
Pib01a1355,389A1PA
Pib01a1356,5HH65A
Pib01a1357,8F6D4PA
Pib01a1358,8L107PA
Pib01a1359,8L8P5PA
Pib01a1360,8Z7V7QB
Pib01a1361,DG514B
Pib01a1362,8I1Z8QB
Pib01a1363,498N7A
Pib01a1364,B1FI5QB
Pib01a1365,CF231A
Pib01a1366,9G7E4QB
Pib01a1367,3WX21A
Pib01a1368,9D3P1PA
Pib01a1369,W2092A
Pib01a1370,4XY18B
Pib01a1371,CF380A
Pib01a1372,3A743B
Pib01a1373,CF413A
Pib01a1374,Z7Y88A
Pib01a1375,X2446Y
Pib01a1376,92Z21PA
Pib01a1377,743A1PA
Pib01a1378,0U9L9QB
Pib01a1379,4FE30B
Pib01a1380,3YP17AA
Pib01a1381,88Z16PA
Pib01a1382,9M258QB
Pib01a1383,W3Z72A
Pib01a1384,7J180PA
Pib01a1385,6K7U2PA
Pib01a1386,4YC89B
Pib01a1387,8L4X0BB
Pib01a1388,6II76B
Pib01a1389,Y5F89BB
Pib01a1390,DA219BB
Pib01a1391,8U6Z2PA
Pib01a1392,61N74QB
Pib01a1393,A0N18B
Pib01a1394,81H48PA
Pib01a1395,P2V62A
Pib01a1396,M1T35BB
Pib01a1397,DD499B
Pib01a1398,G0K89B
Pib01a1399,0X7V7QB
Pib01a1400,3JA78AA
Pib01a1401,CE285A
Pib01a1402,M1S99BB
Pib01a1403,9Y160QB
Pib01a1404,5L1W0QB
Pib01a1405,8U6Y1PA
Pib01a1406,9U100PA
Pib01a1407,5AC07B
Pib01a1408,L3U43A
Pib01a1409,7P703PA
Pib01a1410,CF363X
Pib01a1411,7D4H2QB
Pib01a1412,678M8PA
Pib01a1413,5SE26B
Pib01a1414,M1T10BB
Pib01a1415,6L0L0PA
Pib01a1416,92I59QB
Pib01a1417,7H786QB
Pib01a1418,537P5C
Pib01a1419,8R7Z0QB
Pib01a1420,C2P22AA
Pib01a1421,92I62QB
Pib01a1422,DF854B
Pib01a1423,1H849A6
Pib01a1424,6N4D6AA
Pib01a1425,0E1L8QB
Pib01a1426,C9406A
Pib01a1427,D0515B
Pib01a1428,782M0PA
Pib01a1429,T6L89AA
Pib01a1430,6II59B
Pib01a1431,7K3W9AA
Pib01a1432,782N1PA
Pib01a1433,4A8D9A
Pib01a1434,9G5D6QB
Pib01a1435,D3Q16BB
Pib01a1436,3JA79AA
Pib01a1437,9Y0Y6PA
Pib01a1438,M1T71BB
Pib01a1439,6N6E9AA
Pib01a1440,F9K15A
Pib01a1441,8A592QB
Pib01a1442,CH561ZZ
Pib01a1443,9Z7A9QB
Pib01a1444,90N54PA
Pib01a1445,75X52BB
Pib01a1446,02S12QB
Pib01a1447,X2215B
Pib01a1448,7VV58B
Pib01a1449,3JA77AA
Pib01a1450,D3Q35BB
Pib01a1451,3WX15A
Pib01a1452,DA285B
Pib01a1453,8Y6Z8PA
Pib01a1454,843B6PA
Pib01a1455,L0R94AA
Pib01a1456,A0N12B
Pib01a1457,8M146QB
Pib01a1458,9Z090QB
Pib01a1459,DI676B
Pib01a1460,92U80QB
Pib01a1461,U7M04BB
Pib01a1462,8R7A4QB
Pib01a1463,C4810A
Pib01a1464,W2113A
Pib01a1465,G0L27B
Pib01a1466,DF852B
Pib01a1467,CE515A
Pib01a1468,9Q9M6PA
Pib01a1469,8R7A1QB
Pib01a1470,7AE42BB
Pib01a1471,7Y6U6PA
Pib01a1472,CN047AA
Pib01a1473,3YM70AA
Pib01a1474,7P6Z8PA
Pib01a1475,CZ135A
Pib01a1476,780A6PA
Pib01a1477,87G01PA
Pib01a1478,4ZN33BB
Pib01a1479,CF279A
Pib01a1480,0A946QB
Pib01a1481,40Z26AA
Pib01a1482,Z7Y90A
Pib01a1483,5T7Y6QB
Pib01a1484,DF389BG
Pib01a1485,9W6U8PA
Pib01a1486,L0S60AA
Pib01a1487,3ED49A
Pib01a1488,Q2612A
Pib01a1489,9BG56B
Pib01a1490,95I64QB
Pib01a1491,Z7Y85A
Pib01a1492,T6M09AA
Pib01a1493,DO744B
Pib01a1494,DI757B
Pib01a1495,C2P25AA
Pib01a1496,4ZN87BB
Pib01a1497,7Q6Z8PA
Pib01a1498,4FE55B
Pib01a1499,9R4Y6QB
Pib01a1500,9BG63B
Pib01a1501,7D4H7QB
Pib01a1502,95K19QB
Pib01a1503,D3Q32BB
Pib01a1504,7K3U9QB
Pib01a1505,7P0W4PA
Pib01a1506,4K0V7PA
Pib01a1507,3EK13A
Pib01a1508,A03CKPA
Pib01a1509,7Y6U1PA
Pib01a1510,5Z1M3FD
Pib01a1511,9R4N9PA
Pib01a1512,3WX06A
Pib01a1513,8F4C9PA
Pib01a1514,W2302A
Pib01a1515,7GX18B
Pib01a1516,CF411A
Pib01a1517,G0K78B
Pib01a1518,CE313A
Pib01a1519,CH645A
Pib01a1520,CE402A
Pib01a1521,8F6K2PA
Pib01a1522,65P59A6
Pib01a1523,CF351A
Pib01a1524,C9372A
Pib01a1525,9G7D9QB
Pib01a1526,X2223B
Pib01a1527,467E7BB
Pib01a1528,DD754AA
Pib01a1529,CR312AA
Pib01a1530,9V7A8QB
Pib01a1531,9C9E1PA
Pib01a1532,DG391B
Pib01a1533,893O1QB
Pib01a1534,7K5J8PA
Pib01a1535,31H16B
Pib01a1536,CZ130A
Pib01a1537,4FE80B
Pib01a1538,B56Z7QB
Pib01a1539,99A27QB
Pib01a1540,CF362X
Pib01a1541,7Z1P8PA
Pib01a1542,D3Q31BB
Pib01a1543,31H18B
Pib01a1544,67U65PA
Pib01a1545,6C3G1PA
Pib01a1546,4KB88BB
Pib01a1547,8Y0L1QB
Pib01a1548,X2771B
Pib01a1549,3SN93B
Pib01a1550,6J0Y9PA
Pib01a1551,7KW56A
Pib01a1552,DF432B
Pib01a1553,4Y0L2EC
Pib01a1554,8Z7V0QB
Pib01a1555,7QB61B5
Pib01a1556,B11QRQB
Pib01a1557,4ZN81BB
Pib01a1558,8F4C5PA
Pib01a1559,5AC06B
Pib01a1560,C2P06AA
Pib01a1561,8Z7V2QB
Pib01a1562,9R291PA
Pib01a1563,9V7Y9QB
Pib01a1564,9V7Z9QB
Pib01a1565,Z9M01A
Pib01a1566,699M4E
Pib01a1567,9M256QB
Pib01a1568,7N760PA
Pib01a1569,X2214B
Pib01a1570,7Q6Z2PA
Pib01a1571,4XY24B
Pib01a1572,6L0K9PA
Pib01a1573,P2V25A
Pib01a1574,Z7Y73A
Pib01a1575,8F8Z3PA
Pib01a1576,9G7L2QB
Pib01a1577,676M6A
Pib01a1578,1F3Y4A
Pib01a1579,CF359A
Pib01a1580,Z9M02A
Pib01a1581,DO703BB
Pib01a1582,7K1Q6QB
Pib01a1583,M0H50AA
Pib01a1584,L0S57AA
Pib01a1585,3WX08A
Pib01a1586,9I549QB
Pib01a1587,4XY26B
Pib01a1588,8F6D3PA
Pib01a1589,D3Q18BB
Pib01a1590,635X7PA
Pib01a1591,W1580X
Pib01a1592,77S54PA
Pib01a1593,0E4N8QB
Pib01a1594,4KB93BB
Pib01a1595,X2231B
Pib01a1596,B3P21A
Pib01a1597,78X20QB
Pib01a1598,CF364A
